statement,metric,source_tag,value,unit,start_date,end_date,filed_date,form,period_type
cash_flow,business_acquisitions,PaymentsToAcquireBusinessesNetOfCashAcquired,493493000.0,USD,2007-01-01,2007-12-31,2010-02-19,10-K,duration
cash_flow,business_acquisitions,PaymentsToAcquireBusinessesNetOfCashAcquired,266093000.0,USD,2008-01-01,2008-06-30,2009-08-03,10-Q,duration
cash_flow,business_acquisitions,PaymentsToAcquireBusinessesNetOfCashAcquired,262347000.0,USD,2008-01-01,2008-09-30,2009-11-03,10-Q,duration
cash_flow,business_acquisitions,PaymentsToAcquireBusinessesNetOfCashAcquired,422915000.0,USD,2008-01-01,2008-12-31,2010-02-19,10-K,duration
cash_flow,business_acquisitions,PaymentsToAcquireBusinessesNetOfCashAcquired,422915000.0,USD,2008-01-01,2008-12-31,2011-02-18,10-K,duration
cash_flow,business_acquisitions,PaymentsToAcquireBusinessesNetOfCashAcquired,422915000.0,USD,2008-01-01,2008-12-31,2011-10-20,8-K,duration
cash_flow,business_acquisitions,BusinessAcquisitionCostOfAcquiredEntityCashPaid,225000000.0,USD,,2008-12-31,2011-02-18,10-K,instant
cash_flow,business_acquisitions,PaymentsToAcquireBusinessesNetOfCashAcquired,12367000.0,USD,2009-01-01,2009-03-31,2010-04-27,10-Q,duration
cash_flow,business_acquisitions,PaymentsToAcquireBusinessesNetOfCashAcquired,12367000.0,USD,2009-01-01,2009-06-30,2009-08-03,10-Q,duration
cash_flow,business_acquisitions,PaymentsToAcquireBusinessesNetOfCashAcquired,12367000.0,USD,2009-01-01,2009-06-30,2010-08-02,10-Q,duration
cash_flow,business_acquisitions,PaymentsToAcquireBusinessesNetOfCashAcquired,12436000.0,USD,2009-01-01,2009-09-30,2009-11-03,10-Q,duration
cash_flow,business_acquisitions,PaymentsToAcquireBusinessesNetOfCashAcquired,12436000.0,USD,2009-01-01,2009-09-30,2010-11-01,10-Q,duration
cash_flow,business_acquisitions,PaymentsToAcquireBusinessesNetOfCashAcquired,12436000.0,USD,2009-01-01,2009-12-31,2010-02-19,10-K,duration
cash_flow,business_acquisitions,PaymentsToAcquireBusinessesNetOfCashAcquired,12436000.0,USD,2009-01-01,2009-12-31,2011-02-18,10-K,duration
cash_flow,business_acquisitions,PaymentsToAcquireBusinessesNetOfCashAcquired,12436000.0,USD,2009-01-01,2009-12-31,2011-10-20,8-K,duration
cash_flow,business_acquisitions,PaymentsToAcquireBusinessesNetOfCashAcquired,12000000.0,USD,2009-01-01,2009-12-31,2012-02-24,10-K,duration
cash_flow,business_acquisitions,PaymentsToAcquireBusinessesNetOfCashAcquired,0.0,USD,2010-01-01,2010-03-31,2010-04-27,10-Q,duration
cash_flow,business_acquisitions,PaymentsToAcquireBusinessesNetOfCashAcquired,0.0,USD,2010-01-01,2010-03-31,2011-05-03,10-Q,duration
cash_flow,business_acquisitions,PaymentsToAcquireBusinessesNetOfCashAcquired,1669000.0,USD,2010-01-01,2010-06-30,2010-08-02,10-Q,duration
cash_flow,business_acquisitions,PaymentsToAcquireBusinessesNetOfCashAcquired,1669000.0,USD,2010-01-01,2010-06-30,2011-08-01,10-Q,duration
cash_flow,business_acquisitions,PaymentsToAcquireBusinessesNetOfCashAcquired,10120000.0,USD,2010-01-01,2010-09-30,2010-11-01,10-Q,duration
cash_flow,business_acquisitions,PaymentsToAcquireBusinessesNetOfCashAcquired,10120000.0,USD,2010-01-01,2010-09-30,2011-10-31,10-Q,duration
cash_flow,business_acquisitions,BusinessAcquisitionCostOfAcquiredEntityCashPaid,8500000.0,USD,,2010-09-30,2010-11-01,10-Q,instant
cash_flow,business_acquisitions,PaymentsToAcquireBusinessesNetOfCashAcquired,832450000.0,USD,2010-01-01,2010-12-31,2011-02-18,10-K,duration
cash_flow,business_acquisitions,PaymentsToAcquireBusinessesNetOfCashAcquired,832450000.0,USD,2010-01-01,2010-12-31,2011-10-20,8-K,duration
cash_flow,business_acquisitions,PaymentsToAcquireBusinessesNetOfCashAcquired,833000000.0,USD,2010-01-01,2010-12-31,2012-02-24,10-K,duration
cash_flow,business_acquisitions,PaymentsToAcquireBusinessesNetOfCashAcquired,833000000.0,USD,2010-01-01,2010-12-31,2013-02-22,10-K,duration
cash_flow,business_acquisitions,PaymentsToAcquireBusinessesNetOfCashAcquired,5000000.0,USD,2011-01-01,2011-03-31,2011-05-03,10-Q,duration
cash_flow,business_acquisitions,PaymentsToAcquireBusinessesNetOfCashAcquired,5000000.0,USD,2011-01-01,2011-03-31,2012-04-30,10-Q,duration
cash_flow,business_acquisitions,PaymentsToAcquireBusinessesNetOfCashAcquired,10952000.0,USD,2011-01-01,2011-06-30,2011-08-01,10-Q,duration
cash_flow,business_acquisitions,PaymentsToAcquireBusinessesNetOfCashAcquired,11000000.0,USD,2011-01-01,2011-06-30,2012-08-01,10-Q,duration
cash_flow,business_acquisitions,PaymentsToAcquireBusinessesNetOfCashAcquired,13652000.0,USD,2011-01-01,2011-09-30,2011-10-31,10-Q,duration
cash_flow,business_acquisitions,PaymentsToAcquireBusinessesNetOfCashAcquired,14000000.0,USD,2011-01-01,2011-09-30,2012-11-05,10-Q,duration
cash_flow,business_acquisitions,PaymentsToAcquireBusinessesNetOfCashAcquired,226000000.0,USD,2011-01-01,2011-12-31,2012-02-24,10-K,duration
cash_flow,business_acquisitions,PaymentsToAcquireBusinessesNetOfCashAcquired,226000000.0,USD,2011-01-01,2011-12-31,2013-02-22,10-K,duration
cash_flow,business_acquisitions,PaymentsToAcquireBusinessesNetOfCashAcquired,226000000.0,USD,2011-01-01,2011-12-31,2014-02-19,10-K,duration
cash_flow,business_acquisitions,PaymentsToAcquireBusinessesNetOfCashAcquired,226000000.0,USD,2011-01-01,2011-12-31,2014-09-16,8-K,duration
cash_flow,business_acquisitions,PaymentsToAcquireBusinessesNetOfCashAcquired,56000000.0,USD,2012-01-01,2012-03-31,2012-04-30,10-Q,duration
cash_flow,business_acquisitions,PaymentsToAcquireBusinessesNetOfCashAcquired,56000000.0,USD,2012-01-01,2012-03-31,2013-05-01,10-Q,duration
cash_flow,business_acquisitions,PaymentsToAcquireBusinessesNetOfCashAcquired,76000000.0,USD,2012-01-01,2012-06-30,2012-08-01,10-Q,duration
cash_flow,business_acquisitions,PaymentsToAcquireBusinessesNetOfCashAcquired,76000000.0,USD,2012-01-01,2012-06-30,2013-07-31,10-Q,duration
cash_flow,business_acquisitions,PaymentsToAcquireBusinessesNetOfCashAcquired,288000000.0,USD,2012-01-01,2012-09-30,2012-11-05,10-Q,duration
cash_flow,business_acquisitions,PaymentsToAcquireBusinessesNetOfCashAcquired,288000000.0,USD,2012-01-01,2012-09-30,2013-11-06,10-Q,duration
cash_flow,business_acquisitions,PaymentsToAcquireBusinessesNetOfCashAcquired,1235000000.0,USD,2012-01-01,2012-12-31,2013-02-22,10-K,duration
cash_flow,business_acquisitions,PaymentsToAcquireBusinessesNetOfCashAcquired,1235000000.0,USD,2012-01-01,2012-12-31,2014-02-19,10-K,duration
cash_flow,business_acquisitions,PaymentsToAcquireBusinessesNetOfCashAcquired,1235000000.0,USD,2012-01-01,2012-12-31,2014-09-16,8-K,duration
cash_flow,business_acquisitions,PaymentsToAcquireBusinessesNetOfCashAcquired,1235000000.0,USD,2012-01-01,2012-12-31,2015-02-18,10-K,duration
cash_flow,business_acquisitions,PaymentsToAcquireBusinessesNetOfCashAcquired,1235000000.0,USD,2012-01-01,2012-12-31,2015-08-10,8-K,duration
cash_flow,business_acquisitions,PaymentsToAcquireBusinessesNetOfCashAcquired,5000000.0,USD,2013-01-01,2013-03-31,2013-05-01,10-Q,duration
cash_flow,business_acquisitions,PaymentsToAcquireBusinessesNetOfCashAcquired,5000000.0,USD,2013-01-01,2013-03-31,2014-05-07,10-Q,duration
cash_flow,business_acquisitions,PaymentsToAcquireBusinessesNetOfCashAcquired,12000000.0,USD,2013-01-01,2013-06-30,2013-07-31,10-Q,duration
cash_flow,business_acquisitions,PaymentsToAcquireBusinessesNetOfCashAcquired,12000000.0,USD,2013-01-01,2013-06-30,2014-07-30,10-Q,duration
cash_flow,business_acquisitions,PaymentsToAcquireBusinessesNetOfCashAcquired,161000000.0,USD,2013-01-01,2013-09-30,2013-11-06,10-Q,duration
cash_flow,business_acquisitions,PaymentsToAcquireBusinessesNetOfCashAcquired,161000000.0,USD,2013-01-01,2013-09-30,2014-11-07,10-Q,duration
cash_flow,business_acquisitions,PaymentsToAcquireBusinessesNetOfCashAcquired,187000000.0,USD,2013-01-01,2013-12-31,2014-02-19,10-K,duration
cash_flow,business_acquisitions,PaymentsToAcquireBusinessesNetOfCashAcquired,187000000.0,USD,2013-01-01,2013-12-31,2014-09-16,8-K,duration
cash_flow,business_acquisitions,PaymentsToAcquireBusinessesNetOfCashAcquired,187000000.0,USD,2013-01-01,2013-12-31,2015-02-18,10-K,duration
cash_flow,business_acquisitions,PaymentsToAcquireBusinessesNetOfCashAcquired,187000000.0,USD,2013-01-01,2013-12-31,2015-08-10,8-K,duration
cash_flow,business_acquisitions,PaymentsToAcquireBusinessesNetOfCashAcquired,187000000.0,USD,2013-01-01,2013-12-31,2016-02-18,10-K,duration
cash_flow,business_acquisitions,PaymentsToAcquireBusinessesNetOfCashAcquired,6000000.0,USD,2014-01-01,2014-03-31,2014-05-07,10-Q,duration
cash_flow,business_acquisitions,PaymentsToAcquireBusinessesNetOfCashAcquired,6000000.0,USD,2014-01-01,2014-03-31,2015-04-29,10-Q,duration
cash_flow,business_acquisitions,PaymentsToAcquireBusinessesNetOfCashAcquired,3000000.0,USD,2014-01-01,2014-06-30,2014-07-30,10-Q,duration
cash_flow,business_acquisitions,PaymentsToAcquireBusinessesNetOfCashAcquired,3000000.0,USD,2014-01-01,2014-06-30,2015-07-29,10-Q,duration
cash_flow,business_acquisitions,PaymentsToAcquireBusinessesNetOfCashAcquired,3000000.0,USD,2014-01-01,2014-09-30,2014-11-07,10-Q,duration
cash_flow,business_acquisitions,PaymentsToAcquireBusinessesNetOfCashAcquired,3000000.0,USD,2014-01-01,2014-09-30,2015-11-06,10-Q,duration
cash_flow,business_acquisitions,PaymentsToAcquireBusinessesNetOfCashAcquired,18000000.0,USD,2014-01-01,2014-12-31,2015-02-18,10-K,duration
cash_flow,business_acquisitions,PaymentsToAcquireBusinessesNetOfCashAcquired,18000000.0,USD,2014-01-01,2014-12-31,2015-08-10,8-K,duration
cash_flow,business_acquisitions,PaymentsToAcquireBusinessesNetOfCashAcquired,18000000.0,USD,2014-01-01,2014-12-31,2016-02-18,10-K,duration
cash_flow,business_acquisitions,PaymentsToAcquireBusinessesNetOfCashAcquired,18000000.0,USD,2014-01-01,2014-12-31,2017-02-17,10-K,duration
cash_flow,business_acquisitions,PaymentsToAcquireBusinessesNetOfCashAcquired,18000000.0,USD,2014-01-01,2014-12-31,2017-12-14,8-K,duration
cash_flow,business_acquisitions,PaymentsToAcquireBusinessesNetOfCashAcquired,0.0,USD,2015-01-01,2015-03-31,2015-04-29,10-Q,duration
cash_flow,business_acquisitions,PaymentsToAcquireBusinessesNetOfCashAcquired,38000000.0,USD,2015-01-01,2015-06-30,2015-07-29,10-Q,duration
cash_flow,business_acquisitions,PaymentsToAcquireBusinessesNetOfCashAcquired,38000000.0,USD,2015-01-01,2015-06-30,2016-08-03,10-Q,duration
cash_flow,business_acquisitions,PaymentsToAcquireBusinessesNetOfCashAcquired,38000000.0,USD,2015-01-01,2015-09-30,2015-11-06,10-Q,duration
cash_flow,business_acquisitions,PaymentsToAcquireBusinessesNetOfCashAcquired,38000000.0,USD,2015-01-01,2015-09-30,2016-11-04,10-Q,duration
cash_flow,business_acquisitions,PaymentsToAcquireBusinessesNetOfCashAcquired,38000000.0,USD,2015-01-01,2015-12-31,2016-02-18,10-K,duration
cash_flow,business_acquisitions,PaymentsToAcquireBusinessesNetOfCashAcquired,38000000.0,USD,2015-01-01,2015-12-31,2017-02-17,10-K,duration
cash_flow,business_acquisitions,PaymentsToAcquireBusinessesNetOfCashAcquired,38000000.0,USD,2015-01-01,2015-12-31,2017-12-14,8-K,duration
cash_flow,business_acquisitions,PaymentsToAcquireBusinessesNetOfCashAcquired,38000000.0,USD,2015-01-01,2015-12-31,2018-02-16,10-K,duration
cash_flow,business_acquisitions,PaymentsToAcquireBusinessesNetOfCashAcquired,0.0,USD,2016-01-01,2016-03-31,2017-05-03,10-Q,duration
cash_flow,business_acquisitions,PaymentsToAcquireBusinessesNetOfCashAcquired,1000000.0,USD,2016-01-01,2016-06-30,2016-08-03,10-Q,duration
cash_flow,business_acquisitions,PaymentsToAcquireBusinessesNetOfCashAcquired,1000000.0,USD,2016-01-01,2016-06-30,2017-08-02,10-Q,duration
cash_flow,business_acquisitions,PaymentsToAcquireBusinessesNetOfCashAcquired,7000000.0,USD,2016-01-01,2016-09-30,2016-11-04,10-Q,duration
cash_flow,business_acquisitions,PaymentsToAcquireBusinessesNetOfCashAcquired,7000000.0,USD,2016-01-01,2016-09-30,2017-11-08,10-Q,duration
cash_flow,business_acquisitions,PaymentsToAcquireBusinessesNetOfCashAcquired,7000000.0,USD,2016-01-01,2016-12-31,2017-02-17,10-K,duration
cash_flow,business_acquisitions,PaymentsToAcquireBusinessesNetOfCashAcquired,7000000.0,USD,2016-01-01,2016-12-31,2017-12-14,8-K,duration
cash_flow,business_acquisitions,PaymentsToAcquireBusinessesNetOfCashAcquired,7000000.0,USD,2016-01-01,2016-12-31,2018-02-16,10-K,duration
cash_flow,business_acquisitions,PaymentsToAcquireBusinessesNetOfCashAcquired,7000000.0,USD,2016-01-01,2016-12-31,2019-02-21,10-K,duration
cash_flow,business_acquisitions,PaymentsToAcquireBusinessesNetOfCashAcquired,7000000.0,USD,2017-01-01,2017-03-31,2017-05-03,10-Q,duration
cash_flow,business_acquisitions,PaymentsToAcquireBusinessesNetOfCashAcquired,7000000.0,USD,2017-01-01,2017-03-31,2018-05-02,10-Q,duration
cash_flow,business_acquisitions,PaymentsToAcquireBusinessesNetOfCashAcquired,9000000.0,USD,2017-01-01,2017-06-30,2017-08-02,10-Q,duration
cash_flow,business_acquisitions,PaymentsToAcquireBusinessesNetOfCashAcquired,9000000.0,USD,2017-01-01,2017-06-30,2018-08-01,10-Q,duration
cash_flow,business_acquisitions,PaymentsToAcquireBusinessesNetOfCashAcquired,10000000.0,USD,2017-01-01,2017-09-30,2017-11-08,10-Q,duration
cash_flow,business_acquisitions,PaymentsToAcquireBusinessesNetOfCashAcquired,10000000.0,USD,2017-01-01,2017-09-30,2018-11-07,10-Q,duration
cash_flow,business_acquisitions,PaymentsToAcquireBusinessesNetOfCashAcquired,31000000.0,USD,2017-01-01,2017-12-31,2018-02-16,10-K,duration
cash_flow,business_acquisitions,PaymentsToAcquireBusinessesNetOfCashAcquired,31000000.0,USD,2017-01-01,2017-12-31,2019-02-21,10-K,duration
cash_flow,business_acquisitions,PaymentsToAcquireBusinessesNetOfCashAcquired,31000000.0,USD,2017-01-01,2017-12-31,2020-02-20,10-K,duration
cash_flow,business_acquisitions,PaymentsToAcquireBusinessesNetOfCashAcquired,169000000.0,USD,2018-01-01,2018-03-31,2018-05-02,10-Q,duration
cash_flow,business_acquisitions,PaymentsToAcquireBusinessesNetOfCashAcquired,169000000.0,USD,2018-01-01,2018-03-31,2019-05-01,10-Q,duration
cash_flow,business_acquisitions,PaymentsToAcquireBusinessesNetOfCashAcquired,354000000.0,USD,2018-01-01,2018-06-30,2018-08-01,10-Q,duration
cash_flow,business_acquisitions,PaymentsToAcquireBusinessesNetOfCashAcquired,354000000.0,USD,2018-01-01,2018-06-30,2019-07-31,10-Q,duration
cash_flow,business_acquisitions,PaymentsToAcquireBusinessesNetOfCashAcquired,354000000.0,USD,2018-01-01,2018-09-30,2018-11-07,10-Q,duration
cash_flow,business_acquisitions,PaymentsToAcquireBusinessesNetOfCashAcquired,354000000.0,USD,2018-01-01,2018-09-30,2019-11-06,10-Q,duration
cash_flow,business_acquisitions,PaymentsToAcquireBusinessesNetOfCashAcquired,354000000.0,USD,2018-01-01,2018-12-31,2019-02-21,10-K,duration
cash_flow,business_acquisitions,PaymentsToAcquireBusinessesNetOfCashAcquired,354000000.0,USD,2018-01-01,2018-12-31,2020-02-20,10-K,duration
cash_flow,business_acquisitions,PaymentsToAcquireBusinessesNetOfCashAcquired,354000000.0,USD,2018-01-01,2018-12-31,2021-02-18,10-K,duration
cash_flow,business_acquisitions,PaymentsToAcquireBusinessesNetOfCashAcquired,0.0,USD,2019-01-01,2019-03-31,2019-05-01,10-Q,duration
cash_flow,business_acquisitions,PaymentsToAcquireBusinessesNetOfCashAcquired,0.0,USD,2019-01-01,2019-03-31,2020-04-29,10-Q,duration
cash_flow,business_acquisitions,PaymentsToAcquireBusinessesNetOfCashAcquired,0.0,USD,2019-01-01,2019-06-30,2019-07-31,10-Q,duration
cash_flow,business_acquisitions,PaymentsToAcquireBusinessesNetOfCashAcquired,0.0,USD,2019-01-01,2019-06-30,2020-08-05,10-Q,duration
cash_flow,business_acquisitions,PaymentsToAcquireBusinessesNetOfCashAcquired,0.0,USD,2019-01-01,2019-09-30,2019-11-06,10-Q,duration
cash_flow,business_acquisitions,PaymentsToAcquireBusinessesNetOfCashAcquired,0.0,USD,2019-01-01,2019-09-30,2020-11-03,10-Q,duration
cash_flow,business_acquisitions,PaymentsToAcquireBusinessesNetOfCashAcquired,0.0,USD,2019-01-01,2019-12-31,2020-02-20,10-K,duration
cash_flow,business_acquisitions,PaymentsToAcquireBusinessesNetOfCashAcquired,0.0,USD,2019-01-01,2019-12-31,2021-02-18,10-K,duration
cash_flow,business_acquisitions,PaymentsToAcquireBusinessesNetOfCashAcquired,0.0,USD,2019-01-01,2019-12-31,2022-02-17,10-K,duration
cash_flow,business_acquisitions,PaymentsToAcquireBusinessesNetOfCashAcquired,709000000.0,USD,2020-01-01,2020-03-31,2020-04-29,10-Q,duration
cash_flow,business_acquisitions,PaymentsToAcquireBusinessesNetOfCashAcquired,709000000.0,USD,2020-01-01,2020-03-31,2021-04-28,10-Q,duration
cash_flow,business_acquisitions,PaymentsToAcquireBusinessesNetOfCashAcquired,709000000.0,USD,2020-01-01,2020-06-30,2020-08-05,10-Q,duration
cash_flow,business_acquisitions,PaymentsToAcquireBusinessesNetOfCashAcquired,709000000.0,USD,2020-01-01,2020-06-30,2021-07-28,10-Q,duration
cash_flow,business_acquisitions,PaymentsToAcquireBusinessesNetOfCashAcquired,709000000.0,USD,2020-01-01,2020-09-30,2020-11-03,10-Q,duration
cash_flow,business_acquisitions,PaymentsToAcquireBusinessesNetOfCashAcquired,709000000.0,USD,2020-01-01,2020-09-30,2021-11-03,10-Q,duration
cash_flow,business_acquisitions,PaymentsToAcquireBusinessesNetOfCashAcquired,709000000.0,USD,2020-01-01,2020-12-31,2021-02-18,10-K,duration
cash_flow,business_acquisitions,PaymentsToAcquireBusinessesNetOfCashAcquired,709000000.0,USD,2020-01-01,2020-12-31,2022-02-17,10-K,duration
cash_flow,business_acquisitions,PaymentsToAcquireBusinessesNetOfCashAcquired,709000000.0,USD,2020-01-01,2020-12-31,2023-02-16,10-K,duration
cash_flow,business_acquisitions,PaymentsToAcquireBusinessesNetOfCashAcquired,123000000.0,USD,2021-01-01,2021-03-31,2021-04-28,10-Q,duration
cash_flow,business_acquisitions,PaymentsToAcquireBusinessesNetOfCashAcquired,123000000.0,USD,2021-01-01,2021-03-31,2022-04-27,10-Q,duration
cash_flow,business_acquisitions,PaymentsToAcquireBusinessesNetOfCashAcquired,325000000.0,USD,2021-01-01,2021-06-30,2021-07-28,10-Q,duration
cash_flow,business_acquisitions,PaymentsToAcquireBusinessesNetOfCashAcquired,325000000.0,USD,2021-01-01,2021-06-30,2022-07-27,10-Q,duration
cash_flow,business_acquisitions,PaymentsToAcquireBusinessesNetOfCashAcquired,3959000000.0,USD,2021-01-01,2021-09-30,2021-11-03,10-Q,duration
cash_flow,business_acquisitions,PaymentsToAcquireBusinessesNetOfCashAcquired,3959000000.0,USD,2021-01-01,2021-09-30,2022-11-02,10-Q,duration
cash_flow,business_acquisitions,PaymentsToAcquireBusinessesNetOfCashAcquired,4187000000.0,USD,2021-01-01,2021-12-31,2022-02-17,10-K,duration
cash_flow,business_acquisitions,PaymentsToAcquireBusinessesNetOfCashAcquired,4187000000.0,USD,2021-01-01,2021-12-31,2023-02-16,10-K,duration
cash_flow,business_acquisitions,PaymentsToAcquireBusinessesNetOfCashAcquired,4187000000.0,USD,2021-01-01,2021-12-31,2024-02-15,10-K,duration
cash_flow,business_acquisitions,PaymentsToAcquireBusinessesNetOfCashAcquired,74000000.0,USD,2022-01-01,2022-03-31,2022-04-27,10-Q,duration
cash_flow,business_acquisitions,PaymentsToAcquireBusinessesNetOfCashAcquired,74000000.0,USD,2022-01-01,2022-03-31,2023-04-26,10-Q,duration
cash_flow,business_acquisitions,PaymentsToAcquireBusinessesNetOfCashAcquired,167000000.0,USD,2022-01-01,2022-06-30,2022-07-27,10-Q,duration
cash_flow,business_acquisitions,PaymentsToAcquireBusinessesNetOfCashAcquired,167000000.0,USD,2022-01-01,2022-06-30,2023-08-02,10-Q,duration
cash_flow,business_acquisitions,PaymentsToAcquireBusinessesNetOfCashAcquired,293000000.0,USD,2022-01-01,2022-09-30,2022-11-02,10-Q,duration
cash_flow,business_acquisitions,PaymentsToAcquireBusinessesNetOfCashAcquired,293000000.0,USD,2022-01-01,2022-09-30,2023-11-01,10-Q,duration
cash_flow,business_acquisitions,PaymentsToAcquireBusinessesNetOfCashAcquired,337000000.0,USD,2022-01-01,2022-12-31,2023-02-16,10-K,duration
cash_flow,business_acquisitions,PaymentsToAcquireBusinessesNetOfCashAcquired,337000000.0,USD,2022-01-01,2022-12-31,2024-02-15,10-K,duration
cash_flow,business_acquisitions,PaymentsToAcquireBusinessesNetOfCashAcquired,337000000.0,USD,2022-01-01,2022-12-31,2025-02-20,10-K,duration
cash_flow,business_acquisitions,PaymentsToAcquireBusinessesNetOfCashAcquired,73000000.0,USD,2023-01-01,2023-03-31,2023-04-26,10-Q,duration
cash_flow,business_acquisitions,PaymentsToAcquireBusinessesNetOfCashAcquired,73000000.0,USD,2023-01-01,2023-03-31,2024-04-24,10-Q,duration
cash_flow,business_acquisitions,PaymentsToAcquireBusinessesNetOfCashAcquired,189000000.0,USD,2023-01-01,2023-06-30,2023-08-02,10-Q,duration
cash_flow,business_acquisitions,PaymentsToAcquireBusinessesNetOfCashAcquired,189000000.0,USD,2023-01-01,2023-06-30,2024-07-31,10-Q,duration
cash_flow,business_acquisitions,PaymentsToAcquireBusinessesNetOfCashAcquired,223000000.0,USD,2023-01-01,2023-09-30,2023-11-01,10-Q,duration
cash_flow,business_acquisitions,PaymentsToAcquireBusinessesNetOfCashAcquired,223000000.0,USD,2023-01-01,2023-09-30,2024-10-30,10-Q,duration
cash_flow,business_acquisitions,PaymentsToAcquireBusinessesNetOfCashAcquired,233000000.0,USD,2023-01-01,2023-12-31,2024-02-15,10-K,duration
cash_flow,business_acquisitions,PaymentsToAcquireBusinessesNetOfCashAcquired,233000000.0,USD,2023-01-01,2023-12-31,2025-02-20,10-K,duration
cash_flow,business_acquisitions,PaymentsToAcquireBusinessesNetOfCashAcquired,233000000.0,USD,2023-01-01,2023-12-31,2026-02-19,10-K,duration
cash_flow,business_acquisitions,PaymentsToAcquireBusinessesNetOfCashAcquired,14000000.0,USD,2024-01-01,2024-03-31,2024-04-24,10-Q,duration
cash_flow,business_acquisitions,PaymentsToAcquireBusinessesNetOfCashAcquired,14000000.0,USD,2024-01-01,2024-03-31,2025-04-30,10-Q,duration
cash_flow,business_acquisitions,PaymentsToAcquireBusinessesNetOfCashAcquired,17000000.0,USD,2024-01-01,2024-06-30,2024-07-31,10-Q,duration
cash_flow,business_acquisitions,PaymentsToAcquireBusinessesNetOfCashAcquired,17000000.0,USD,2024-01-01,2024-06-30,2025-07-30,10-Q,duration
cash_flow,business_acquisitions,PaymentsToAcquireBusinessesNetOfCashAcquired,37000000.0,USD,2024-01-01,2024-09-30,2024-10-30,10-Q,duration
cash_flow,business_acquisitions,PaymentsToAcquireBusinessesNetOfCashAcquired,37000000.0,USD,2024-01-01,2024-09-30,2025-11-05,10-Q,duration
cash_flow,business_acquisitions,PaymentsToAcquireBusinessesNetOfCashAcquired,89000000.0,USD,2024-01-01,2024-12-31,2025-02-20,10-K,duration
cash_flow,business_acquisitions,PaymentsToAcquireBusinessesNetOfCashAcquired,89000000.0,USD,2024-01-01,2024-12-31,2026-02-19,10-K,duration
cash_flow,business_acquisitions,PaymentsToAcquireBusinessesNetOfCashAcquired,0.0,USD,2025-01-01,2025-03-31,2025-04-30,10-Q,duration
cash_flow,business_acquisitions,PaymentsToAcquireBusinessesNetOfCashAcquired,0.0,USD,2025-01-01,2025-03-31,2026-04-29,10-Q,duration
cash_flow,business_acquisitions,PaymentsToAcquireBusinessesNetOfCashAcquired,1000000.0,USD,2025-01-01,2025-06-30,2025-07-30,10-Q,duration
cash_flow,business_acquisitions,PaymentsToAcquireBusinessesNetOfCashAcquired,5000000.0,USD,2025-01-01,2025-09-30,2025-11-05,10-Q,duration
cash_flow,business_acquisitions,PaymentsToAcquireBusinessesNetOfCashAcquired,81000000.0,USD,2025-01-01,2025-12-31,2026-02-19,10-K,duration
cash_flow,business_acquisitions,PaymentsToAcquireBusinessesNetOfCashAcquired,911000000.0,USD,2026-01-01,2026-03-31,2026-04-29,10-Q,duration
cash_flow,business_transactions,ProceedsFromDivestitureOfBusinesses,0.0,USD,2011-01-01,2011-12-31,2014-02-19,10-K,duration
cash_flow,business_transactions,ProceedsFromDivestitureOfBusinesses,0.0,USD,2011-01-01,2011-12-31,2014-09-16,8-K,duration
cash_flow,business_transactions,ProceedsFromDivestitureOfBusinesses,0.0,USD,2012-01-01,2012-06-30,2013-07-31,10-Q,duration
cash_flow,business_transactions,ProceedsFromDivestitureOfBusinesses,0.0,USD,2012-01-01,2012-09-30,2013-11-06,10-Q,duration
cash_flow,business_transactions,ProceedsFromDivestitureOfBusinesses,0.0,USD,2012-01-01,2012-12-31,2014-02-19,10-K,duration
cash_flow,business_transactions,ProceedsFromDivestitureOfBusinesses,0.0,USD,2012-01-01,2012-12-31,2014-09-16,8-K,duration
cash_flow,business_transactions,ProceedsFromDivestitureOfBusinesses,0.0,USD,2012-01-01,2012-12-31,2015-02-18,10-K,duration
cash_flow,business_transactions,ProceedsFromDivestitureOfBusinesses,0.0,USD,2012-01-01,2012-12-31,2015-08-10,8-K,duration
cash_flow,business_transactions,ProceedsFromDivestitureOfBusinesses,0.0,USD,2013-01-01,2013-03-31,2014-05-07,10-Q,duration
cash_flow,business_transactions,ProceedsFromDivestitureOfBusinesses,33000000.0,USD,2013-01-01,2013-06-30,2013-07-31,10-Q,duration
cash_flow,business_transactions,ProceedsFromDivestitureOfBusinesses,33000000.0,USD,2013-01-01,2013-06-30,2014-07-30,10-Q,duration
cash_flow,business_transactions,ProceedsFromDivestitureOfBusinesses,33000000.0,USD,2013-01-01,2013-09-30,2013-11-06,10-Q,duration
cash_flow,business_transactions,ProceedsFromDivestitureOfBusinesses,33000000.0,USD,2013-01-01,2013-09-30,2014-11-07,10-Q,duration
cash_flow,business_transactions,ProceedsFromDivestitureOfBusinesses,34000000.0,USD,2013-01-01,2013-12-31,2014-02-19,10-K,duration
cash_flow,business_transactions,ProceedsFromDivestitureOfBusinesses,34000000.0,USD,2013-01-01,2013-12-31,2014-09-16,8-K,duration
cash_flow,business_transactions,ProceedsFromDivestitureOfBusinesses,34000000.0,USD,2013-01-01,2013-12-31,2015-02-18,10-K,duration
cash_flow,business_transactions,ProceedsFromDivestitureOfBusinesses,34000000.0,USD,2013-01-01,2013-12-31,2015-08-10,8-K,duration
cash_flow,business_transactions,ProceedsFromDivestitureOfBusinesses,34000000.0,USD,2013-01-01,2013-12-31,2016-02-18,10-K,duration
cash_flow,business_transactions,ProceedsFromDivestitureOfBusinesses,72000000.0,USD,2014-01-01,2014-03-31,2014-05-07,10-Q,duration
cash_flow,business_transactions,ProceedsFromDivestitureOfBusinesses,72000000.0,USD,2014-01-01,2014-03-31,2015-04-29,10-Q,duration
cash_flow,business_transactions,ProceedsFromDivestitureOfBusinesses,72000000.0,USD,2014-01-01,2014-06-30,2014-07-30,10-Q,duration
cash_flow,business_transactions,ProceedsFromDivestitureOfBusinesses,72000000.0,USD,2014-01-01,2014-06-30,2015-07-29,10-Q,duration
cash_flow,business_transactions,ProceedsFromDivestitureOfBusinesses,72000000.0,USD,2014-01-01,2014-09-30,2014-11-07,10-Q,duration
cash_flow,business_transactions,ProceedsFromDivestitureOfBusinesses,72000000.0,USD,2014-01-01,2014-09-30,2015-11-06,10-Q,duration
cash_flow,business_transactions,ProceedsFromDivestitureOfBusinesses,72000000.0,USD,2014-01-01,2014-12-31,2015-02-18,10-K,duration
cash_flow,business_transactions,ProceedsFromDivestitureOfBusinesses,72000000.0,USD,2014-01-01,2014-12-31,2015-08-10,8-K,duration
cash_flow,business_transactions,ProceedsFromDivestitureOfBusinesses,72000000.0,USD,2014-01-01,2014-12-31,2016-02-18,10-K,duration
cash_flow,business_transactions,ProceedsFromDivestitureOfBusinesses,72000000.0,USD,2014-01-01,2014-12-31,2017-02-17,10-K,duration
cash_flow,business_transactions,ProceedsFromDivestitureOfBusinesses,72000000.0,USD,2014-01-01,2014-12-31,2017-12-14,8-K,duration
cash_flow,business_transactions,ProceedsFromDivestitureOfBusinesses,0.0,USD,2015-01-01,2015-03-31,2015-04-29,10-Q,duration
cash_flow,business_transactions,ProceedsFromDivestitureOfBusinesses,1055000000.0,USD,2015-01-01,2015-06-30,2015-07-29,10-Q,duration
cash_flow,business_transactions,ProceedsFromDivestitureOfBusinesses,1055000000.0,USD,2015-01-01,2015-06-30,2016-08-03,10-Q,duration
cash_flow,business_transactions,ProceedsFromDivestitureOfBusinesses,1055000000.0,USD,2015-01-01,2015-09-30,2015-11-06,10-Q,duration
cash_flow,business_transactions,ProceedsFromDivestitureOfBusinesses,1055000000.0,USD,2015-01-01,2015-09-30,2016-11-04,10-Q,duration
cash_flow,business_transactions,ProceedsFromDivestitureOfBusinesses,1061000000.0,USD,2015-01-01,2015-12-31,2016-02-18,10-K,duration
cash_flow,business_transactions,ProceedsFromDivestitureOfBusinesses,1061000000.0,USD,2015-01-01,2015-12-31,2017-02-17,10-K,duration
cash_flow,business_transactions,ProceedsFromDivestitureOfBusinesses,1061000000.0,USD,2015-01-01,2015-12-31,2017-12-14,8-K,duration
cash_flow,business_transactions,ProceedsFromDivestitureOfBusinesses,1061000000.0,USD,2015-01-01,2015-12-31,2018-02-16,10-K,duration
cash_flow,business_transactions,ProceedsFromDivestitureOfBusinesses,0.0,USD,2016-01-01,2016-06-30,2016-08-03,10-Q,duration
cash_flow,business_transactions,ProceedsFromDivestitureOfBusinesses,0.0,USD,2016-01-01,2016-09-30,2016-11-04,10-Q,duration
cash_flow,business_transactions,ProceedsFromDivestitureOfBusinesses,0.0,USD,2016-01-01,2016-12-31,2017-02-17,10-K,duration
cash_flow,business_transactions,ProceedsFromDivestitureOfBusinesses,0.0,USD,2016-01-01,2016-12-31,2017-12-14,8-K,duration
cash_flow,business_transactions,ProceedsFromDivestitureOfBusinesses,0.0,USD,2016-01-01,2016-12-31,2018-02-16,10-K,duration
cash_flow,business_transactions,CashDivestedFromDeconsolidation,0.0,USD,2016-01-01,2016-12-31,2019-02-21,10-K,duration
cash_flow,business_transactions,CashDivestedFromDeconsolidation,0.0,USD,2017-01-01,2017-09-30,2018-11-07,10-Q,duration
cash_flow,business_transactions,ProceedsFromDivestitureOfBusinesses,0.0,USD,2017-01-01,2017-12-31,2018-02-16,10-K,duration
cash_flow,business_transactions,CashDivestedFromDeconsolidation,0.0,USD,2017-01-01,2017-12-31,2019-02-21,10-K,duration
cash_flow,business_transactions,CashDivestedFromDeconsolidation,0.0,USD,2017-01-01,2017-12-31,2020-02-20,10-K,duration
cash_flow,business_transactions,CashDivestedFromDeconsolidation,805000000.0,USD,2018-01-01,2018-09-30,2018-11-07,10-Q,duration
cash_flow,business_transactions,CashDivestedFromDeconsolidation,805000000.0,USD,2018-01-01,2018-09-30,2019-11-06,10-Q,duration
cash_flow,business_transactions,CashDivestedFromDeconsolidation,805000000.0,USD,2018-01-01,2018-12-31,2019-02-21,10-K,duration
cash_flow,business_transactions,CashDivestedFromDeconsolidation,805000000.0,USD,2018-01-01,2018-12-31,2020-02-20,10-K,duration
cash_flow,business_transactions,CashDivestedFromDeconsolidation,805000000.0,USD,2018-01-01,2018-12-31,2021-02-18,10-K,duration
cash_flow,business_transactions,CashDivestedFromDeconsolidation,0.0,USD,2019-01-01,2019-09-30,2019-11-06,10-Q,duration
cash_flow,business_transactions,CashDivestedFromDeconsolidation,0.0,USD,2019-01-01,2019-12-31,2020-02-20,10-K,duration
cash_flow,business_transactions,CashDivestedFromDeconsolidation,0.0,USD,2019-01-01,2019-12-31,2021-02-18,10-K,duration
cash_flow,business_transactions,CashDivestedFromDeconsolidation,0.0,USD,2020-01-01,2020-12-31,2021-02-18,10-K,duration
cash_flow,business_transactions,ProceedsFromDivestitureOfBusinessesNetOfCashDivested,0.0,USD,2020-01-01,2020-12-31,2023-02-16,10-K,duration
cash_flow,business_transactions,ProceedsFromDivestitureOfBusinessesNetOfCashDivested,0.0,USD,2021-01-01,2021-09-30,2022-11-02,10-Q,duration
cash_flow,business_transactions,ProceedsFromDivestitureOfBusinessesNetOfCashDivested,0.0,USD,2021-01-01,2021-12-31,2023-02-16,10-K,duration
cash_flow,business_transactions,ProceedsFromDivestitureOfBusinessesNetOfCashDivested,0.0,USD,2021-01-01,2021-12-31,2024-02-15,10-K,duration
cash_flow,business_transactions,DisposalGroupIncludingDiscontinuedOperationCashAndCashEquivalents,67000000.0,USD,,2022-06-30,2022-07-27,10-Q,instant
cash_flow,business_transactions,ProceedsFromDivestitureOfBusinessesNetOfCashDivested,2708000000.0,USD,2022-01-01,2022-09-30,2022-11-02,10-Q,duration
cash_flow,business_transactions,ProceedsFromDivestitureOfBusinessesNetOfCashDivested,2708000000.0,USD,2022-01-01,2022-09-30,2023-11-01,10-Q,duration
cash_flow,business_transactions,ProceedsFromDivestitureOfBusinessesNetOfCashDivested,2701000000.0,USD,2022-01-01,2022-12-31,2023-02-16,10-K,duration
cash_flow,business_transactions,ProceedsFromDivestitureOfBusinessesNetOfCashDivested,2701000000.0,USD,2022-01-01,2022-12-31,2024-02-15,10-K,duration
cash_flow,business_transactions,ProceedsFromDivestitureOfBusinessesNetOfCashDivested,2701000000.0,USD,2022-01-01,2022-12-31,2025-02-20,10-K,duration
cash_flow,business_transactions,ProceedsFromDivestitureOfBusinessesNetOfCashDivested,0.0,USD,2023-01-01,2023-09-30,2023-11-01,10-Q,duration
cash_flow,business_transactions,ProceedsFromDivestitureOfBusinessesNetOfCashDivested,0.0,USD,2023-01-01,2023-12-31,2024-02-15,10-K,duration
cash_flow,business_transactions,ProceedsFromDivestitureOfBusinessesNetOfCashDivested,0.0,USD,2023-01-01,2023-12-31,2025-02-20,10-K,duration
cash_flow,business_transactions,ProceedsFromDivestitureOfBusinessesNetOfCashDivested,0.0,USD,2023-01-01,2023-12-31,2026-02-19,10-K,duration
cash_flow,business_transactions,ProceedsFromDivestitureOfBusinessesNetOfCashDivested,0.0,USD,2024-01-01,2024-09-30,2025-11-05,10-Q,duration
cash_flow,business_transactions,ProceedsFromDivestitureOfBusinessesNetOfCashDivested,0.0,USD,2024-01-01,2024-12-31,2025-02-20,10-K,duration
cash_flow,business_transactions,ProceedsFromDivestitureOfBusinessesNetOfCashDivested,0.0,USD,2024-01-01,2024-12-31,2026-02-19,10-K,duration
cash_flow,business_transactions,ProceedsFromDivestitureOfBusinessesNetOfCashDivested,115000000.0,USD,2025-01-01,2025-09-30,2025-11-05,10-Q,duration
cash_flow,business_transactions,ProceedsFromDivestitureOfBusinessesNetOfCashDivested,115000000.0,USD,2025-01-01,2025-12-31,2026-02-19,10-K,duration
cash_flow,capital_expenditures,PaymentsToAcquirePropertyPlantAndEquipment,239244000.0,USD,2007-01-01,2007-12-31,2010-02-19,10-K,duration
cash_flow,capital_expenditures,PaymentsToAcquirePropertyPlantAndEquipment,112045000.0,USD,2008-01-01,2008-06-30,2009-08-03,10-Q,duration
cash_flow,capital_expenditures,PaymentsToAcquirePropertyPlantAndEquipment,179545000.0,USD,2008-01-01,2008-09-30,2009-11-03,10-Q,duration
cash_flow,capital_expenditures,PaymentsToAcquirePropertyPlantAndEquipment,261572000.0,USD,2008-01-01,2008-12-31,2010-02-19,10-K,duration
cash_flow,capital_expenditures,PaymentsToAcquirePropertyPlantAndEquipment,261572000.0,USD,2008-01-01,2008-12-31,2011-02-18,10-K,duration
cash_flow,capital_expenditures,PaymentsToAcquirePropertyPlantAndEquipment,261572000.0,USD,2008-01-01,2008-12-31,2011-10-20,8-K,duration
cash_flow,capital_expenditures,PaymentsToAcquirePropertyPlantAndEquipment,39047000.0,USD,2009-01-01,2009-03-31,2010-04-27,10-Q,duration
cash_flow,capital_expenditures,PaymentsToAcquirePropertyPlantAndEquipment,82602000.0,USD,2009-01-01,2009-06-30,2009-08-03,10-Q,duration
cash_flow,capital_expenditures,PaymentsToAcquirePropertyPlantAndEquipment,82602000.0,USD,2009-01-01,2009-06-30,2010-08-02,10-Q,duration
cash_flow,capital_expenditures,PaymentsToAcquirePropertyPlantAndEquipment,122135000.0,USD,2009-01-01,2009-09-30,2009-11-03,10-Q,duration
cash_flow,capital_expenditures,PaymentsToAcquirePropertyPlantAndEquipment,122135000.0,USD,2009-01-01,2009-09-30,2010-11-01,10-Q,duration
cash_flow,capital_expenditures,PaymentsToAcquirePropertyPlantAndEquipment,185450000.0,USD,2009-01-01,2009-12-31,2010-02-19,10-K,duration
cash_flow,capital_expenditures,PaymentsToAcquirePropertyPlantAndEquipment,185450000.0,USD,2009-01-01,2009-12-31,2011-02-18,10-K,duration
cash_flow,capital_expenditures,PaymentsToAcquirePropertyPlantAndEquipment,185450000.0,USD,2009-01-01,2009-12-31,2011-10-20,8-K,duration
cash_flow,capital_expenditures,PaymentsToAcquirePropertyPlantAndEquipment,185000000.0,USD,2009-01-01,2009-12-31,2012-02-24,10-K,duration
cash_flow,capital_expenditures,PaymentsToAcquirePropertyPlantAndEquipment,39028000.0,USD,2010-01-01,2010-03-31,2010-04-27,10-Q,duration
cash_flow,capital_expenditures,PaymentsToAcquirePropertyPlantAndEquipment,39028000.0,USD,2010-01-01,2010-03-31,2011-05-03,10-Q,duration
cash_flow,capital_expenditures,PaymentsToAcquirePropertyPlantAndEquipment,91427000.0,USD,2010-01-01,2010-06-30,2010-08-02,10-Q,duration
cash_flow,capital_expenditures,PaymentsToAcquirePropertyPlantAndEquipment,91427000.0,USD,2010-01-01,2010-06-30,2011-08-01,10-Q,duration
cash_flow,capital_expenditures,PaymentsToAcquirePropertyPlantAndEquipment,152432000.0,USD,2010-01-01,2010-09-30,2010-11-01,10-Q,duration
cash_flow,capital_expenditures,PaymentsToAcquirePropertyPlantAndEquipment,152432000.0,USD,2010-01-01,2010-09-30,2011-10-31,10-Q,duration
cash_flow,capital_expenditures,PaymentsToAcquirePropertyPlantAndEquipment,222302000.0,USD,2010-01-01,2010-12-31,2011-02-18,10-K,duration
cash_flow,capital_expenditures,PaymentsToAcquirePropertyPlantAndEquipment,222302000.0,USD,2010-01-01,2010-12-31,2011-10-20,8-K,duration
cash_flow,capital_expenditures,PaymentsToAcquirePropertyPlantAndEquipment,222000000.0,USD,2010-01-01,2010-12-31,2012-02-24,10-K,duration
cash_flow,capital_expenditures,PaymentsToAcquirePropertyPlantAndEquipment,222000000.0,USD,2010-01-01,2010-12-31,2013-02-22,10-K,duration
cash_flow,capital_expenditures,PaymentsToAcquirePropertyPlantAndEquipment,70481000.0,USD,2011-01-01,2011-03-31,2011-05-03,10-Q,duration
cash_flow,capital_expenditures,PaymentsToAcquirePropertyPlantAndEquipment,71000000.0,USD,2011-01-01,2011-03-31,2012-04-30,10-Q,duration
cash_flow,capital_expenditures,PaymentsToAcquirePropertyPlantAndEquipment,129181000.0,USD,2011-01-01,2011-06-30,2011-08-01,10-Q,duration
cash_flow,capital_expenditures,PaymentsToAcquirePropertyPlantAndEquipment,129000000.0,USD,2011-01-01,2011-06-30,2012-08-01,10-Q,duration
cash_flow,capital_expenditures,PaymentsToAcquirePropertyPlantAndEquipment,215926000.0,USD,2011-01-01,2011-09-30,2011-10-31,10-Q,duration
cash_flow,capital_expenditures,PaymentsToAcquirePropertyPlantAndEquipment,216000000.0,USD,2011-01-01,2011-09-30,2012-11-05,10-Q,duration
cash_flow,capital_expenditures,PaymentsToAcquirePropertyPlantAndEquipment,346000000.0,USD,2011-01-01,2011-12-31,2012-02-24,10-K,duration
cash_flow,capital_expenditures,PaymentsToAcquirePropertyPlantAndEquipment,346000000.0,USD,2011-01-01,2011-12-31,2013-02-22,10-K,duration
cash_flow,capital_expenditures,PaymentsToAcquirePropertyPlantAndEquipment,346000000.0,USD,2011-01-01,2011-12-31,2014-02-19,10-K,duration
cash_flow,capital_expenditures,PaymentsToAcquirePropertyPlantAndEquipment,346000000.0,USD,2011-01-01,2011-12-31,2014-09-16,8-K,duration
cash_flow,capital_expenditures,PaymentsToAcquirePropertyPlantAndEquipment,86000000.0,USD,2012-01-01,2012-03-31,2012-04-30,10-Q,duration
cash_flow,capital_expenditures,PaymentsToAcquirePropertyPlantAndEquipment,86000000.0,USD,2012-01-01,2012-03-31,2013-05-01,10-Q,duration
cash_flow,capital_expenditures,PaymentsToAcquirePropertyPlantAndEquipment,185000000.0,USD,2012-01-01,2012-06-30,2012-08-01,10-Q,duration
cash_flow,capital_expenditures,PaymentsToAcquirePropertyPlantAndEquipment,185000000.0,USD,2012-01-01,2012-06-30,2013-07-31,10-Q,duration
cash_flow,capital_expenditures,PaymentsToAcquirePropertyPlantAndEquipment,304000000.0,USD,2012-01-01,2012-09-30,2012-11-05,10-Q,duration
cash_flow,capital_expenditures,PaymentsToAcquirePropertyPlantAndEquipment,304000000.0,USD,2012-01-01,2012-09-30,2013-11-06,10-Q,duration
cash_flow,capital_expenditures,PaymentsToAcquirePropertyPlantAndEquipment,410000000.0,USD,2012-01-01,2012-12-31,2013-02-22,10-K,duration
cash_flow,capital_expenditures,PaymentsToAcquirePropertyPlantAndEquipment,410000000.0,USD,2012-01-01,2012-12-31,2014-02-19,10-K,duration
cash_flow,capital_expenditures,PaymentsToAcquirePropertyPlantAndEquipment,410000000.0,USD,2012-01-01,2012-12-31,2014-09-16,8-K,duration
cash_flow,capital_expenditures,PaymentsToAcquirePropertyPlantAndEquipment,410000000.0,USD,2012-01-01,2012-12-31,2015-02-18,10-K,duration
cash_flow,capital_expenditures,PaymentsToAcquirePropertyPlantAndEquipment,410000000.0,USD,2012-01-01,2012-12-31,2015-08-10,8-K,duration
cash_flow,capital_expenditures,PaymentsToAcquirePropertyPlantAndEquipment,90000000.0,USD,2013-01-01,2013-03-31,2013-05-01,10-Q,duration
cash_flow,capital_expenditures,PaymentsToAcquirePropertyPlantAndEquipment,90000000.0,USD,2013-01-01,2013-03-31,2014-05-07,10-Q,duration
cash_flow,capital_expenditures,PaymentsToAcquirePropertyPlantAndEquipment,187000000.0,USD,2013-01-01,2013-06-30,2013-07-31,10-Q,duration
cash_flow,capital_expenditures,PaymentsToAcquirePropertyPlantAndEquipment,187000000.0,USD,2013-01-01,2013-06-30,2014-07-30,10-Q,duration
cash_flow,capital_expenditures,PaymentsToAcquirePropertyPlantAndEquipment,310000000.0,USD,2013-01-01,2013-09-30,2013-11-06,10-Q,duration
cash_flow,capital_expenditures,PaymentsToAcquirePropertyPlantAndEquipment,310000000.0,USD,2013-01-01,2013-09-30,2014-11-07,10-Q,duration
cash_flow,capital_expenditures,PaymentsToAcquirePropertyPlantAndEquipment,441000000.0,USD,2013-01-01,2013-12-31,2014-02-19,10-K,duration
cash_flow,capital_expenditures,PaymentsToAcquirePropertyPlantAndEquipment,441000000.0,USD,2013-01-01,2013-12-31,2014-09-16,8-K,duration
cash_flow,capital_expenditures,PaymentsToAcquirePropertyPlantAndEquipment,441000000.0,USD,2013-01-01,2013-12-31,2015-02-18,10-K,duration
cash_flow,capital_expenditures,PaymentsToAcquirePropertyPlantAndEquipment,441000000.0,USD,2013-01-01,2013-12-31,2015-08-10,8-K,duration
cash_flow,capital_expenditures,PaymentsToAcquirePropertyPlantAndEquipment,441000000.0,USD,2013-01-01,2013-12-31,2016-02-18,10-K,duration
cash_flow,capital_expenditures,PaymentsToAcquirePropertyPlantAndEquipment,106000000.0,USD,2014-01-01,2014-03-31,2014-05-07,10-Q,duration
cash_flow,capital_expenditures,PaymentsToAcquirePropertyPlantAndEquipment,106000000.0,USD,2014-01-01,2014-03-31,2015-04-29,10-Q,duration
cash_flow,capital_expenditures,PaymentsToAcquirePropertyPlantAndEquipment,216000000.0,USD,2014-01-01,2014-06-30,2014-07-30,10-Q,duration
cash_flow,capital_expenditures,PaymentsToAcquirePropertyPlantAndEquipment,216000000.0,USD,2014-01-01,2014-06-30,2015-07-29,10-Q,duration
cash_flow,capital_expenditures,PaymentsToAcquirePropertyPlantAndEquipment,361000000.0,USD,2014-01-01,2014-09-30,2014-11-07,10-Q,duration
cash_flow,capital_expenditures,PaymentsToAcquirePropertyPlantAndEquipment,361000000.0,USD,2014-01-01,2014-09-30,2015-11-06,10-Q,duration
cash_flow,capital_expenditures,PaymentsToAcquirePropertyPlantAndEquipment,528000000.0,USD,2014-01-01,2014-12-31,2015-02-18,10-K,duration
cash_flow,capital_expenditures,PaymentsToAcquirePropertyPlantAndEquipment,528000000.0,USD,2014-01-01,2014-12-31,2015-08-10,8-K,duration
cash_flow,capital_expenditures,PaymentsToAcquirePropertyPlantAndEquipment,528000000.0,USD,2014-01-01,2014-12-31,2016-02-18,10-K,duration
cash_flow,capital_expenditures,PaymentsToAcquirePropertyPlantAndEquipment,528000000.0,USD,2014-01-01,2014-12-31,2017-02-17,10-K,duration
cash_flow,capital_expenditures,PaymentsToAcquirePropertyPlantAndEquipment,528000000.0,USD,2014-01-01,2014-12-31,2017-12-14,8-K,duration
cash_flow,capital_expenditures,PaymentsToAcquirePropertyPlantAndEquipment,123000000.0,USD,2015-01-01,2015-03-31,2015-04-29,10-Q,duration
cash_flow,capital_expenditures,PaymentsToAcquirePropertyPlantAndEquipment,123000000.0,USD,2015-01-01,2015-03-31,2016-05-04,10-Q,duration
cash_flow,capital_expenditures,PaymentsToAcquirePropertyPlantAndEquipment,259000000.0,USD,2015-01-01,2015-06-30,2015-07-29,10-Q,duration
cash_flow,capital_expenditures,PaymentsToAcquirePropertyPlantAndEquipment,259000000.0,USD,2015-01-01,2015-06-30,2016-08-03,10-Q,duration
cash_flow,capital_expenditures,PaymentsToAcquirePropertyPlantAndEquipment,384000000.0,USD,2015-01-01,2015-09-30,2015-11-06,10-Q,duration
cash_flow,capital_expenditures,PaymentsToAcquirePropertyPlantAndEquipment,384000000.0,USD,2015-01-01,2015-09-30,2016-11-04,10-Q,duration
cash_flow,capital_expenditures,PaymentsToAcquirePropertyPlantAndEquipment,523000000.0,USD,2015-01-01,2015-12-31,2016-02-18,10-K,duration
cash_flow,capital_expenditures,PaymentsToAcquirePropertyPlantAndEquipment,523000000.0,USD,2015-01-01,2015-12-31,2017-02-17,10-K,duration
cash_flow,capital_expenditures,PaymentsToAcquirePropertyPlantAndEquipment,523000000.0,USD,2015-01-01,2015-12-31,2017-12-14,8-K,duration
cash_flow,capital_expenditures,PaymentsToAcquirePropertyPlantAndEquipment,523000000.0,USD,2015-01-01,2015-12-31,2018-02-16,10-K,duration
cash_flow,capital_expenditures,PaymentsToAcquirePropertyPlantAndEquipment,125000000.0,USD,2016-01-01,2016-03-31,2016-05-04,10-Q,duration
cash_flow,capital_expenditures,PaymentsToAcquirePropertyPlantAndEquipment,125000000.0,USD,2016-01-01,2016-03-31,2017-05-03,10-Q,duration
cash_flow,capital_expenditures,PaymentsToAcquirePropertyPlantAndEquipment,256000000.0,USD,2016-01-01,2016-06-30,2016-08-03,10-Q,duration
cash_flow,capital_expenditures,PaymentsToAcquirePropertyPlantAndEquipment,256000000.0,USD,2016-01-01,2016-06-30,2017-08-02,10-Q,duration
cash_flow,capital_expenditures,PaymentsToAcquirePropertyPlantAndEquipment,395000000.0,USD,2016-01-01,2016-09-30,2016-11-04,10-Q,duration
cash_flow,capital_expenditures,PaymentsToAcquirePropertyPlantAndEquipment,395000000.0,USD,2016-01-01,2016-09-30,2017-11-08,10-Q,duration
cash_flow,capital_expenditures,PaymentsToAcquirePropertyPlantAndEquipment,527000000.0,USD,2016-01-01,2016-12-31,2017-02-17,10-K,duration
cash_flow,capital_expenditures,PaymentsToAcquirePropertyPlantAndEquipment,527000000.0,USD,2016-01-01,2016-12-31,2017-12-14,8-K,duration
cash_flow,capital_expenditures,PaymentsToAcquirePropertyPlantAndEquipment,527000000.0,USD,2016-01-01,2016-12-31,2018-02-16,10-K,duration
cash_flow,capital_expenditures,PaymentsToAcquirePropertyPlantAndEquipment,527000000.0,USD,2016-01-01,2016-12-31,2019-02-21,10-K,duration
cash_flow,capital_expenditures,PaymentsToAcquirePropertyPlantAndEquipment,122000000.0,USD,2017-01-01,2017-03-31,2017-05-03,10-Q,duration
cash_flow,capital_expenditures,PaymentsToAcquirePropertyPlantAndEquipment,122000000.0,USD,2017-01-01,2017-03-31,2018-05-02,10-Q,duration
cash_flow,capital_expenditures,PaymentsToAcquirePropertyPlantAndEquipment,233000000.0,USD,2017-01-01,2017-06-30,2017-08-02,10-Q,duration
cash_flow,capital_expenditures,PaymentsToAcquirePropertyPlantAndEquipment,233000000.0,USD,2017-01-01,2017-06-30,2018-08-01,10-Q,duration
cash_flow,capital_expenditures,PaymentsToAcquirePropertyPlantAndEquipment,376000000.0,USD,2017-01-01,2017-09-30,2017-11-08,10-Q,duration
cash_flow,capital_expenditures,PaymentsToAcquirePropertyPlantAndEquipment,376000000.0,USD,2017-01-01,2017-09-30,2018-11-07,10-Q,duration
cash_flow,capital_expenditures,PaymentsToAcquirePropertyPlantAndEquipment,526000000.0,USD,2017-01-01,2017-12-31,2018-02-16,10-K,duration
cash_flow,capital_expenditures,PaymentsToAcquirePropertyPlantAndEquipment,524000000.0,USD,2017-01-01,2017-12-31,2019-02-21,10-K,duration
cash_flow,capital_expenditures,PaymentsToAcquirePropertyPlantAndEquipment,524000000.0,USD,2017-01-01,2017-12-31,2020-02-20,10-K,duration
cash_flow,capital_expenditures,PaymentsToAcquirePropertyPlantAndEquipment,134000000.0,USD,2018-01-01,2018-03-31,2018-05-02,10-Q,duration
cash_flow,capital_expenditures,PaymentsToAcquirePropertyPlantAndEquipment,134000000.0,USD,2018-01-01,2018-03-31,2019-05-01,10-Q,duration
cash_flow,capital_expenditures,PaymentsToAcquirePropertyPlantAndEquipment,272000000.0,USD,2018-01-01,2018-06-30,2018-08-01,10-Q,duration
cash_flow,capital_expenditures,PaymentsToAcquirePropertyPlantAndEquipment,272000000.0,USD,2018-01-01,2018-06-30,2019-07-31,10-Q,duration
cash_flow,capital_expenditures,PaymentsToAcquirePropertyPlantAndEquipment,436000000.0,USD,2018-01-01,2018-09-30,2018-11-07,10-Q,duration
cash_flow,capital_expenditures,PaymentsToAcquirePropertyPlantAndEquipment,436000000.0,USD,2018-01-01,2018-09-30,2019-11-06,10-Q,duration
cash_flow,capital_expenditures,PaymentsToAcquirePropertyPlantAndEquipment,612000000.0,USD,2018-01-01,2018-12-31,2019-02-21,10-K,duration
cash_flow,capital_expenditures,PaymentsToAcquirePropertyPlantAndEquipment,612000000.0,USD,2018-01-01,2018-12-31,2020-02-20,10-K,duration
cash_flow,capital_expenditures,PaymentsToAcquirePropertyPlantAndEquipment,612000000.0,USD,2018-01-01,2018-12-31,2021-02-18,10-K,duration
cash_flow,capital_expenditures,PaymentsToAcquirePropertyPlantAndEquipment,139000000.0,USD,2019-01-01,2019-03-31,2019-05-01,10-Q,duration
cash_flow,capital_expenditures,PaymentsToAcquirePropertyPlantAndEquipment,139000000.0,USD,2019-01-01,2019-03-31,2020-04-29,10-Q,duration
cash_flow,capital_expenditures,PaymentsToAcquirePropertyPlantAndEquipment,296000000.0,USD,2019-01-01,2019-06-30,2019-07-31,10-Q,duration
cash_flow,capital_expenditures,PaymentsToAcquirePropertyPlantAndEquipment,296000000.0,USD,2019-01-01,2019-06-30,2020-08-05,10-Q,duration
cash_flow,capital_expenditures,PaymentsToAcquirePropertyPlantAndEquipment,506000000.0,USD,2019-01-01,2019-09-30,2019-11-06,10-Q,duration
cash_flow,capital_expenditures,PaymentsToAcquirePropertyPlantAndEquipment,506000000.0,USD,2019-01-01,2019-09-30,2020-11-03,10-Q,duration
cash_flow,capital_expenditures,PaymentsToAcquirePropertyPlantAndEquipment,736000000.0,USD,2019-01-01,2019-12-31,2020-02-20,10-K,duration
cash_flow,capital_expenditures,PaymentsToAcquirePropertyPlantAndEquipment,736000000.0,USD,2019-01-01,2019-12-31,2021-02-18,10-K,duration
cash_flow,capital_expenditures,PaymentsToAcquirePropertyPlantAndEquipment,736000000.0,USD,2019-01-01,2019-12-31,2022-02-17,10-K,duration
cash_flow,capital_expenditures,PaymentsToAcquirePropertyPlantAndEquipment,192000000.0,USD,2020-01-01,2020-03-31,2020-04-29,10-Q,duration
cash_flow,capital_expenditures,PaymentsToAcquirePropertyPlantAndEquipment,192000000.0,USD,2020-01-01,2020-03-31,2021-04-28,10-Q,duration
cash_flow,capital_expenditures,PaymentsToAcquirePropertyPlantAndEquipment,418000000.0,USD,2020-01-01,2020-06-30,2020-08-05,10-Q,duration
cash_flow,capital_expenditures,PaymentsToAcquirePropertyPlantAndEquipment,418000000.0,USD,2020-01-01,2020-06-30,2021-07-28,10-Q,duration
cash_flow,capital_expenditures,PaymentsToAcquirePropertyPlantAndEquipment,668000000.0,USD,2020-01-01,2020-09-30,2020-11-03,10-Q,duration
cash_flow,capital_expenditures,PaymentsToAcquirePropertyPlantAndEquipment,668000000.0,USD,2020-01-01,2020-09-30,2021-11-03,10-Q,duration
cash_flow,capital_expenditures,PaymentsToAcquirePropertyPlantAndEquipment,964000000.0,USD,2020-01-01,2020-12-31,2021-02-18,10-K,duration
cash_flow,capital_expenditures,PaymentsToAcquirePropertyPlantAndEquipment,964000000.0,USD,2020-01-01,2020-12-31,2022-02-17,10-K,duration
cash_flow,capital_expenditures,PaymentsToAcquirePropertyPlantAndEquipment,964000000.0,USD,2020-01-01,2020-12-31,2023-02-16,10-K,duration
cash_flow,capital_expenditures,PaymentsToAcquirePropertyPlantAndEquipment,290000000.0,USD,2021-01-01,2021-03-31,2021-04-28,10-Q,duration
cash_flow,capital_expenditures,PaymentsToAcquirePropertyPlantAndEquipment,290000000.0,USD,2021-01-01,2021-03-31,2022-04-27,10-Q,duration
cash_flow,capital_expenditures,PaymentsToAcquirePropertyPlantAndEquipment,619000000.0,USD,2021-01-01,2021-06-30,2021-07-28,10-Q,duration
cash_flow,capital_expenditures,PaymentsToAcquirePropertyPlantAndEquipment,619000000.0,USD,2021-01-01,2021-06-30,2022-07-27,10-Q,duration
cash_flow,capital_expenditures,PaymentsToAcquirePropertyPlantAndEquipment,945000000.0,USD,2021-01-01,2021-09-30,2021-11-03,10-Q,duration
cash_flow,capital_expenditures,PaymentsToAcquirePropertyPlantAndEquipment,945000000.0,USD,2021-01-01,2021-09-30,2022-11-02,10-Q,duration
cash_flow,capital_expenditures,PaymentsToAcquirePropertyPlantAndEquipment,1316000000.0,USD,2021-01-01,2021-12-31,2022-02-17,10-K,duration
cash_flow,capital_expenditures,PaymentsToAcquirePropertyPlantAndEquipment,1316000000.0,USD,2021-01-01,2021-12-31,2023-02-16,10-K,duration
cash_flow,capital_expenditures,PaymentsToAcquirePropertyPlantAndEquipment,1342000000.0,USD,2021-01-01,2021-12-31,2024-02-15,10-K,duration
cash_flow,capital_expenditures,PaymentsToAcquirePropertyPlantAndEquipment,295000000.0,USD,2022-01-01,2022-03-31,2022-04-27,10-Q,duration
cash_flow,capital_expenditures,PaymentsToAcquirePropertyPlantAndEquipment,295000000.0,USD,2022-01-01,2022-03-31,2023-04-26,10-Q,duration
cash_flow,capital_expenditures,PaymentsToAcquirePropertyPlantAndEquipment,574000000.0,USD,2022-01-01,2022-06-30,2022-07-27,10-Q,duration
cash_flow,capital_expenditures,PaymentsToAcquirePropertyPlantAndEquipment,574000000.0,USD,2022-01-01,2022-06-30,2023-08-02,10-Q,duration
cash_flow,capital_expenditures,PaymentsToAcquirePropertyPlantAndEquipment,862000000.0,USD,2022-01-01,2022-09-30,2022-11-02,10-Q,duration
cash_flow,capital_expenditures,PaymentsToAcquirePropertyPlantAndEquipment,862000000.0,USD,2022-01-01,2022-09-30,2023-11-01,10-Q,duration
cash_flow,capital_expenditures,PaymentsToAcquirePropertyPlantAndEquipment,1120000000.0,USD,2022-01-01,2022-12-31,2023-02-16,10-K,duration
cash_flow,capital_expenditures,PaymentsToAcquirePropertyPlantAndEquipment,1137000000.0,USD,2022-01-01,2022-12-31,2024-02-15,10-K,duration
cash_flow,capital_expenditures,PaymentsToAcquirePropertyPlantAndEquipment,1137000000.0,USD,2022-01-01,2022-12-31,2025-02-20,10-K,duration
cash_flow,capital_expenditures,PaymentsToAcquirePropertyPlantAndEquipment,223000000.0,USD,2023-01-01,2023-03-31,2023-04-26,10-Q,duration
cash_flow,capital_expenditures,PaymentsToAcquirePropertyPlantAndEquipment,223000000.0,USD,2023-01-01,2023-03-31,2024-04-24,10-Q,duration
cash_flow,capital_expenditures,PaymentsToAcquirePropertyPlantAndEquipment,487000000.0,USD,2023-01-01,2023-06-30,2023-08-02,10-Q,duration
cash_flow,capital_expenditures,PaymentsToAcquirePropertyPlantAndEquipment,487000000.0,USD,2023-01-01,2023-06-30,2024-07-31,10-Q,duration
cash_flow,capital_expenditures,PaymentsToAcquirePropertyPlantAndEquipment,721000000.0,USD,2023-01-01,2023-09-30,2023-11-01,10-Q,duration
cash_flow,capital_expenditures,PaymentsToAcquirePropertyPlantAndEquipment,721000000.0,USD,2023-01-01,2023-09-30,2024-10-30,10-Q,duration
cash_flow,capital_expenditures,PaymentsToAcquirePropertyPlantAndEquipment,1004000000.0,USD,2023-01-01,2023-12-31,2024-02-15,10-K,duration
cash_flow,capital_expenditures,PaymentsToAcquirePropertyPlantAndEquipment,1004000000.0,USD,2023-01-01,2023-12-31,2025-02-20,10-K,duration
cash_flow,capital_expenditures,PaymentsToAcquirePropertyPlantAndEquipment,1004000000.0,USD,2023-01-01,2023-12-31,2026-02-19,10-K,duration
cash_flow,capital_expenditures,PaymentsToAcquirePropertyPlantAndEquipment,177000000.0,USD,2024-01-01,2024-03-31,2024-04-24,10-Q,duration
cash_flow,capital_expenditures,PaymentsToAcquirePropertyPlantAndEquipment,177000000.0,USD,2024-01-01,2024-03-31,2025-04-30,10-Q,duration
cash_flow,capital_expenditures,PaymentsToAcquirePropertyPlantAndEquipment,291000000.0,USD,2024-01-01,2024-06-30,2024-07-31,10-Q,duration
cash_flow,capital_expenditures,PaymentsToAcquirePropertyPlantAndEquipment,291000000.0,USD,2024-01-01,2024-06-30,2025-07-30,10-Q,duration
cash_flow,capital_expenditures,PaymentsToAcquirePropertyPlantAndEquipment,421000000.0,USD,2024-01-01,2024-09-30,2024-10-30,10-Q,duration
cash_flow,capital_expenditures,PaymentsToAcquirePropertyPlantAndEquipment,421000000.0,USD,2024-01-01,2024-09-30,2025-11-05,10-Q,duration
cash_flow,capital_expenditures,PaymentsToAcquirePropertyPlantAndEquipment,575000000.0,USD,2024-01-01,2024-12-31,2025-02-20,10-K,duration
cash_flow,capital_expenditures,PaymentsToAcquirePropertyPlantAndEquipment,575000000.0,USD,2024-01-01,2024-12-31,2026-02-19,10-K,duration
cash_flow,capital_expenditures,PaymentsToAcquirePropertyPlantAndEquipment,95000000.0,USD,2025-01-01,2025-03-31,2025-04-30,10-Q,duration
cash_flow,capital_expenditures,PaymentsToAcquirePropertyPlantAndEquipment,95000000.0,USD,2025-01-01,2025-03-31,2026-04-29,10-Q,duration
cash_flow,capital_expenditures,PaymentsToAcquirePropertyPlantAndEquipment,209000000.0,USD,2025-01-01,2025-06-30,2025-07-30,10-Q,duration
cash_flow,capital_expenditures,PaymentsToAcquirePropertyPlantAndEquipment,344000000.0,USD,2025-01-01,2025-09-30,2025-11-05,10-Q,duration
cash_flow,capital_expenditures,PaymentsToAcquirePropertyPlantAndEquipment,546000000.0,USD,2025-01-01,2025-12-31,2026-02-19,10-K,duration
cash_flow,capital_expenditures,PaymentsToAcquirePropertyPlantAndEquipment,121000000.0,USD,2026-01-01,2026-03-31,2026-04-29,10-Q,duration
cash_flow,cash_change,CashAndCashEquivalentsPeriodIncreaseDecrease,300149000.0,USD,2007-01-01,2007-12-31,2010-02-19,10-K,duration
cash_flow,cash_change,CashAndCashEquivalentsPeriodIncreaseDecrease,-865811000.0,USD,2008-01-01,2008-06-30,2009-08-03,10-Q,duration
cash_flow,cash_change,CashAndCashEquivalentsPeriodIncreaseDecrease,-497553000.0,USD,2008-01-01,2008-09-30,2009-11-03,10-Q,duration
cash_flow,cash_change,CashAndCashEquivalentsPeriodIncreaseDecrease,-70030000.0,USD,2008-01-01,2008-12-31,2010-02-19,10-K,duration
cash_flow,cash_change,CashAndCashEquivalentsPeriodIncreaseDecrease,-70030000.0,USD,2008-01-01,2008-12-31,2011-02-18,10-K,duration
cash_flow,cash_change,CashAndCashEquivalentsPeriodIncreaseDecrease,-70030000.0,USD,2008-01-01,2008-12-31,2011-10-20,8-K,duration
cash_flow,cash_change,CashAndCashEquivalentsPeriodIncreaseDecrease,-59221000.0,USD,2009-01-01,2009-03-31,2010-04-27,10-Q,duration
cash_flow,cash_change,CashAndCashEquivalentsPeriodIncreaseDecrease,-385314000.0,USD,2009-01-01,2009-06-30,2009-08-03,10-Q,duration
cash_flow,cash_change,CashAndCashEquivalentsPeriodIncreaseDecrease,-385314000.0,USD,2009-01-01,2009-06-30,2010-08-02,10-Q,duration
cash_flow,cash_change,CashAndCashEquivalentsPeriodIncreaseDecrease,-518417000.0,USD,2009-01-01,2009-09-30,2009-11-03,10-Q,duration
cash_flow,cash_change,CashAndCashEquivalentsPeriodIncreaseDecrease,-518417000.0,USD,2009-01-01,2009-09-30,2010-11-01,10-Q,duration
cash_flow,cash_change,CashAndCashEquivalentsPeriodIncreaseDecrease,-356835000.0,USD,2009-01-01,2009-12-31,2010-02-19,10-K,duration
cash_flow,cash_change,CashAndCashEquivalentsPeriodIncreaseDecrease,-356835000.0,USD,2009-01-01,2009-12-31,2011-02-18,10-K,duration
cash_flow,cash_change,CashAndCashEquivalentsPeriodIncreaseDecrease,-356835000.0,USD,2009-01-01,2009-12-31,2011-10-20,8-K,duration
cash_flow,cash_change,CashAndCashEquivalentsPeriodIncreaseDecrease,-357000000.0,USD,2009-01-01,2009-12-31,2012-02-24,10-K,duration
cash_flow,cash_change,CashAndCashEquivalentsPeriodIncreaseDecrease,200405000.0,USD,2010-01-01,2010-03-31,2010-04-27,10-Q,duration
cash_flow,cash_change,CashAndCashEquivalentsPeriodIncreaseDecrease,200405000.0,USD,2010-01-01,2010-03-31,2011-05-03,10-Q,duration
cash_flow,cash_change,CashAndCashEquivalentsPeriodIncreaseDecrease,385394000.0,USD,2010-01-01,2010-06-30,2010-08-02,10-Q,duration
cash_flow,cash_change,CashAndCashEquivalentsPeriodIncreaseDecrease,385394000.0,USD,2010-01-01,2010-06-30,2011-08-01,10-Q,duration
cash_flow,cash_change,CashAndCashEquivalentsPeriodIncreaseDecrease,1309264000.0,USD,2010-01-01,2010-09-30,2010-11-01,10-Q,duration
cash_flow,cash_change,CashAndCashEquivalentsPeriodIncreaseDecrease,1309264000.0,USD,2010-01-01,2010-09-30,2011-10-31,10-Q,duration
cash_flow,cash_change,CashAndCashEquivalentsPeriodIncreaseDecrease,59549000.0,USD,2010-01-01,2010-12-31,2011-02-18,10-K,duration
cash_flow,cash_change,CashAndCashEquivalentsPeriodIncreaseDecrease,59549000.0,USD,2010-01-01,2010-12-31,2011-10-20,8-K,duration
cash_flow,cash_change,CashAndCashEquivalentsPeriodIncreaseDecrease,60000000.0,USD,2010-01-01,2010-12-31,2012-02-24,10-K,duration
cash_flow,cash_change,CashAndCashEquivalentsPeriodIncreaseDecrease,60000000.0,USD,2010-01-01,2010-12-31,2013-02-22,10-K,duration
cash_flow,cash_change,CashAndCashEquivalentsPeriodIncreaseDecrease,82904000.0,USD,2011-01-01,2011-03-31,2011-05-03,10-Q,duration
cash_flow,cash_change,CashAndCashEquivalentsPeriodIncreaseDecrease,83000000.0,USD,2011-01-01,2011-03-31,2012-04-30,10-Q,duration
cash_flow,cash_change,CashAndCashEquivalentsPeriodIncreaseDecrease,-105313000.0,USD,2011-01-01,2011-06-30,2011-08-01,10-Q,duration
cash_flow,cash_change,CashAndCashEquivalentsPeriodIncreaseDecrease,-105000000.0,USD,2011-01-01,2011-06-30,2012-08-01,10-Q,duration
cash_flow,cash_change,CashAndCashEquivalentsPeriodIncreaseDecrease,2346268000.0,USD,2011-01-01,2011-09-30,2011-10-31,10-Q,duration
cash_flow,cash_change,CashAndCashEquivalentsPeriodIncreaseDecrease,2346000000.0,USD,2011-01-01,2011-09-30,2012-11-05,10-Q,duration
cash_flow,cash_change,CashAndCashEquivalentsPeriodIncreaseDecrease,-296000000.0,USD,2011-01-01,2011-12-31,2012-02-24,10-K,duration
cash_flow,cash_change,CashAndCashEquivalentsPeriodIncreaseDecrease,-296000000.0,USD,2011-01-01,2011-12-31,2013-02-22,10-K,duration
cash_flow,cash_change,CashAndCashEquivalentsPeriodIncreaseDecrease,-296000000.0,USD,2011-01-01,2011-12-31,2014-02-19,10-K,duration
cash_flow,cash_change,CashAndCashEquivalentsPeriodIncreaseDecrease,-296000000.0,USD,2011-01-01,2011-12-31,2014-09-16,8-K,duration
cash_flow,cash_change,CashAndCashEquivalentsPeriodIncreaseDecrease,2279000000.0,USD,2012-01-01,2012-03-31,2012-04-30,10-Q,duration
cash_flow,cash_change,CashAndCashEquivalentsPeriodIncreaseDecrease,2279000000.0,USD,2012-01-01,2012-03-31,2013-05-01,10-Q,duration
cash_flow,cash_change,CashAndCashEquivalentsPeriodIncreaseDecrease,2492000000.0,USD,2012-01-01,2012-06-30,2012-08-01,10-Q,duration
cash_flow,cash_change,CashAndCashEquivalentsPeriodIncreaseDecrease,2492000000.0,USD,2012-01-01,2012-06-30,2013-07-31,10-Q,duration
cash_flow,cash_change,CashAndCashEquivalentsPeriodIncreaseDecrease,-14000000.0,USD,2012-01-01,2012-09-30,2012-11-05,10-Q,duration
cash_flow,cash_change,CashAndCashEquivalentsPeriodIncreaseDecrease,-14000000.0,USD,2012-01-01,2012-09-30,2013-11-06,10-Q,duration
cash_flow,cash_change,CashAndCashEquivalentsPeriodIncreaseDecrease,-71000000.0,USD,2012-01-01,2012-12-31,2013-02-22,10-K,duration
cash_flow,cash_change,CashAndCashEquivalentsPeriodIncreaseDecrease,-71000000.0,USD,2012-01-01,2012-12-31,2014-02-19,10-K,duration
cash_flow,cash_change,CashAndCashEquivalentsPeriodIncreaseDecrease,-71000000.0,USD,2012-01-01,2012-12-31,2014-09-16,8-K,duration
cash_flow,cash_change,CashAndCashEquivalentsPeriodIncreaseDecrease,-71000000.0,USD,2012-01-01,2012-12-31,2015-02-18,10-K,duration
cash_flow,cash_change,CashAndCashEquivalentsPeriodIncreaseDecrease,-71000000.0,USD,2012-01-01,2012-12-31,2015-08-10,8-K,duration
cash_flow,cash_change,CashAndCashEquivalentsPeriodIncreaseDecrease,92000000.0,USD,2013-01-01,2013-03-31,2013-05-01,10-Q,duration
cash_flow,cash_change,CashAndCashEquivalentsPeriodIncreaseDecrease,92000000.0,USD,2013-01-01,2013-03-31,2014-05-07,10-Q,duration
cash_flow,cash_change,CashAndCashEquivalentsPeriodIncreaseDecrease,213000000.0,USD,2013-01-01,2013-06-30,2013-07-31,10-Q,duration
cash_flow,cash_change,CashAndCashEquivalentsPeriodIncreaseDecrease,213000000.0,USD,2013-01-01,2013-06-30,2014-07-30,10-Q,duration
cash_flow,cash_change,CashAndCashEquivalentsPeriodIncreaseDecrease,-51000000.0,USD,2013-01-01,2013-09-30,2013-11-06,10-Q,duration
cash_flow,cash_change,CashAndCashEquivalentsPeriodIncreaseDecrease,-51000000.0,USD,2013-01-01,2013-09-30,2014-11-07,10-Q,duration
cash_flow,cash_change,CashAndCashEquivalentsPeriodIncreaseDecrease,-168000000.0,USD,2013-01-01,2013-12-31,2014-02-19,10-K,duration
cash_flow,cash_change,CashAndCashEquivalentsPeriodIncreaseDecrease,-168000000.0,USD,2013-01-01,2013-12-31,2014-09-16,8-K,duration
cash_flow,cash_change,CashAndCashEquivalentsPeriodIncreaseDecrease,-168000000.0,USD,2013-01-01,2013-12-31,2015-02-18,10-K,duration
cash_flow,cash_change,CashAndCashEquivalentsPeriodIncreaseDecrease,-168000000.0,USD,2013-01-01,2013-12-31,2015-08-10,8-K,duration
cash_flow,cash_change,CashAndCashEquivalentsPeriodIncreaseDecrease,-168000000.0,USD,2013-01-01,2013-12-31,2016-02-18,10-K,duration
cash_flow,cash_change,CashAndCashEquivalentsPeriodIncreaseDecrease,524000000.0,USD,2014-01-01,2014-03-31,2014-05-07,10-Q,duration
cash_flow,cash_change,CashAndCashEquivalentsPeriodIncreaseDecrease,524000000.0,USD,2014-01-01,2014-03-31,2015-04-29,10-Q,duration
cash_flow,cash_change,CashAndCashEquivalentsPeriodIncreaseDecrease,455000000.0,USD,2014-01-01,2014-06-30,2014-07-30,10-Q,duration
cash_flow,cash_change,CashAndCashEquivalentsPeriodIncreaseDecrease,455000000.0,USD,2014-01-01,2014-06-30,2015-07-29,10-Q,duration
cash_flow,cash_change,CashAndCashEquivalentsPeriodIncreaseDecrease,1567000000.0,USD,2014-01-01,2014-09-30,2014-11-07,10-Q,duration
cash_flow,cash_change,CashAndCashEquivalentsPeriodIncreaseDecrease,1567000000.0,USD,2014-01-01,2014-09-30,2015-11-06,10-Q,duration
cash_flow,cash_change,CashAndCashEquivalentsPeriodIncreaseDecrease,797000000.0,USD,2014-01-01,2014-12-31,2015-02-18,10-K,duration
cash_flow,cash_change,CashAndCashEquivalentsPeriodIncreaseDecrease,797000000.0,USD,2014-01-01,2014-12-31,2015-08-10,8-K,duration
cash_flow,cash_change,CashAndCashEquivalentsPeriodIncreaseDecrease,797000000.0,USD,2014-01-01,2014-12-31,2016-02-18,10-K,duration
cash_flow,cash_change,CashAndCashEquivalentsPeriodIncreaseDecrease,797000000.0,USD,2014-01-01,2014-12-31,2017-02-17,10-K,duration
cash_flow,cash_change,CashAndCashEquivalentsPeriodIncreaseDecrease,797000000.0,USD,2014-01-01,2014-12-31,2017-12-14,8-K,duration
cash_flow,cash_change,CashAndCashEquivalentsPeriodIncreaseDecrease,11000000.0,USD,2015-01-01,2015-03-31,2015-04-29,10-Q,duration
cash_flow,cash_change,CashAndCashEquivalentsPeriodIncreaseDecrease,11000000.0,USD,2015-01-01,2015-03-31,2016-05-04,10-Q,duration
cash_flow,cash_change,CashAndCashEquivalentsPeriodIncreaseDecrease,315000000.0,USD,2015-01-01,2015-06-30,2015-07-29,10-Q,duration
cash_flow,cash_change,CashAndCashEquivalentsPeriodIncreaseDecrease,315000000.0,USD,2015-01-01,2015-06-30,2016-08-03,10-Q,duration
cash_flow,cash_change,CashAndCashEquivalentsPeriodIncreaseDecrease,-338000000.0,USD,2015-01-01,2015-09-30,2015-11-06,10-Q,duration
cash_flow,cash_change,CashAndCashEquivalentsPeriodIncreaseDecrease,-338000000.0,USD,2015-01-01,2015-09-30,2016-11-04,10-Q,duration
cash_flow,cash_change,CashAndCashEquivalentsPeriodIncreaseDecrease,636000000.0,USD,2015-01-01,2015-12-31,2016-02-18,10-K,duration
cash_flow,cash_change,CashAndCashEquivalentsPeriodIncreaseDecrease,636000000.0,USD,2015-01-01,2015-12-31,2017-02-17,10-K,duration
cash_flow,cash_change,CashAndCashEquivalentsPeriodIncreaseDecrease,636000000.0,USD,2015-01-01,2015-12-31,2017-12-14,8-K,duration
cash_flow,cash_change,CashAndCashEquivalentsPeriodIncreaseDecrease,636000000.0,USD,2015-01-01,2015-12-31,2018-02-16,10-K,duration
cash_flow,cash_change,CashAndCashEquivalentsPeriodIncreaseDecrease,230000000.0,USD,2016-01-01,2016-03-31,2016-05-04,10-Q,duration
cash_flow,cash_change,CashAndCashEquivalentsPeriodIncreaseDecrease,230000000.0,USD,2016-01-01,2016-03-31,2017-05-03,10-Q,duration
cash_flow,cash_change,CashAndCashEquivalentsPeriodIncreaseDecrease,-142000000.0,USD,2016-01-01,2016-06-30,2016-08-03,10-Q,duration
cash_flow,cash_change,CashAndCashEquivalentsPeriodIncreaseDecrease,-142000000.0,USD,2016-01-01,2016-06-30,2017-08-02,10-Q,duration
cash_flow,cash_change,CashAndCashEquivalentsPeriodIncreaseDecrease,4198000000.0,USD,2016-01-01,2016-09-30,2016-11-04,10-Q,duration
cash_flow,cash_change,CashAndCashEquivalentsPeriodIncreaseDecrease,4198000000.0,USD,2016-01-01,2016-09-30,2017-11-08,10-Q,duration
cash_flow,cash_change,CashAndCashEquivalentsPeriodIncreaseDecrease,1306000000.0,USD,2016-01-01,2016-12-31,2017-02-17,10-K,duration
cash_flow,cash_change,CashAndCashEquivalentsPeriodIncreaseDecrease,1306000000.0,USD,2016-01-01,2016-12-31,2017-12-14,8-K,duration
cash_flow,cash_change,CashAndCashEquivalentsPeriodIncreaseDecrease,1306000000.0,USD,2016-01-01,2016-12-31,2018-02-16,10-K,duration
cash_flow,cash_change,CashAndCashEquivalentsPeriodIncreaseDecrease,1306000000.0,USD,2016-01-01,2016-12-31,2019-02-21,10-K,duration
cash_flow,cash_change,CashAndCashEquivalentsPeriodIncreaseDecrease,4548000000.0,USD,2017-01-01,2017-03-31,2017-05-03,10-Q,duration
cash_flow,cash_change,CashAndCashEquivalentsPeriodIncreaseDecrease,4548000000.0,USD,2017-01-01,2017-03-31,2018-05-02,10-Q,duration
cash_flow,cash_change,CashAndCashEquivalentsPeriodIncreaseDecrease,4262000000.0,USD,2017-01-01,2017-06-30,2017-08-02,10-Q,duration
cash_flow,cash_change,CashCashEquivalentsRestrictedCashAndRestrictedCashEquivalentsPeriodIncreaseDecreaseExcludingExchangeRateEffect,4262000000.0,USD,2017-01-01,2017-06-30,2018-08-01,10-Q,duration
cash_flow,cash_change,CashAndCashEquivalentsPeriodIncreaseDecrease,5988000000.0,USD,2017-01-01,2017-09-30,2017-11-08,10-Q,duration
cash_flow,cash_change,CashCashEquivalentsRestrictedCashAndRestrictedCashEquivalentsPeriodIncreaseDecreaseExcludingExchangeRateEffect,5988000000.0,USD,2017-01-01,2017-09-30,2018-11-07,10-Q,duration
cash_flow,cash_change,CashAndCashEquivalentsPeriodIncreaseDecrease,165000000.0,USD,2017-01-01,2017-12-31,2018-02-16,10-K,duration
cash_flow,cash_change,CashAndCashEquivalentsPeriodIncreaseDecrease,165000000.0,USD,2017-01-01,2017-12-31,2019-02-21,10-K,duration
cash_flow,cash_change,CashCashEquivalentsRestrictedCashAndRestrictedCashEquivalentsPeriodIncreaseDecreaseIncludingExchangeRateEffect,165000000.0,USD,2017-01-01,2017-12-31,2020-02-20,10-K,duration
cash_flow,cash_change,CashAndCashEquivalentsPeriodIncreaseDecrease,4813000000.0,USD,2018-01-01,2018-03-31,2018-05-02,10-Q,duration
cash_flow,cash_change,CashCashEquivalentsRestrictedCashAndRestrictedCashEquivalentsPeriodIncreaseDecreaseExcludingExchangeRateEffect,4813000000.0,USD,2018-01-01,2018-03-31,2019-05-01,10-Q,duration
cash_flow,cash_change,CashCashEquivalentsRestrictedCashAndRestrictedCashEquivalentsPeriodIncreaseDecreaseExcludingExchangeRateEffect,4789000000.0,USD,2018-01-01,2018-06-30,2018-08-01,10-Q,duration
cash_flow,cash_change,CashCashEquivalentsRestrictedCashAndRestrictedCashEquivalentsPeriodIncreaseDecreaseExcludingExchangeRateEffect,4789000000.0,USD,2018-01-01,2018-06-30,2019-07-31,10-Q,duration
cash_flow,cash_change,CashCashEquivalentsRestrictedCashAndRestrictedCashEquivalentsPeriodIncreaseDecreaseExcludingExchangeRateEffect,100000000.0,USD,2018-01-01,2018-09-30,2018-11-07,10-Q,duration
cash_flow,cash_change,CashCashEquivalentsRestrictedCashAndRestrictedCashEquivalentsPeriodIncreaseDecreaseExcludingExchangeRateEffect,100000000.0,USD,2018-01-01,2018-09-30,2019-11-06,10-Q,duration
cash_flow,cash_change,CashAndCashEquivalentsPeriodIncreaseDecrease,-1699000000.0,USD,2018-01-01,2018-12-31,2019-02-21,10-K,duration
cash_flow,cash_change,CashCashEquivalentsRestrictedCashAndRestrictedCashEquivalentsPeriodIncreaseDecreaseIncludingExchangeRateEffect,-1699000000.0,USD,2018-01-01,2018-12-31,2020-02-20,10-K,duration
cash_flow,cash_change,CashCashEquivalentsRestrictedCashAndRestrictedCashEquivalentsPeriodIncreaseDecreaseIncludingExchangeRateEffect,-1699000000.0,USD,2018-01-01,2018-12-31,2021-02-18,10-K,duration
cash_flow,cash_change,CashCashEquivalentsRestrictedCashAndRestrictedCashEquivalentsPeriodIncreaseDecreaseExcludingExchangeRateEffect,1534000000.0,USD,2019-01-01,2019-03-31,2019-05-01,10-Q,duration
cash_flow,cash_change,CashCashEquivalentsRestrictedCashAndRestrictedCashEquivalentsPeriodIncreaseDecreaseIncludingExchangeRateEffect,1534000000.0,USD,2019-01-01,2019-03-31,2020-04-29,10-Q,duration
cash_flow,cash_change,CashCashEquivalentsRestrictedCashAndRestrictedCashEquivalentsPeriodIncreaseDecreaseExcludingExchangeRateEffect,2435000000.0,USD,2019-01-01,2019-06-30,2019-07-31,10-Q,duration
cash_flow,cash_change,CashCashEquivalentsRestrictedCashAndRestrictedCashEquivalentsPeriodIncreaseDecreaseIncludingExchangeRateEffect,2435000000.0,USD,2019-01-01,2019-06-30,2020-08-05,10-Q,duration
cash_flow,cash_change,CashCashEquivalentsRestrictedCashAndRestrictedCashEquivalentsPeriodIncreaseDecreaseExcludingExchangeRateEffect,3184000000.0,USD,2019-01-01,2019-09-30,2019-11-06,10-Q,duration
cash_flow,cash_change,CashCashEquivalentsRestrictedCashAndRestrictedCashEquivalentsPeriodIncreaseDecreaseIncludingExchangeRateEffect,3184000000.0,USD,2019-01-01,2019-09-30,2020-11-03,10-Q,duration
cash_flow,cash_change,CashCashEquivalentsRestrictedCashAndRestrictedCashEquivalentsPeriodIncreaseDecreaseIncludingExchangeRateEffect,1711000000.0,USD,2019-01-01,2019-12-31,2020-02-20,10-K,duration
cash_flow,cash_change,CashCashEquivalentsRestrictedCashAndRestrictedCashEquivalentsPeriodIncreaseDecreaseIncludingExchangeRateEffect,1711000000.0,USD,2019-01-01,2019-12-31,2021-02-18,10-K,duration
cash_flow,cash_change,CashCashEquivalentsRestrictedCashAndRestrictedCashEquivalentsPeriodIncreaseDecreaseIncludingExchangeRateEffect,1711000000.0,USD,2019-01-01,2019-12-31,2022-02-17,10-K,duration
cash_flow,cash_change,CashCashEquivalentsRestrictedCashAndRestrictedCashEquivalentsPeriodIncreaseDecreaseIncludingExchangeRateEffect,2000000000.0,USD,2020-01-01,2020-03-31,2020-04-29,10-Q,duration
cash_flow,cash_change,CashCashEquivalentsRestrictedCashAndRestrictedCashEquivalentsPeriodIncreaseDecreaseIncludingExchangeRateEffect,2000000000.0,USD,2020-01-01,2020-03-31,2021-04-28,10-Q,duration
cash_flow,cash_change,CashCashEquivalentsRestrictedCashAndRestrictedCashEquivalentsPeriodIncreaseDecreaseIncludingExchangeRateEffect,3109000000.0,USD,2020-01-01,2020-06-30,2020-08-05,10-Q,duration
cash_flow,cash_change,CashCashEquivalentsRestrictedCashAndRestrictedCashEquivalentsPeriodIncreaseDecreaseIncludingExchangeRateEffect,3109000000.0,USD,2020-01-01,2020-06-30,2021-07-28,10-Q,duration
cash_flow,cash_change,CashCashEquivalentsRestrictedCashAndRestrictedCashEquivalentsPeriodIncreaseDecreaseIncludingExchangeRateEffect,3931000000.0,USD,2020-01-01,2020-09-30,2020-11-03,10-Q,duration
cash_flow,cash_change,CashCashEquivalentsRestrictedCashAndRestrictedCashEquivalentsPeriodIncreaseDecreaseIncludingExchangeRateEffect,3931000000.0,USD,2020-01-01,2020-09-30,2021-11-03,10-Q,duration
cash_flow,cash_change,CashCashEquivalentsRestrictedCashAndRestrictedCashEquivalentsPeriodIncreaseDecreaseIncludingExchangeRateEffect,619000000.0,USD,2020-01-01,2020-12-31,2021-02-18,10-K,duration
cash_flow,cash_change,CashCashEquivalentsRestrictedCashAndRestrictedCashEquivalentsPeriodIncreaseDecreaseIncludingExchangeRateEffect,619000000.0,USD,2020-01-01,2020-12-31,2022-02-17,10-K,duration
cash_flow,cash_change,CashCashEquivalentsRestrictedCashAndRestrictedCashEquivalentsPeriodIncreaseDecreaseIncludingExchangeRateEffect,619000000.0,USD,2020-01-01,2020-12-31,2023-02-16,10-K,duration
cash_flow,cash_change,CashCashEquivalentsRestrictedCashAndRestrictedCashEquivalentsPeriodIncreaseDecreaseIncludingExchangeRateEffect,-796000000.0,USD,2021-01-01,2021-03-31,2021-04-28,10-Q,duration
cash_flow,cash_change,CashCashEquivalentsRestrictedCashAndRestrictedCashEquivalentsPeriodIncreaseDecreaseIncludingExchangeRateEffect,-796000000.0,USD,2021-01-01,2021-03-31,2022-04-27,10-Q,duration
cash_flow,cash_change,CashCashEquivalentsRestrictedCashAndRestrictedCashEquivalentsPeriodIncreaseDecreaseIncludingExchangeRateEffect,-1295000000.0,USD,2021-01-01,2021-06-30,2021-07-28,10-Q,duration
cash_flow,cash_change,CashCashEquivalentsRestrictedCashAndRestrictedCashEquivalentsPeriodIncreaseDecreaseIncludingExchangeRateEffect,-1295000000.0,USD,2021-01-01,2021-06-30,2022-07-27,10-Q,duration
cash_flow,cash_change,CashCashEquivalentsRestrictedCashAndRestrictedCashEquivalentsPeriodIncreaseDecreaseIncludingExchangeRateEffect,-369000000.0,USD,2021-01-01,2021-09-30,2021-11-03,10-Q,duration
cash_flow,cash_change,CashCashEquivalentsRestrictedCashAndRestrictedCashEquivalentsPeriodIncreaseDecreaseIncludingExchangeRateEffect,-369000000.0,USD,2021-01-01,2021-09-30,2022-11-02,10-Q,duration
cash_flow,cash_change,CashCashEquivalentsRestrictedCashAndRestrictedCashEquivalentsPeriodIncreaseDecreaseIncludingExchangeRateEffect,-1279000000.0,USD,2021-01-01,2021-12-31,2022-02-17,10-K,duration
cash_flow,cash_change,CashCashEquivalentsRestrictedCashAndRestrictedCashEquivalentsPeriodIncreaseDecreaseIncludingExchangeRateEffect,-1279000000.0,USD,2021-01-01,2021-12-31,2023-02-16,10-K,duration
cash_flow,cash_change,CashCashEquivalentsRestrictedCashAndRestrictedCashEquivalentsPeriodIncreaseDecreaseIncludingExchangeRateEffect,-1279000000.0,USD,2021-01-01,2021-12-31,2024-02-15,10-K,duration
cash_flow,cash_change,CashCashEquivalentsRestrictedCashAndRestrictedCashEquivalentsPeriodIncreaseDecreaseIncludingExchangeRateEffect,1470000000.0,USD,2022-01-01,2022-03-31,2022-04-27,10-Q,duration
cash_flow,cash_change,CashCashEquivalentsRestrictedCashAndRestrictedCashEquivalentsPeriodIncreaseDecreaseIncludingExchangeRateEffect,1470000000.0,USD,2022-01-01,2022-03-31,2023-04-26,10-Q,duration
cash_flow,cash_change,CashCashEquivalentsRestrictedCashAndRestrictedCashEquivalentsPeriodIncreaseDecreaseIncludingExchangeRateEffect,1826000000.0,USD,2022-01-01,2022-06-30,2022-07-27,10-Q,duration
cash_flow,cash_change,CashCashEquivalentsRestrictedCashAndRestrictedCashEquivalentsPeriodIncreaseDecreaseIncludingExchangeRateEffect,1826000000.0,USD,2022-01-01,2022-06-30,2023-08-02,10-Q,duration
cash_flow,cash_change,CashCashEquivalentsRestrictedCashAndRestrictedCashEquivalentsPeriodIncreaseDecreaseIncludingExchangeRateEffect,10164000000.0,USD,2022-01-01,2022-09-30,2022-11-02,10-Q,duration
cash_flow,cash_change,CashCashEquivalentsRestrictedCashAndRestrictedCashEquivalentsPeriodIncreaseDecreaseIncludingExchangeRateEffect,10164000000.0,USD,2022-01-01,2022-09-30,2023-11-01,10-Q,duration
cash_flow,cash_change,CashCashEquivalentsRestrictedCashAndRestrictedCashEquivalentsPeriodIncreaseDecreaseIncludingExchangeRateEffect,1667000000.0,USD,2022-01-01,2022-12-31,2023-02-16,10-K,duration
cash_flow,cash_change,CashCashEquivalentsRestrictedCashAndRestrictedCashEquivalentsPeriodIncreaseDecreaseIncludingExchangeRateEffect,1667000000.0,USD,2022-01-01,2022-12-31,2024-02-15,10-K,duration
cash_flow,cash_change,CashCashEquivalentsRestrictedCashAndRestrictedCashEquivalentsPeriodIncreaseDecreaseIncludingExchangeRateEffect,1667000000.0,USD,2022-01-01,2022-12-31,2025-02-20,10-K,duration
cash_flow,cash_change,CashCashEquivalentsRestrictedCashAndRestrictedCashEquivalentsPeriodIncreaseDecreaseIncludingExchangeRateEffect,8674000000.0,USD,2023-01-01,2023-03-31,2023-04-26,10-Q,duration
cash_flow,cash_change,CashCashEquivalentsRestrictedCashAndRestrictedCashEquivalentsPeriodIncreaseDecreaseIncludingExchangeRateEffect,8674000000.0,USD,2023-01-01,2023-03-31,2024-04-24,10-Q,duration
cash_flow,cash_change,CashCashEquivalentsRestrictedCashAndRestrictedCashEquivalentsPeriodIncreaseDecreaseIncludingExchangeRateEffect,11153000000.0,USD,2023-01-01,2023-06-30,2023-08-02,10-Q,duration
cash_flow,cash_change,CashCashEquivalentsRestrictedCashAndRestrictedCashEquivalentsPeriodIncreaseDecreaseIncludingExchangeRateEffect,11153000000.0,USD,2023-01-01,2023-06-30,2024-07-31,10-Q,duration
cash_flow,cash_change,CashCashEquivalentsRestrictedCashAndRestrictedCashEquivalentsPeriodIncreaseDecreaseIncludingExchangeRateEffect,10087000000.0,USD,2023-01-01,2023-09-30,2023-11-01,10-Q,duration
cash_flow,cash_change,CashCashEquivalentsRestrictedCashAndRestrictedCashEquivalentsPeriodIncreaseDecreaseIncludingExchangeRateEffect,10087000000.0,USD,2023-01-01,2023-09-30,2024-10-30,10-Q,duration
cash_flow,cash_change,CashCashEquivalentsRestrictedCashAndRestrictedCashEquivalentsPeriodIncreaseDecreaseIncludingExchangeRateEffect,-367000000.0,USD,2023-01-01,2023-12-31,2024-02-15,10-K,duration
cash_flow,cash_change,CashCashEquivalentsRestrictedCashAndRestrictedCashEquivalentsPeriodIncreaseDecreaseIncludingExchangeRateEffect,-367000000.0,USD,2023-01-01,2023-12-31,2025-02-20,10-K,duration
cash_flow,cash_change,CashCashEquivalentsRestrictedCashAndRestrictedCashEquivalentsPeriodIncreaseDecreaseIncludingExchangeRateEffect,-367000000.0,USD,2023-01-01,2023-12-31,2026-02-19,10-K,duration
cash_flow,cash_change,CashCashEquivalentsRestrictedCashAndRestrictedCashEquivalentsPeriodIncreaseDecreaseIncludingExchangeRateEffect,1216000000.0,USD,2024-01-01,2024-03-31,2024-04-24,10-Q,duration
cash_flow,cash_change,CashCashEquivalentsRestrictedCashAndRestrictedCashEquivalentsPeriodIncreaseDecreaseIncludingExchangeRateEffect,1216000000.0,USD,2024-01-01,2024-03-31,2025-04-30,10-Q,duration
cash_flow,cash_change,CashCashEquivalentsRestrictedCashAndRestrictedCashEquivalentsPeriodIncreaseDecreaseIncludingExchangeRateEffect,807000000.0,USD,2024-01-01,2024-06-30,2024-07-31,10-Q,duration
cash_flow,cash_change,CashCashEquivalentsRestrictedCashAndRestrictedCashEquivalentsPeriodIncreaseDecreaseIncludingExchangeRateEffect,807000000.0,USD,2024-01-01,2024-06-30,2025-07-30,10-Q,duration
cash_flow,cash_change,CashCashEquivalentsRestrictedCashAndRestrictedCashEquivalentsPeriodIncreaseDecreaseIncludingExchangeRateEffect,422000000.0,USD,2024-01-01,2024-09-30,2024-10-30,10-Q,duration
cash_flow,cash_change,CashCashEquivalentsRestrictedCashAndRestrictedCashEquivalentsPeriodIncreaseDecreaseIncludingExchangeRateEffect,422000000.0,USD,2024-01-01,2024-09-30,2025-11-05,10-Q,duration
cash_flow,cash_change,CashCashEquivalentsRestrictedCashAndRestrictedCashEquivalentsPeriodIncreaseDecreaseIncludingExchangeRateEffect,-2473000000.0,USD,2024-01-01,2024-12-31,2025-02-20,10-K,duration
cash_flow,cash_change,CashCashEquivalentsRestrictedCashAndRestrictedCashEquivalentsPeriodIncreaseDecreaseIncludingExchangeRateEffect,-2473000000.0,USD,2024-01-01,2024-12-31,2026-02-19,10-K,duration
cash_flow,cash_change,CashCashEquivalentsRestrictedCashAndRestrictedCashEquivalentsPeriodIncreaseDecreaseIncludingExchangeRateEffect,2029000000.0,USD,2025-01-01,2025-03-31,2025-04-30,10-Q,duration
cash_flow,cash_change,CashCashEquivalentsRestrictedCashAndRestrictedCashEquivalentsPeriodIncreaseDecreaseIncludingExchangeRateEffect,2029000000.0,USD,2025-01-01,2025-03-31,2026-04-29,10-Q,duration
cash_flow,cash_change,CashCashEquivalentsRestrictedCashAndRestrictedCashEquivalentsPeriodIncreaseDecreaseIncludingExchangeRateEffect,1819000000.0,USD,2025-01-01,2025-06-30,2025-07-30,10-Q,duration
cash_flow,cash_change,CashCashEquivalentsRestrictedCashAndRestrictedCashEquivalentsPeriodIncreaseDecreaseIncludingExchangeRateEffect,3167000000.0,USD,2025-01-01,2025-09-30,2025-11-05,10-Q,duration
cash_flow,cash_change,CashCashEquivalentsRestrictedCashAndRestrictedCashEquivalentsPeriodIncreaseDecreaseIncludingExchangeRateEffect,1979000000.0,USD,2025-01-01,2025-12-31,2026-02-19,10-K,duration
cash_flow,cash_change,CashCashEquivalentsRestrictedCashAndRestrictedCashEquivalentsPeriodIncreaseDecreaseIncludingExchangeRateEffect,751000000.0,USD,2026-01-01,2026-03-31,2026-04-29,10-Q,duration
cash_flow,debt_activity,PaymentsOfDebtIssuanceCosts,0.0,USD,2007-01-01,2007-12-31,2010-02-19,10-K,duration
cash_flow,debt_activity,PaymentsOfDebtIssuanceCosts,5480000.0,USD,2008-01-01,2008-06-30,2009-08-03,10-Q,duration
cash_flow,debt_activity,PaymentsOfDebtIssuanceCosts,6662000.0,USD,2008-01-01,2008-09-30,2009-11-03,10-Q,duration
cash_flow,debt_activity,PaymentsOfDebtIssuanceCosts,6696000.0,USD,2008-01-01,2008-12-31,2010-02-19,10-K,duration
cash_flow,debt_activity,PaymentsOfDebtIssuanceCosts,6696000.0,USD,2008-01-01,2008-12-31,2011-02-18,10-K,duration
cash_flow,debt_activity,PaymentsOfDebtIssuanceCosts,6696000.0,USD,2008-01-01,2008-12-31,2011-10-20,8-K,duration
cash_flow,debt_activity,PaymentsOfDebtIssuanceCosts,0.0,USD,2009-01-01,2009-06-30,2009-08-03,10-Q,duration
cash_flow,debt_activity,PaymentsOfDebtIssuanceCosts,0.0,USD,2009-01-01,2009-09-30,2009-11-03,10-Q,duration
cash_flow,debt_activity,PaymentsOfDebtIssuanceCosts,0.0,USD,2009-01-01,2009-12-31,2010-02-19,10-K,duration
cash_flow,debt_activity,PaymentsOfDebtIssuanceCosts,0.0,USD,2009-01-01,2009-12-31,2011-02-18,10-K,duration
cash_flow,debt_activity,PaymentsOfDebtIssuanceCosts,0.0,USD,2009-01-01,2009-12-31,2011-10-20,8-K,duration
cash_flow,debt_activity,PaymentsOfDebtIssuanceCosts,7777000.0,USD,2010-01-01,2010-12-31,2011-02-18,10-K,duration
cash_flow,debt_activity,PaymentsOfDebtIssuanceCosts,7777000.0,USD,2010-01-01,2010-12-31,2011-10-20,8-K,duration
cash_flow,debt_activity,PaymentsOfDebtIssuanceCosts,0.0,USD,2019-01-01,2019-12-31,2022-02-17,10-K,duration
cash_flow,debt_activity,PaymentsOfDebtIssuanceCosts,0.0,USD,2020-01-01,2020-06-30,2021-07-28,10-Q,duration
cash_flow,debt_activity,PaymentsOfDebtIssuanceCosts,0.0,USD,2020-01-01,2020-09-30,2021-11-03,10-Q,duration
cash_flow,debt_activity,PaymentsOfDebtIssuanceCosts,0.0,USD,2020-01-01,2020-12-31,2022-02-17,10-K,duration
cash_flow,debt_activity,PaymentsOfDebtIssuanceCosts,0.0,USD,2020-01-01,2020-12-31,2023-02-16,10-K,duration
cash_flow,debt_activity,PaymentsOfDebtIssuanceCosts,0.0,USD,2021-01-01,2021-03-31,2022-04-27,10-Q,duration
cash_flow,debt_activity,PaymentsOfDebtIssuanceCosts,21000000.0,USD,2021-01-01,2021-06-30,2021-07-28,10-Q,duration
cash_flow,debt_activity,PaymentsOfDebtIssuanceCosts,21000000.0,USD,2021-01-01,2021-06-30,2022-07-27,10-Q,duration
cash_flow,debt_activity,PaymentsOfDebtIssuanceCosts,29000000.0,USD,2021-01-01,2021-09-30,2021-11-03,10-Q,duration
cash_flow,debt_activity,PaymentsOfDebtIssuanceCosts,29000000.0,USD,2021-01-01,2021-09-30,2022-11-02,10-Q,duration
cash_flow,debt_activity,PaymentsOfDebtIssuanceCosts,31000000.0,USD,2021-01-01,2021-12-31,2022-02-17,10-K,duration
cash_flow,debt_activity,PaymentsOfDebtIssuanceCosts,31000000.0,USD,2021-01-01,2021-12-31,2023-02-16,10-K,duration
cash_flow,debt_activity,PaymentsOfDebtIssuanceCosts,31000000.0,USD,2021-01-01,2021-12-31,2024-02-15,10-K,duration
cash_flow,debt_activity,PaymentsOfDebtIssuanceCosts,1000000.0,USD,2022-01-01,2022-03-31,2022-04-27,10-Q,duration
cash_flow,debt_activity,PaymentsOfDebtIssuanceCosts,1000000.0,USD,2022-01-01,2022-03-31,2023-04-26,10-Q,duration
cash_flow,debt_activity,PaymentsOfDebtIssuanceCosts,2000000.0,USD,2022-01-01,2022-06-30,2022-07-27,10-Q,duration
cash_flow,debt_activity,PaymentsOfDebtIssuanceCosts,2000000.0,USD,2022-01-01,2022-06-30,2023-08-02,10-Q,duration
cash_flow,debt_activity,PaymentsOfDebtIssuanceCosts,2000000.0,USD,2022-01-01,2022-09-30,2022-11-02,10-Q,duration
cash_flow,debt_activity,PaymentsOfDebtIssuanceCosts,2000000.0,USD,2022-01-01,2022-09-30,2023-11-01,10-Q,duration
cash_flow,debt_activity,PaymentsOfDebtIssuanceCosts,6000000.0,USD,2022-01-01,2022-12-31,2023-02-16,10-K,duration
cash_flow,debt_activity,PaymentsOfDebtIssuanceCosts,6000000.0,USD,2022-01-01,2022-12-31,2024-02-15,10-K,duration
cash_flow,debt_activity,PaymentsOfDebtIssuanceCosts,6000000.0,USD,2022-01-01,2022-12-31,2025-02-20,10-K,duration
cash_flow,debt_activity,PaymentsOfDebtIssuanceCosts,4000000.0,USD,2023-01-01,2023-03-31,2023-04-26,10-Q,duration
cash_flow,debt_activity,PaymentsOfDebtIssuanceCosts,4000000.0,USD,2023-01-01,2023-03-31,2024-04-24,10-Q,duration
cash_flow,debt_activity,PaymentsOfDebtIssuanceCosts,4000000.0,USD,2023-01-01,2023-06-30,2023-08-02,10-Q,duration
cash_flow,debt_activity,PaymentsOfDebtIssuanceCosts,4000000.0,USD,2023-01-01,2023-06-30,2024-07-31,10-Q,duration
cash_flow,debt_activity,PaymentsOfDebtIssuanceCosts,4000000.0,USD,2023-01-01,2023-09-30,2023-11-01,10-Q,duration
cash_flow,debt_activity,PaymentsOfDebtIssuanceCosts,4000000.0,USD,2023-01-01,2023-09-30,2024-10-30,10-Q,duration
cash_flow,debt_activity,PaymentsOfDebtIssuanceCosts,7000000.0,USD,2023-01-01,2023-12-31,2024-02-15,10-K,duration
cash_flow,debt_activity,PaymentsOfDebtIssuanceCosts,7000000.0,USD,2023-01-01,2023-12-31,2025-02-20,10-K,duration
cash_flow,debt_activity,PaymentsOfDebtIssuanceCosts,7000000.0,USD,2023-01-01,2023-12-31,2026-02-19,10-K,duration
cash_flow,debt_activity,PaymentsOfDebtIssuanceCosts,5000000.0,USD,2024-01-01,2024-03-31,2024-04-24,10-Q,duration
cash_flow,debt_activity,PaymentsOfDebtIssuanceCosts,5000000.0,USD,2024-01-01,2024-03-31,2025-04-30,10-Q,duration
cash_flow,debt_activity,PaymentsOfDebtIssuanceCosts,7000000.0,USD,2024-01-01,2024-06-30,2024-07-31,10-Q,duration
cash_flow,debt_activity,PaymentsOfDebtIssuanceCosts,7000000.0,USD,2024-01-01,2024-06-30,2025-07-30,10-Q,duration
cash_flow,debt_activity,PaymentsOfDebtIssuanceCosts,7000000.0,USD,2024-01-01,2024-09-30,2024-10-30,10-Q,duration
cash_flow,debt_activity,PaymentsOfDebtIssuanceCosts,7000000.0,USD,2024-01-01,2024-09-30,2025-11-05,10-Q,duration
cash_flow,debt_activity,PaymentsOfDebtIssuanceCosts,7000000.0,USD,2024-01-01,2024-12-31,2025-02-20,10-K,duration
cash_flow,debt_activity,PaymentsOfDebtIssuanceCosts,7000000.0,USD,2024-01-01,2024-12-31,2026-02-19,10-K,duration
cash_flow,debt_activity,PaymentsOfDebtIssuanceCosts,3000000.0,USD,2025-01-01,2025-03-31,2025-04-30,10-Q,duration
cash_flow,debt_activity,PaymentsOfDebtIssuanceCosts,3000000.0,USD,2025-01-01,2025-03-31,2026-04-29,10-Q,duration
cash_flow,debt_activity,PaymentsOfDebtIssuanceCosts,5000000.0,USD,2025-01-01,2025-06-30,2025-07-30,10-Q,duration
cash_flow,debt_activity,PaymentsOfDebtIssuanceCosts,5000000.0,USD,2025-01-01,2025-09-30,2025-11-05,10-Q,duration
cash_flow,debt_activity,PaymentsOfDebtIssuanceCosts,5000000.0,USD,2025-01-01,2025-12-31,2026-02-19,10-K,duration
cash_flow,debt_activity,PaymentsOfDebtIssuanceCosts,0.0,USD,2026-01-01,2026-03-31,2026-04-29,10-Q,duration
cash_flow,debt_issued,ProceedsFromIssuanceOfSeniorLongTermDebt,0.0,USD,2007-01-01,2007-12-31,2010-02-19,10-K,duration
cash_flow,debt_issued,ProceedsFromLongTermLinesOfCredit,1685000000.0,USD,2007-01-01,2007-12-31,2010-02-19,10-K,duration
cash_flow,debt_issued,ProceedsFromIssuanceOfSeniorLongTermDebt,749247000.0,USD,2008-01-01,2008-06-30,2009-08-03,10-Q,duration
cash_flow,debt_issued,ProceedsFromLongTermLinesOfCredit,425000000.0,USD,2008-01-01,2008-06-30,2009-08-03,10-Q,duration
cash_flow,debt_issued,ProceedsFromIssuanceOfSeniorLongTermDebt,749247000.0,USD,2008-01-01,2008-09-30,2009-11-03,10-Q,duration
cash_flow,debt_issued,ProceedsFromLongTermLinesOfCredit,425000000.0,USD,2008-01-01,2008-09-30,2009-11-03,10-Q,duration
cash_flow,debt_issued,ProceedsFromIssuanceOfSeniorLongTermDebt,749247000.0,USD,2008-01-01,2008-12-31,2010-02-19,10-K,duration
cash_flow,debt_issued,ProceedsFromLongTermLinesOfCredit,1175000000.0,USD,2008-01-01,2008-12-31,2010-02-19,10-K,duration
cash_flow,debt_issued,ProceedsFromIssuanceOfSeniorLongTermDebt,749247000.0,USD,2008-01-01,2008-12-31,2011-02-18,10-K,duration
cash_flow,debt_issued,ProceedsFromLongTermLinesOfCredit,1175000000.0,USD,2008-01-01,2008-12-31,2011-02-18,10-K,duration
cash_flow,debt_issued,ProceedsFromIssuanceOfSeniorLongTermDebt,749247000.0,USD,2008-01-01,2008-12-31,2011-10-20,8-K,duration
cash_flow,debt_issued,ProceedsFromLongTermLinesOfCredit,1175000000.0,USD,2008-01-01,2008-12-31,2011-10-20,8-K,duration
cash_flow,debt_issued,ProceedsFromIssuanceOfSeniorLongTermDebt,0.0,USD,2009-01-01,2009-06-30,2009-08-03,10-Q,duration
cash_flow,debt_issued,ProceedsFromLongTermLinesOfCredit,0.0,USD,2009-01-01,2009-06-30,2009-08-03,10-Q,duration
cash_flow,debt_issued,ProceedsFromIssuanceOfSeniorLongTermDebt,0.0,USD,2009-01-01,2009-09-30,2009-11-03,10-Q,duration
cash_flow,debt_issued,ProceedsFromLongTermLinesOfCredit,0.0,USD,2009-01-01,2009-09-30,2009-11-03,10-Q,duration
cash_flow,debt_issued,ProceedsFromIssuanceOfSeniorLongTermDebt,0.0,USD,2009-01-01,2009-12-31,2010-02-19,10-K,duration
cash_flow,debt_issued,ProceedsFromLongTermLinesOfCredit,0.0,USD,2009-01-01,2009-12-31,2010-02-19,10-K,duration
cash_flow,debt_issued,ProceedsFromIssuanceOfSeniorLongTermDebt,0.0,USD,2009-01-01,2009-12-31,2011-02-18,10-K,duration
cash_flow,debt_issued,ProceedsFromLongTermLinesOfCredit,0.0,USD,2009-01-01,2009-12-31,2011-02-18,10-K,duration
cash_flow,debt_issued,ProceedsFromIssuanceOfSeniorLongTermDebt,0.0,USD,2009-01-01,2009-12-31,2011-10-20,8-K,duration
cash_flow,debt_issued,ProceedsFromLongTermLinesOfCredit,0.0,USD,2009-01-01,2009-12-31,2011-10-20,8-K,duration
cash_flow,debt_issued,ProceedsFromIssuanceOfSeniorLongTermDebt,0.0,USD,2010-01-01,2010-12-31,2011-02-18,10-K,duration
cash_flow,debt_issued,ProceedsFromLongTermLinesOfCredit,0.0,USD,2010-01-01,2010-12-31,2011-02-18,10-K,duration
cash_flow,debt_issued,ProceedsFromIssuanceOfSeniorLongTermDebt,0.0,USD,2010-01-01,2010-12-31,2011-10-20,8-K,duration
cash_flow,debt_issued,ProceedsFromLongTermLinesOfCredit,0.0,USD,2010-01-01,2010-12-31,2011-10-20,8-K,duration
cash_flow,debt_issued,ProceedsFromIssuanceOfSeniorLongTermDebt,0.0,USD,2010-01-01,2010-12-31,2013-02-22,10-K,duration
cash_flow,debt_issued,ProceedsFromIssuanceOfSeniorLongTermDebt,0.0,USD,2011-01-01,2011-12-31,2013-02-22,10-K,duration
cash_flow,debt_issued,ProceedsFromIssuanceOfSeniorLongTermDebt,0.0,USD,2011-01-01,2011-12-31,2014-02-19,10-K,duration
cash_flow,debt_issued,ProceedsFromIssuanceOfSeniorLongTermDebt,0.0,USD,2011-01-01,2011-12-31,2014-09-16,8-K,duration
cash_flow,debt_issued,ProceedsFromIssuanceOfSeniorLongTermDebt,990000000.0,USD,2012-01-01,2012-12-31,2013-02-22,10-K,duration
cash_flow,debt_issued,ProceedsFromIssuanceOfSeniorLongTermDebt,990000000.0,USD,2012-01-01,2012-12-31,2014-02-19,10-K,duration
cash_flow,debt_issued,ProceedsFromIssuanceOfSeniorLongTermDebt,990000000.0,USD,2012-01-01,2012-12-31,2014-09-16,8-K,duration
cash_flow,debt_issued,ProceedsFromIssuanceOfSeniorLongTermDebt,990000000.0,USD,2012-01-01,2012-12-31,2015-02-18,10-K,duration
cash_flow,debt_issued,ProceedsFromIssuanceOfSeniorLongTermDebt,990000000.0,USD,2012-01-01,2012-12-31,2015-08-10,8-K,duration
cash_flow,debt_issued,ProceedsFromIssuanceOfSeniorLongTermDebt,0.0,USD,2013-01-01,2013-09-30,2014-11-07,10-Q,duration
cash_flow,debt_issued,ProceedsFromIssuanceOfSeniorLongTermDebt,0.0,USD,2013-01-01,2013-12-31,2014-02-19,10-K,duration
cash_flow,debt_issued,ProceedsFromIssuanceOfSeniorLongTermDebt,0.0,USD,2013-01-01,2013-12-31,2014-09-16,8-K,duration
cash_flow,debt_issued,ProceedsFromIssuanceOfSeniorLongTermDebt,0.0,USD,2013-01-01,2013-12-31,2015-02-18,10-K,duration
cash_flow,debt_issued,ProceedsFromIssuanceOfSeniorLongTermDebt,0.0,USD,2013-01-01,2013-12-31,2015-08-10,8-K,duration
cash_flow,debt_issued,ProceedsFromIssuanceOfCommercialPaper,0.0,USD,2013-01-01,2013-12-31,2016-02-18,10-K,duration
cash_flow,debt_issued,ProceedsFromIssuanceOfSeniorLongTermDebt,0.0,USD,2013-01-01,2013-12-31,2016-02-18,10-K,duration
cash_flow,debt_issued,ProceedsFromIssuanceOfCommercialPaper,0.0,USD,2014-01-01,2014-06-30,2015-07-29,10-Q,duration
cash_flow,debt_issued,ProceedsFromIssuanceOfSeniorLongTermDebt,1733000000.0,USD,2014-01-01,2014-09-30,2014-11-07,10-Q,duration
cash_flow,debt_issued,ProceedsFromIssuanceOfCommercialPaper,0.0,USD,2014-01-01,2014-09-30,2015-11-06,10-Q,duration
cash_flow,debt_issued,ProceedsFromIssuanceOfSeniorLongTermDebt,1733000000.0,USD,2014-01-01,2014-09-30,2015-11-06,10-Q,duration
cash_flow,debt_issued,ProceedsFromIssuanceOfSeniorLongTermDebt,1733000000.0,USD,2014-01-01,2014-12-31,2015-02-18,10-K,duration
cash_flow,debt_issued,ProceedsFromIssuanceOfSeniorLongTermDebt,1733000000.0,USD,2014-01-01,2014-12-31,2015-08-10,8-K,duration
cash_flow,debt_issued,ProceedsFromIssuanceOfCommercialPaper,0.0,USD,2014-01-01,2014-12-31,2016-02-18,10-K,duration
cash_flow,debt_issued,ProceedsFromIssuanceOfSeniorLongTermDebt,1733000000.0,USD,2014-01-01,2014-12-31,2016-02-18,10-K,duration
cash_flow,debt_issued,ProceedsFromIssuanceOfSeniorLongTermDebt,1733000000.0,USD,2014-01-01,2014-12-31,2017-02-17,10-K,duration
cash_flow,debt_issued,ProceedsFromIssuanceOfSeniorLongTermDebt,1733000000.0,USD,2014-01-01,2014-12-31,2017-12-14,8-K,duration
cash_flow,debt_issued,ProceedsFromIssuanceOfCommercialPaper,300000000.0,USD,2015-01-01,2015-06-30,2015-07-29,10-Q,duration
cash_flow,debt_issued,ProceedsFromIssuanceOfCommercialPaper,300000000.0,USD,2015-01-01,2015-06-30,2016-08-03,10-Q,duration
cash_flow,debt_issued,ProceedsFromIssuanceOfCommercialPaper,10000000.0,USD,2015-01-01,2015-09-30,2015-11-06,10-Q,duration
cash_flow,debt_issued,ProceedsFromIssuanceOfSeniorLongTermDebt,0.0,USD,2015-01-01,2015-09-30,2015-11-06,10-Q,duration
cash_flow,debt_issued,ProceedsFromIssuanceOfCommercialPaper,298000000.0,USD,2015-01-01,2015-12-31,2016-02-18,10-K,duration
cash_flow,debt_issued,ProceedsFromIssuanceOfSeniorLongTermDebt,0.0,USD,2015-01-01,2015-12-31,2016-02-18,10-K,duration
cash_flow,debt_issued,ProceedsFromIssuanceOfSeniorLongTermDebt,0.0,USD,2015-01-01,2015-12-31,2017-02-17,10-K,duration
cash_flow,debt_issued,ProceedsFromIssuanceOfSeniorLongTermDebt,0.0,USD,2015-01-01,2015-12-31,2017-12-14,8-K,duration
cash_flow,debt_issued,ProceedsFromIssuanceOfSeniorLongTermDebt,0.0,USD,2015-01-01,2015-12-31,2018-02-16,10-K,duration
cash_flow,debt_issued,ProceedsFromIssuanceOfSeniorLongTermDebt,0.0,USD,2016-01-01,2016-03-31,2017-05-03,10-Q,duration
cash_flow,debt_issued,ProceedsFromIssuanceOfCommercialPaper,0.0,USD,2016-01-01,2016-06-30,2016-08-03,10-Q,duration
cash_flow,debt_issued,ProceedsFromIssuanceOfSeniorLongTermDebt,0.0,USD,2016-01-01,2016-06-30,2017-08-02,10-Q,duration
cash_flow,debt_issued,ProceedsFromIssuanceOfSeniorLongTermDebt,0.0,USD,2016-01-01,2016-09-30,2017-11-08,10-Q,duration
cash_flow,debt_issued,ProceedsFromIssuanceOfSeniorLongTermDebt,0.0,USD,2016-01-01,2016-12-31,2017-02-17,10-K,duration
cash_flow,debt_issued,ProceedsFromIssuanceOfSeniorLongTermDebt,0.0,USD,2016-01-01,2016-12-31,2017-12-14,8-K,duration
cash_flow,debt_issued,ProceedsFromIssuanceOfSeniorLongTermDebt,0.0,USD,2016-01-01,2016-12-31,2018-02-16,10-K,duration
cash_flow,debt_issued,ProceedsFromIssuanceOfSeniorLongTermDebt,0.0,USD,2016-01-01,2016-12-31,2019-02-21,10-K,duration
cash_flow,debt_issued,ProceedsFromShortTermDebt,0.0,USD,2016-01-01,2016-12-31,2019-02-21,10-K,duration
cash_flow,debt_issued,ProceedsFromIssuanceOfSeniorLongTermDebt,991000000.0,USD,2017-01-01,2017-03-31,2017-05-03,10-Q,duration
cash_flow,debt_issued,ProceedsFromIssuanceOfSeniorLongTermDebt,991000000.0,USD,2017-01-01,2017-03-31,2018-05-02,10-Q,duration
cash_flow,debt_issued,ProceedsFromIssuanceOfSeniorLongTermDebt,985000000.0,USD,2017-01-01,2017-06-30,2017-08-02,10-Q,duration
cash_flow,debt_issued,ProceedsFromIssuanceOfSeniorLongTermDebt,985000000.0,USD,2017-01-01,2017-06-30,2018-08-01,10-Q,duration
cash_flow,debt_issued,ProceedsFromIssuanceOfSeniorLongTermDebt,985000000.0,USD,2017-01-01,2017-09-30,2017-11-08,10-Q,duration
cash_flow,debt_issued,ProceedsFromIssuanceOfSeniorLongTermDebt,985000000.0,USD,2017-01-01,2017-09-30,2018-11-07,10-Q,duration
cash_flow,debt_issued,ProceedsFromIssuanceOfSeniorLongTermDebt,1779000000.0,USD,2017-01-01,2017-12-31,2018-02-16,10-K,duration
cash_flow,debt_issued,ProceedsFromIssuanceOfSeniorLongTermDebt,1779000000.0,USD,2017-01-01,2017-12-31,2019-02-21,10-K,duration
cash_flow,debt_issued,ProceedsFromShortTermDebt,0.0,USD,2017-01-01,2017-12-31,2019-02-21,10-K,duration
cash_flow,debt_issued,ProceedsFromIssuanceOfSeniorLongTermDebt,1779000000.0,USD,2017-01-01,2017-12-31,2020-02-20,10-K,duration
cash_flow,debt_issued,ProceedsFromNotesPayable,0.0,USD,2017-01-01,2017-12-31,2020-02-20,10-K,duration
cash_flow,debt_issued,ProceedsFromIssuanceOfSeniorLongTermDebt,0.0,USD,2018-01-01,2018-03-31,2018-05-02,10-Q,duration
cash_flow,debt_issued,ProceedsFromIssuanceOfSeniorLongTermDebt,0.0,USD,2018-01-01,2018-06-30,2018-08-01,10-Q,duration
cash_flow,debt_issued,ProceedsFromIssuanceOfSeniorLongTermDebt,0.0,USD,2018-01-01,2018-09-30,2018-11-07,10-Q,duration
cash_flow,debt_issued,ProceedsFromIssuanceOfSeniorLongTermDebt,0.0,USD,2018-01-01,2018-09-30,2019-11-06,10-Q,duration
cash_flow,debt_issued,ProceedsFromIssuanceOfSeniorLongTermDebt,0.0,USD,2018-01-01,2018-12-31,2019-02-21,10-K,duration
cash_flow,debt_issued,ProceedsFromShortTermDebt,1000000000.0,USD,2018-01-01,2018-12-31,2019-02-21,10-K,duration
cash_flow,debt_issued,ProceedsFromIssuanceOfSeniorLongTermDebt,0.0,USD,2018-01-01,2018-12-31,2020-02-20,10-K,duration
cash_flow,debt_issued,ProceedsFromNotesPayable,1000000000.0,USD,2018-01-01,2018-12-31,2020-02-20,10-K,duration
cash_flow,debt_issued,ProceedsFromIssuanceOfCommercialPaper,485000000.0,USD,2018-01-01,2018-12-31,2021-02-18,10-K,duration
cash_flow,debt_issued,ProceedsFromIssuanceOfSeniorLongTermDebt,0.0,USD,2018-01-01,2018-12-31,2021-02-18,10-K,duration
cash_flow,debt_issued,ProceedsFromNotesPayable,1000000000.0,USD,2018-01-01,2018-12-31,2021-02-18,10-K,duration
cash_flow,debt_issued,ProceedsFromIssuanceOfCommercialPaper,17000000.0,USD,2019-01-01,2019-03-31,2020-04-29,10-Q,duration
cash_flow,debt_issued,ProceedsFromIssuanceOfSeniorLongTermDebt,0.0,USD,2019-01-01,2019-03-31,2020-04-29,10-Q,duration
cash_flow,debt_issued,ProceedsFromNotesPayable,0.0,USD,2019-01-01,2019-03-31,2020-04-29,10-Q,duration
cash_flow,debt_issued,ProceedsFromIssuanceOfSeniorLongTermDebt,0.0,USD,2019-01-01,2019-06-30,2020-08-05,10-Q,duration
cash_flow,debt_issued,ProceedsFromNotesPayable,0.0,USD,2019-01-01,2019-06-30,2020-08-05,10-Q,duration
cash_flow,debt_issued,ProceedsFromIssuanceOfSeniorLongTermDebt,987000000.0,USD,2019-01-01,2019-09-30,2019-11-06,10-Q,duration
cash_flow,debt_issued,ProceedsFromIssuanceOfSeniorLongTermDebt,987000000.0,USD,2019-01-01,2019-09-30,2020-11-03,10-Q,duration
cash_flow,debt_issued,ProceedsFromNotesPayable,0.0,USD,2019-01-01,2019-09-30,2020-11-03,10-Q,duration
cash_flow,debt_issued,ProceedsFromIssuanceOfSeniorLongTermDebt,987000000.0,USD,2019-01-01,2019-12-31,2020-02-20,10-K,duration
cash_flow,debt_issued,ProceedsFromNotesPayable,0.0,USD,2019-01-01,2019-12-31,2020-02-20,10-K,duration
cash_flow,debt_issued,ProceedsFromIssuanceOfSeniorLongTermDebt,987000000.0,USD,2019-01-01,2019-12-31,2021-02-18,10-K,duration
cash_flow,debt_issued,ProceedsFromNotesPayable,0.0,USD,2019-01-01,2019-12-31,2021-02-18,10-K,duration
cash_flow,debt_issued,ProceedsFromIssuanceOfSeniorLongTermDebt,987000000.0,USD,2019-01-01,2019-12-31,2022-02-17,10-K,duration
cash_flow,debt_issued,ProceedsFromNotesPayable,0.0,USD,2019-01-01,2019-12-31,2022-02-17,10-K,duration
cash_flow,debt_issued,ProceedsFromIssuanceOfCommercialPaper,198000000.0,USD,2020-01-01,2020-03-31,2020-04-29,10-Q,duration
cash_flow,debt_issued,ProceedsFromIssuanceOfSeniorLongTermDebt,1090000000.0,USD,2020-01-01,2020-03-31,2020-04-29,10-Q,duration
cash_flow,debt_issued,ProceedsFromNotesPayable,1000000000.0,USD,2020-01-01,2020-03-31,2020-04-29,10-Q,duration
cash_flow,debt_issued,ProceedsFromIssuanceOfCommercialPaper,198000000.0,USD,2020-01-01,2020-03-31,2021-04-28,10-Q,duration
cash_flow,debt_issued,ProceedsFromIssuanceOfSeniorLongTermDebt,1090000000.0,USD,2020-01-01,2020-03-31,2021-04-28,10-Q,duration
cash_flow,debt_issued,ProceedsFromNotesPayable,1000000000.0,USD,2020-01-01,2020-03-31,2021-04-28,10-Q,duration
cash_flow,debt_issued,ProceedsFromIssuanceOfCommercialPaper,21000000.0,USD,2020-01-01,2020-06-30,2020-08-05,10-Q,duration
cash_flow,debt_issued,ProceedsFromIssuanceOfSeniorLongTermDebt,1088000000.0,USD,2020-01-01,2020-06-30,2020-08-05,10-Q,duration
cash_flow,debt_issued,ProceedsFromNotesPayable,1000000000.0,USD,2020-01-01,2020-06-30,2020-08-05,10-Q,duration
cash_flow,debt_issued,ProceedsFromIssuanceOfCommercialPaper,21000000.0,USD,2020-01-01,2020-06-30,2021-07-28,10-Q,duration
cash_flow,debt_issued,ProceedsFromIssuanceOfSeniorLongTermDebt,1088000000.0,USD,2020-01-01,2020-06-30,2021-07-28,10-Q,duration
cash_flow,debt_issued,ProceedsFromNotesPayable,1000000000.0,USD,2020-01-01,2020-06-30,2021-07-28,10-Q,duration
cash_flow,debt_issued,ProceedsFromIssuanceOfCommercialPaper,21000000.0,USD,2020-01-01,2020-09-30,2020-11-03,10-Q,duration
cash_flow,debt_issued,ProceedsFromIssuanceOfSeniorLongTermDebt,1088000000.0,USD,2020-01-01,2020-09-30,2020-11-03,10-Q,duration
cash_flow,debt_issued,ProceedsFromNotesPayable,1000000000.0,USD,2020-01-01,2020-09-30,2020-11-03,10-Q,duration
cash_flow,debt_issued,ProceedsFromIssuanceOfCommercialPaper,21000000.0,USD,2020-01-01,2020-09-30,2021-11-03,10-Q,duration
cash_flow,debt_issued,ProceedsFromIssuanceOfSeniorLongTermDebt,1088000000.0,USD,2020-01-01,2020-09-30,2021-11-03,10-Q,duration
cash_flow,debt_issued,ProceedsFromNotesPayable,1000000000.0,USD,2020-01-01,2020-09-30,2021-11-03,10-Q,duration
cash_flow,debt_issued,ProceedsFromIssuanceOfCommercialPaper,295000000.0,USD,2020-01-01,2020-12-31,2021-02-18,10-K,duration
cash_flow,debt_issued,ProceedsFromIssuanceOfSeniorLongTermDebt,1088000000.0,USD,2020-01-01,2020-12-31,2021-02-18,10-K,duration
cash_flow,debt_issued,ProceedsFromNotesPayable,1000000000.0,USD,2020-01-01,2020-12-31,2021-02-18,10-K,duration
cash_flow,debt_issued,ProceedsFromIssuanceOfSeniorLongTermDebt,1088000000.0,USD,2020-01-01,2020-12-31,2022-02-17,10-K,duration
cash_flow,debt_issued,ProceedsFromNotesPayable,1000000000.0,USD,2020-01-01,2020-12-31,2022-02-17,10-K,duration
cash_flow,debt_issued,ProceedsFromIssuanceOfSeniorLongTermDebt,1088000000.0,USD,2020-01-01,2020-12-31,2023-02-16,10-K,duration
cash_flow,debt_issued,ProceedsFromNotesPayable,1000000000.0,USD,2020-01-01,2020-12-31,2023-02-16,10-K,duration
cash_flow,debt_issued,ProceedsFromIssuanceOfCommercialPaper,603000000.0,USD,2021-01-01,2021-03-31,2021-04-28,10-Q,duration
cash_flow,debt_issued,ProceedsFromIssuanceOfSeniorLongTermDebt,0.0,USD,2021-01-01,2021-03-31,2021-04-28,10-Q,duration
cash_flow,debt_issued,ProceedsFromNotesPayable,0.0,USD,2021-01-01,2021-03-31,2021-04-28,10-Q,duration
cash_flow,debt_issued,ProceedsFromIssuanceOfSeniorLongTermDebt,0.0,USD,2021-01-01,2021-03-31,2022-04-27,10-Q,duration
cash_flow,debt_issued,ProceedsFromIssuanceOfCommercialPaper,508000000.0,USD,2021-01-01,2021-06-30,2021-07-28,10-Q,duration
cash_flow,debt_issued,ProceedsFromIssuanceOfSeniorLongTermDebt,0.0,USD,2021-01-01,2021-06-30,2021-07-28,10-Q,duration
cash_flow,debt_issued,ProceedsFromNotesPayable,0.0,USD,2021-01-01,2021-06-30,2021-07-28,10-Q,duration
cash_flow,debt_issued,ProceedsFromIssuanceOfSeniorLongTermDebt,0.0,USD,2021-01-01,2021-06-30,2022-07-27,10-Q,duration
cash_flow,debt_issued,ProceedsFromIssuanceOfCommercialPaper,193000000.0,USD,2021-01-01,2021-09-30,2021-11-03,10-Q,duration
cash_flow,debt_issued,ProceedsFromIssuanceOfSeniorLongTermDebt,2984000000.0,USD,2021-01-01,2021-09-30,2021-11-03,10-Q,duration
cash_flow,debt_issued,ProceedsFromNotesPayable,500000000.0,USD,2021-01-01,2021-09-30,2021-11-03,10-Q,duration
cash_flow,debt_issued,ProceedsFromIssuanceOfSeniorLongTermDebt,2984000000.0,USD,2021-01-01,2021-09-30,2022-11-02,10-Q,duration
cash_flow,debt_issued,ProceedsFromNotesPayable,500000000.0,USD,2021-01-01,2021-09-30,2022-11-02,10-Q,duration
cash_flow,debt_issued,ProceedsFromIssuanceOfSeniorLongTermDebt,2984000000.0,USD,2021-01-01,2021-12-31,2022-02-17,10-K,duration
cash_flow,debt_issued,ProceedsFromNotesPayable,2500000000.0,USD,2021-01-01,2021-12-31,2022-02-17,10-K,duration
cash_flow,debt_issued,ProceedsFromIssuanceOfSeniorLongTermDebt,2984000000.0,USD,2021-01-01,2021-12-31,2023-02-16,10-K,duration
cash_flow,debt_issued,ProceedsFromNotesPayable,2500000000.0,USD,2021-01-01,2021-12-31,2023-02-16,10-K,duration
cash_flow,debt_issued,ProceedsFromIssuanceOfSeniorLongTermDebt,2984000000.0,USD,2021-01-01,2021-12-31,2024-02-15,10-K,duration
cash_flow,debt_issued,ProceedsFromIssuanceOfUnsecuredDebt,2500000000.0,USD,2021-01-01,2021-12-31,2024-02-15,10-K,duration
cash_flow,debt_issued,ProceedsFromShortTermDebt,0.0,USD,2021-01-01,2021-12-31,2024-02-15,10-K,duration
cash_flow,debt_issued,ProceedsFromIssuanceOfSeniorLongTermDebt,744000000.0,USD,2022-01-01,2022-03-31,2022-04-27,10-Q,duration
cash_flow,debt_issued,ProceedsFromIssuanceOfSeniorLongTermDebt,744000000.0,USD,2022-01-01,2022-03-31,2023-04-26,10-Q,duration
cash_flow,debt_issued,ProceedsFromIssuanceOfSeniorLongTermDebt,744000000.0,USD,2022-01-01,2022-06-30,2022-07-27,10-Q,duration
cash_flow,debt_issued,ProceedsFromIssuanceOfSeniorLongTermDebt,744000000.0,USD,2022-01-01,2022-06-30,2023-08-02,10-Q,duration
cash_flow,debt_issued,ProceedsFromIssuanceOfSeniorLongTermDebt,744000000.0,USD,2022-01-01,2022-09-30,2022-11-02,10-Q,duration
cash_flow,debt_issued,ProceedsFromNotesPayable,0.0,USD,2022-01-01,2022-09-30,2022-11-02,10-Q,duration
cash_flow,debt_issued,ProceedsFromIssuanceOfSeniorLongTermDebt,744000000.0,USD,2022-01-01,2022-09-30,2023-11-01,10-Q,duration
cash_flow,debt_issued,ProceedsFromIssuanceOfSeniorLongTermDebt,1982000000.0,USD,2022-01-01,2022-12-31,2023-02-16,10-K,duration
cash_flow,debt_issued,ProceedsFromNotesPayable,0.0,USD,2022-01-01,2022-12-31,2023-02-16,10-K,duration
cash_flow,debt_issued,ProceedsFromIssuanceOfSeniorLongTermDebt,1982000000.0,USD,2022-01-01,2022-12-31,2024-02-15,10-K,duration
cash_flow,debt_issued,ProceedsFromIssuanceOfUnsecuredDebt,0.0,USD,2022-01-01,2022-12-31,2024-02-15,10-K,duration
cash_flow,debt_issued,ProceedsFromShortTermDebt,0.0,USD,2022-01-01,2022-12-31,2024-02-15,10-K,duration
cash_flow,debt_issued,ProceedsFromIssuanceOfSeniorLongTermDebt,1982000000.0,USD,2022-01-01,2022-12-31,2025-02-20,10-K,duration
cash_flow,debt_issued,ProceedsFromShortTermDebt,0.0,USD,2022-01-01,2022-12-31,2025-02-20,10-K,duration
cash_flow,debt_issued,ProceedsFromIssuanceOfSeniorLongTermDebt,1215000000.0,USD,2023-01-01,2023-03-31,2023-04-26,10-Q,duration
cash_flow,debt_issued,ProceedsFromIssuanceOfSeniorLongTermDebt,1215000000.0,USD,2023-01-01,2023-03-31,2024-04-24,10-Q,duration
cash_flow,debt_issued,ProceedsFromIssuanceOfSeniorLongTermDebt,1215000000.0,USD,2023-01-01,2023-06-30,2023-08-02,10-Q,duration
cash_flow,debt_issued,ProceedsFromIssuanceOfSeniorLongTermDebt,1215000000.0,USD,2023-01-01,2023-06-30,2024-07-31,10-Q,duration
cash_flow,debt_issued,ProceedsFromIssuanceOfSeniorLongTermDebt,1215000000.0,USD,2023-01-01,2023-09-30,2023-11-01,10-Q,duration
cash_flow,debt_issued,ProceedsFromIssuanceOfSeniorLongTermDebt,1215000000.0,USD,2023-01-01,2023-09-30,2024-10-30,10-Q,duration
cash_flow,debt_issued,ProceedsFromIssuanceOfSeniorLongTermDebt,2544000000.0,USD,2023-01-01,2023-12-31,2024-02-15,10-K,duration
cash_flow,debt_issued,ProceedsFromIssuanceOfUnsecuredDebt,0.0,USD,2023-01-01,2023-12-31,2024-02-15,10-K,duration
cash_flow,debt_issued,ProceedsFromShortTermDebt,100000000.0,USD,2023-01-01,2023-12-31,2024-02-15,10-K,duration
cash_flow,debt_issued,ProceedsFromIssuanceOfSeniorLongTermDebt,2544000000.0,USD,2023-01-01,2023-12-31,2025-02-20,10-K,duration
cash_flow,debt_issued,ProceedsFromShortTermDebt,100000000.0,USD,2023-01-01,2023-12-31,2025-02-20,10-K,duration
cash_flow,debt_issued,ProceedsFromIssuanceOfSeniorLongTermDebt,2544000000.0,USD,2023-01-01,2023-12-31,2026-02-19,10-K,duration
cash_flow,debt_issued,ProceedsFromShortTermDebt,100000000.0,USD,2023-01-01,2023-12-31,2026-02-19,10-K,duration
cash_flow,debt_issued,ProceedsFromIssuanceOfSeniorLongTermDebt,2232000000.0,USD,2024-01-01,2024-03-31,2024-04-24,10-Q,duration
cash_flow,debt_issued,ProceedsFromIssuanceOfSeniorLongTermDebt,2232000000.0,USD,2024-01-01,2024-03-31,2025-04-30,10-Q,duration
cash_flow,debt_issued,ProceedsFromIssuanceOfSeniorLongTermDebt,2232000000.0,USD,2024-01-01,2024-06-30,2024-07-31,10-Q,duration
cash_flow,debt_issued,ProceedsFromIssuanceOfSeniorLongTermDebt,2232000000.0,USD,2024-01-01,2024-06-30,2025-07-30,10-Q,duration
cash_flow,debt_issued,ProceedsFromIssuanceOfSeniorLongTermDebt,2232000000.0,USD,2024-01-01,2024-09-30,2024-10-30,10-Q,duration
cash_flow,debt_issued,ProceedsFromIssuanceOfSeniorLongTermDebt,2232000000.0,USD,2024-01-01,2024-09-30,2025-11-05,10-Q,duration
cash_flow,debt_issued,ProceedsFromIssuanceOfSeniorLongTermDebt,2232000000.0,USD,2024-01-01,2024-12-31,2025-02-20,10-K,duration
cash_flow,debt_issued,ProceedsFromShortTermDebt,0.0,USD,2024-01-01,2024-12-31,2025-02-20,10-K,duration
cash_flow,debt_issued,ProceedsFromIssuanceOfSeniorLongTermDebt,2232000000.0,USD,2024-01-01,2024-12-31,2026-02-19,10-K,duration
cash_flow,debt_issued,ProceedsFromShortTermDebt,0.0,USD,2024-01-01,2024-12-31,2026-02-19,10-K,duration
cash_flow,debt_issued,ProceedsFromIssuanceOfSeniorLongTermDebt,1481000000.0,USD,2025-01-01,2025-03-31,2025-04-30,10-Q,duration
cash_flow,debt_issued,ProceedsFromIssuanceOfLongTermDebt,1481000000.0,USD,2025-01-01,2025-03-31,2026-04-29,10-Q,duration
cash_flow,debt_issued,ProceedsFromIssuanceOfSeniorLongTermDebt,1481000000.0,USD,2025-01-01,2025-06-30,2025-07-30,10-Q,duration
cash_flow,debt_issued,ProceedsFromIssuanceOfSeniorLongTermDebt,1481000000.0,USD,2025-01-01,2025-09-30,2025-11-05,10-Q,duration
cash_flow,debt_issued,ProceedsFromIssuanceOfSeniorLongTermDebt,1481000000.0,USD,2025-01-01,2025-12-31,2026-02-19,10-K,duration
cash_flow,debt_issued,ProceedsFromShortTermDebt,0.0,USD,2025-01-01,2025-12-31,2026-02-19,10-K,duration
cash_flow,debt_issued,ProceedsFromIssuanceOfLongTermDebt,990000000.0,USD,2026-01-01,2026-03-31,2026-04-29,10-Q,duration
cash_flow,debt_repayment,RepaymentsOfLongTermLinesOfCredit,1335000000.0,USD,2007-01-01,2007-12-31,2010-02-19,10-K,duration
cash_flow,debt_repayment,RepaymentsOfLongTermLinesOfCredit,1225000000.0,USD,2008-01-01,2008-06-30,2009-08-03,10-Q,duration
cash_flow,debt_repayment,RepaymentsOfLongTermLinesOfCredit,1225000000.0,USD,2008-01-01,2008-09-30,2009-11-03,10-Q,duration
cash_flow,debt_repayment,RepaymentsOfLongTermLinesOfCredit,1725000000.0,USD,2008-01-01,2008-12-31,2010-02-19,10-K,duration
cash_flow,debt_repayment,RepaymentsOfLongTermLinesOfCredit,1725000000.0,USD,2008-01-01,2008-12-31,2011-02-18,10-K,duration
cash_flow,debt_repayment,RepaymentsOfLongTermLinesOfCredit,1725000000.0,USD,2008-01-01,2008-12-31,2011-10-20,8-K,duration
cash_flow,debt_repayment,RepaymentsOfLongTermLinesOfCredit,250000000.0,USD,2009-01-01,2009-06-30,2009-08-03,10-Q,duration
cash_flow,debt_repayment,RepaymentsOfLongTermLinesOfCredit,250000000.0,USD,2009-01-01,2009-06-30,2010-08-02,10-Q,duration
cash_flow,debt_repayment,RepaymentsOfLongTermLinesOfCredit,250000000.0,USD,2009-01-01,2009-09-30,2009-11-03,10-Q,duration
cash_flow,debt_repayment,RepaymentsOfLongTermLinesOfCredit,250000000.0,USD,2009-01-01,2009-09-30,2010-11-01,10-Q,duration
cash_flow,debt_repayment,RepaymentsOfLongTermLinesOfCredit,250000000.0,USD,2009-01-01,2009-12-31,2010-02-19,10-K,duration
cash_flow,debt_repayment,RepaymentsOfLongTermLinesOfCredit,250000000.0,USD,2009-01-01,2009-12-31,2011-02-18,10-K,duration
cash_flow,debt_repayment,RepaymentsOfLongTermLinesOfCredit,250000000.0,USD,2009-01-01,2009-12-31,2011-10-20,8-K,duration
cash_flow,debt_repayment,RepaymentsOfLongTermLinesOfCredit,250000000.0,USD,2009-01-01,2009-12-31,2012-02-24,10-K,duration
cash_flow,debt_repayment,RepaymentsOfLongTermLinesOfCredit,0.0,USD,2010-01-01,2010-06-30,2010-08-02,10-Q,duration
cash_flow,debt_repayment,RepaymentsOfLongTermLinesOfCredit,0.0,USD,2010-01-01,2010-09-30,2010-11-01,10-Q,duration
cash_flow,debt_repayment,RepaymentsOfLongTermLinesOfCredit,0.0,USD,2010-01-01,2010-12-31,2011-02-18,10-K,duration
cash_flow,debt_repayment,RepaymentsOfLongTermLinesOfCredit,0.0,USD,2010-01-01,2010-12-31,2011-10-20,8-K,duration
cash_flow,debt_repayment,RepaymentsOfLongTermLinesOfCredit,0.0,USD,2010-01-01,2010-12-31,2012-02-24,10-K,duration
cash_flow,debt_repayment,RepaymentsOfLongTermDebt,0.0,USD,2010-01-01,2010-12-31,2013-02-22,10-K,duration
cash_flow,debt_repayment,RepaymentsOfLongTermDebt,0.0,USD,2011-01-01,2011-03-31,2012-04-30,10-Q,duration
cash_flow,debt_repayment,RepaymentsOfLongTermDebt,0.0,USD,2011-01-01,2011-06-30,2012-08-01,10-Q,duration
cash_flow,debt_repayment,RepaymentsOfLongTermDebt,0.0,USD,2011-01-01,2011-09-30,2012-11-05,10-Q,duration
cash_flow,debt_repayment,RepaymentsOfLongTermLinesOfCredit,0.0,USD,2011-01-01,2011-12-31,2012-02-24,10-K,duration
cash_flow,debt_repayment,RepaymentsOfLongTermDebt,0.0,USD,2011-01-01,2011-12-31,2013-02-22,10-K,duration
cash_flow,debt_repayment,RepaymentsOfLongTermDebt,0.0,USD,2011-01-01,2011-12-31,2014-02-19,10-K,duration
cash_flow,debt_repayment,RepaymentsOfLongTermDebt,0.0,USD,2011-01-01,2011-12-31,2014-09-16,8-K,duration
cash_flow,debt_repayment,RepaymentsOfLongTermDebt,36000000.0,USD,2012-01-01,2012-03-31,2012-04-30,10-Q,duration
cash_flow,debt_repayment,RepaymentsOfLongTermDebt,36000000.0,USD,2012-01-01,2012-03-31,2013-05-01,10-Q,duration
cash_flow,debt_repayment,RepaymentsOfLongTermDebt,36000000.0,USD,2012-03-07,2012-03-31,2013-02-22,10-K,duration
cash_flow,debt_repayment,RepaymentsOfLongTermDebt,36000000.0,USD,2012-01-01,2012-06-30,2012-08-01,10-Q,duration
cash_flow,debt_repayment,RepaymentsOfLongTermDebt,36000000.0,USD,2012-01-01,2012-06-30,2013-07-31,10-Q,duration
cash_flow,debt_repayment,RepaymentsOfLongTermDebt,36000000.0,USD,2012-01-01,2012-09-30,2012-11-05,10-Q,duration
cash_flow,debt_repayment,RepaymentsOfLongTermDebt,36000000.0,USD,2012-01-01,2012-09-30,2013-11-06,10-Q,duration
cash_flow,debt_repayment,RepaymentsOfLongTermDebt,36000000.0,USD,2012-01-01,2012-12-31,2013-02-22,10-K,duration
cash_flow,debt_repayment,RepaymentsOfLongTermDebt,36000000.0,USD,2012-01-01,2012-12-31,2014-02-19,10-K,duration
cash_flow,debt_repayment,RepaymentsOfLongTermDebt,36000000.0,USD,2012-01-01,2012-12-31,2014-09-16,8-K,duration
cash_flow,debt_repayment,RepaymentsOfLongTermDebt,36000000.0,USD,2012-01-01,2012-12-31,2015-02-18,10-K,duration
cash_flow,debt_repayment,RepaymentsOfLongTermDebt,36000000.0,USD,2012-01-01,2012-12-31,2015-08-10,8-K,duration
cash_flow,debt_repayment,RepaymentsOfLongTermDebt,0.0,USD,2013-01-01,2013-03-31,2013-05-01,10-Q,duration
cash_flow,debt_repayment,RepaymentsOfLongTermDebt,0.0,USD,2013-01-01,2013-06-30,2013-07-31,10-Q,duration
cash_flow,debt_repayment,RepaymentsOfLongTermDebt,0.0,USD,2013-01-01,2013-09-30,2013-11-06,10-Q,duration
cash_flow,debt_repayment,RepaymentsOfLongTermDebt,0.0,USD,2013-01-01,2013-12-31,2014-02-19,10-K,duration
cash_flow,debt_repayment,RepaymentsOfLongTermDebt,0.0,USD,2013-01-01,2013-12-31,2014-09-16,8-K,duration
cash_flow,debt_repayment,RepaymentsOfLongTermDebt,0.0,USD,2013-01-01,2013-12-31,2015-02-18,10-K,duration
cash_flow,debt_repayment,RepaymentsOfLongTermDebt,0.0,USD,2013-01-01,2013-12-31,2015-08-10,8-K,duration
cash_flow,debt_repayment,RepaymentsOfLongTermDebt,0.0,USD,2013-01-01,2013-12-31,2016-02-18,10-K,duration
cash_flow,debt_repayment,RepaymentsOfLongTermDebt,500000000.0,USD,2014-01-01,2014-12-31,2015-02-18,10-K,duration
cash_flow,debt_repayment,RepaymentsOfLongTermDebt,500000000.0,USD,2014-01-01,2014-12-31,2015-08-10,8-K,duration
cash_flow,debt_repayment,RepaymentsOfLongTermDebt,500000000.0,USD,2014-01-01,2014-12-31,2016-02-18,10-K,duration
cash_flow,debt_repayment,ProceedsFromRepaymentsOfCommercialPaper,0.0,USD,2014-01-01,2014-12-31,2017-02-17,10-K,duration
cash_flow,debt_repayment,RepaymentsOfLongTermDebt,500000000.0,USD,2014-01-01,2014-12-31,2017-02-17,10-K,duration
cash_flow,debt_repayment,ProceedsFromRepaymentsOfCommercialPaper,0.0,USD,2014-01-01,2014-12-31,2017-12-14,8-K,duration
cash_flow,debt_repayment,RepaymentsOfLongTermDebt,500000000.0,USD,2014-01-01,2014-12-31,2017-12-14,8-K,duration
cash_flow,debt_repayment,ProceedsFromRepaymentsOfCommercialPaper,10000000.0,USD,2015-01-01,2015-09-30,2016-11-04,10-Q,duration
cash_flow,debt_repayment,RepaymentsOfLongTermDebt,0.0,USD,2015-01-01,2015-12-31,2016-02-18,10-K,duration
cash_flow,debt_repayment,ProceedsFromRepaymentsOfCommercialPaper,298000000.0,USD,2015-01-01,2015-12-31,2017-02-17,10-K,duration
cash_flow,debt_repayment,RepaymentsOfLongTermDebt,0.0,USD,2015-01-01,2015-12-31,2017-02-17,10-K,duration
cash_flow,debt_repayment,ProceedsFromRepaymentsOfCommercialPaper,298000000.0,USD,2015-01-01,2015-12-31,2017-12-14,8-K,duration
cash_flow,debt_repayment,RepaymentsOfLongTermDebt,0.0,USD,2015-01-01,2015-12-31,2017-12-14,8-K,duration
cash_flow,debt_repayment,ProceedsFromRepaymentsOfCommercialPaper,298000000.0,USD,2015-01-01,2015-12-31,2018-02-16,10-K,duration
cash_flow,debt_repayment,RepaymentsOfLongTermDebt,0.0,USD,2015-01-01,2015-12-31,2018-02-16,10-K,duration
cash_flow,debt_repayment,ProceedsFromRepaymentsOfCommercialPaper,0.0,USD,2016-01-01,2016-03-31,2017-05-03,10-Q,duration
cash_flow,debt_repayment,ProceedsFromRepaymentsOfCommercialPaper,0.0,USD,2016-01-01,2016-06-30,2017-08-02,10-Q,duration
cash_flow,debt_repayment,ProceedsFromRepaymentsOfCommercialPaper,-1000000.0,USD,2016-01-01,2016-09-30,2016-11-04,10-Q,duration
cash_flow,debt_repayment,ProceedsFromRepaymentsOfCommercialPaper,-1000000.0,USD,2016-01-01,2016-09-30,2017-11-08,10-Q,duration
cash_flow,debt_repayment,ProceedsFromRepaymentsOfCommercialPaper,-2000000.0,USD,2016-01-01,2016-12-31,2017-02-17,10-K,duration
cash_flow,debt_repayment,RepaymentsOfLongTermDebt,0.0,USD,2016-01-01,2016-12-31,2017-02-17,10-K,duration
cash_flow,debt_repayment,ProceedsFromRepaymentsOfCommercialPaper,-2000000.0,USD,2016-01-01,2016-12-31,2017-12-14,8-K,duration
cash_flow,debt_repayment,RepaymentsOfLongTermDebt,0.0,USD,2016-01-01,2016-12-31,2017-12-14,8-K,duration
cash_flow,debt_repayment,ProceedsFromRepaymentsOfCommercialPaper,-2000000.0,USD,2016-01-01,2016-12-31,2018-02-16,10-K,duration
cash_flow,debt_repayment,RepaymentsOfLongTermDebt,0.0,USD,2016-01-01,2016-12-31,2018-02-16,10-K,duration
cash_flow,debt_repayment,ProceedsFromRepaymentsOfCommercialPaper,-2000000.0,USD,2016-01-01,2016-12-31,2019-02-21,10-K,duration
cash_flow,debt_repayment,RepaymentsOfLongTermDebt,0.0,USD,2016-01-01,2016-12-31,2019-02-21,10-K,duration
cash_flow,debt_repayment,RepaymentsOfShortTermDebt,0.0,USD,2016-01-01,2016-12-31,2019-02-21,10-K,duration
cash_flow,debt_repayment,ProceedsFromRepaymentsOfCommercialPaper,169000000.0,USD,2017-01-01,2017-03-31,2017-05-03,10-Q,duration
cash_flow,debt_repayment,ProceedsFromRepaymentsOfCommercialPaper,169000000.0,USD,2017-01-01,2017-03-31,2018-05-02,10-Q,duration
cash_flow,debt_repayment,ProceedsFromRepaymentsOfCommercialPaper,-102000000.0,USD,2017-01-01,2017-06-30,2017-08-02,10-Q,duration
cash_flow,debt_repayment,ProceedsFromRepaymentsOfCommercialPaper,-102000000.0,USD,2017-01-01,2017-06-30,2018-08-01,10-Q,duration
cash_flow,debt_repayment,ProceedsFromRepaymentsOfCommercialPaper,-153000000.0,USD,2017-01-01,2017-09-30,2017-11-08,10-Q,duration
cash_flow,debt_repayment,ProceedsFromRepaymentsOfCommercialPaper,-153000000.0,USD,2017-01-01,2017-09-30,2018-11-07,10-Q,duration
cash_flow,debt_repayment,ProceedsFromRepaymentsOfCommercialPaper,-153000000.0,USD,2017-01-01,2017-12-31,2018-02-16,10-K,duration
cash_flow,debt_repayment,RepaymentsOfLongTermDebt,800000000.0,USD,2017-01-01,2017-12-31,2018-02-16,10-K,duration
cash_flow,debt_repayment,ProceedsFromRepaymentsOfCommercialPaper,-153000000.0,USD,2017-01-01,2017-12-31,2019-02-21,10-K,duration
cash_flow,debt_repayment,RepaymentsOfLongTermDebt,800000000.0,USD,2017-01-01,2017-12-31,2019-02-21,10-K,duration
cash_flow,debt_repayment,RepaymentsOfShortTermDebt,0.0,USD,2017-01-01,2017-12-31,2019-02-21,10-K,duration
cash_flow,debt_repayment,ProceedsFromRepaymentsOfCommercialPaper,-153000000.0,USD,2017-01-01,2017-12-31,2020-02-20,10-K,duration
cash_flow,debt_repayment,RepaymentsOfLongTermDebt,800000000.0,USD,2017-01-01,2017-12-31,2020-02-20,10-K,duration
cash_flow,debt_repayment,RepaymentsOfNotesPayable,0.0,USD,2017-01-01,2017-12-31,2020-02-20,10-K,duration
cash_flow,debt_repayment,ProceedsFromRepaymentsOfCommercialPaper,245000000.0,USD,2018-01-01,2018-03-31,2018-05-02,10-Q,duration
cash_flow,debt_repayment,ProceedsFromRepaymentsOfCommercialPaper,245000000.0,USD,2018-01-01,2018-03-31,2019-05-01,10-Q,duration
cash_flow,debt_repayment,ProceedsFromRepaymentsOfCommercialPaper,243000000.0,USD,2018-01-01,2018-06-30,2018-08-01,10-Q,duration
cash_flow,debt_repayment,ProceedsFromRepaymentsOfCommercialPaper,243000000.0,USD,2018-01-01,2018-06-30,2019-07-31,10-Q,duration
cash_flow,debt_repayment,ProceedsFromRepaymentsOfCommercialPaper,240000000.0,USD,2018-01-01,2018-09-30,2018-11-07,10-Q,duration
cash_flow,debt_repayment,ProceedsFromRepaymentsOfCommercialPaper,240000000.0,USD,2018-01-01,2018-09-30,2019-11-06,10-Q,duration
cash_flow,debt_repayment,RepaymentsOfShortTermDebt,0.0,USD,2018-01-01,2018-09-30,2019-11-06,10-Q,duration
cash_flow,debt_repayment,ProceedsFromRepaymentsOfCommercialPaper,485000000.0,USD,2018-01-01,2018-12-31,2019-02-21,10-K,duration
cash_flow,debt_repayment,RepaymentsOfLongTermDebt,0.0,USD,2018-01-01,2018-12-31,2019-02-21,10-K,duration
cash_flow,debt_repayment,RepaymentsOfShortTermDebt,350000000.0,USD,2018-01-01,2018-12-31,2019-02-21,10-K,duration
cash_flow,debt_repayment,ProceedsFromRepaymentsOfCommercialPaper,485000000.0,USD,2018-01-01,2018-12-31,2020-02-20,10-K,duration
cash_flow,debt_repayment,RepaymentsOfLongTermDebt,0.0,USD,2018-01-01,2018-12-31,2020-02-20,10-K,duration
cash_flow,debt_repayment,RepaymentsOfNotesPayable,350000000.0,USD,2018-01-01,2018-12-31,2020-02-20,10-K,duration
cash_flow,debt_repayment,RepaymentsOfNotesPayable,350000000.0,USD,2018-01-01,2018-12-31,2021-02-18,10-K,duration
cash_flow,debt_repayment,RepaymentsOfSeniorDebt,0.0,USD,2018-01-01,2018-12-31,2021-02-18,10-K,duration
cash_flow,debt_repayment,ProceedsFromRepaymentsOfCommercialPaper,17000000.0,USD,2019-01-01,2019-03-31,2019-05-01,10-Q,duration
cash_flow,debt_repayment,ProceedsFromRepaymentsOfCommercialPaper,-356000000.0,USD,2019-01-01,2019-06-30,2019-07-31,10-Q,duration
cash_flow,debt_repayment,RepaymentsOfCommercialPaper,356000000.0,USD,2019-01-01,2019-06-30,2020-08-05,10-Q,duration
cash_flow,debt_repayment,ProceedsFromRepaymentsOfCommercialPaper,-358000000.0,USD,2019-01-01,2019-09-30,2019-11-06,10-Q,duration
cash_flow,debt_repayment,RepaymentsOfShortTermDebt,650000000.0,USD,2019-01-01,2019-09-30,2019-11-06,10-Q,duration
cash_flow,debt_repayment,RepaymentsOfCommercialPaper,358000000.0,USD,2019-01-01,2019-09-30,2020-11-03,10-Q,duration
cash_flow,debt_repayment,RepaymentsOfNotesPayable,650000000.0,USD,2019-01-01,2019-09-30,2020-11-03,10-Q,duration
cash_flow,debt_repayment,ProceedsFromRepaymentsOfCommercialPaper,-360000000.0,USD,2019-01-01,2019-12-31,2020-02-20,10-K,duration
cash_flow,debt_repayment,RepaymentsOfLongTermDebt,400000000.0,USD,2019-01-01,2019-12-31,2020-02-20,10-K,duration
cash_flow,debt_repayment,RepaymentsOfNotesPayable,650000000.0,USD,2019-01-01,2019-12-31,2020-02-20,10-K,duration
cash_flow,debt_repayment,RepaymentsOfCommercialPaper,360000000.0,USD,2019-01-01,2019-12-31,2021-02-18,10-K,duration
cash_flow,debt_repayment,RepaymentsOfNotesPayable,650000000.0,USD,2019-01-01,2019-12-31,2021-02-18,10-K,duration
cash_flow,debt_repayment,RepaymentsOfSeniorDebt,400000000.0,USD,2019-01-01,2019-12-31,2021-02-18,10-K,duration
cash_flow,debt_repayment,ProceedsFromRepaymentsOfCommercialPaper,-360000000.0,USD,2019-01-01,2019-12-31,2022-02-17,10-K,duration
cash_flow,debt_repayment,RepaymentsOfNotesPayable,650000000.0,USD,2019-01-01,2019-12-31,2022-02-17,10-K,duration
cash_flow,debt_repayment,RepaymentsOfSeniorDebt,400000000.0,USD,2019-01-01,2019-12-31,2022-02-17,10-K,duration
cash_flow,debt_repayment,RepaymentsOfNotesPayable,0.0,USD,2020-01-01,2020-09-30,2020-11-03,10-Q,duration
cash_flow,debt_repayment,RepaymentsOfNotesPayable,0.0,USD,2020-01-01,2020-09-30,2021-11-03,10-Q,duration
cash_flow,debt_repayment,RepaymentsOfNotesPayable,1000000000.0,USD,2020-01-01,2020-12-31,2021-02-18,10-K,duration
cash_flow,debt_repayment,RepaymentsOfSeniorDebt,400000000.0,USD,2020-01-01,2020-12-31,2021-02-18,10-K,duration
cash_flow,debt_repayment,ProceedsFromRepaymentsOfCommercialPaper,295000000.0,USD,2020-01-01,2020-12-31,2022-02-17,10-K,duration
cash_flow,debt_repayment,RepaymentsOfNotesPayable,1000000000.0,USD,2020-01-01,2020-12-31,2022-02-17,10-K,duration
cash_flow,debt_repayment,RepaymentsOfSeniorDebt,400000000.0,USD,2020-01-01,2020-12-31,2022-02-17,10-K,duration
cash_flow,debt_repayment,ProceedsFromRepaymentsOfCommercialPaper,295000000.0,USD,2020-01-01,2020-12-31,2023-02-16,10-K,duration
cash_flow,debt_repayment,RepaymentsOfNotesPayable,1000000000.0,USD,2020-01-01,2020-12-31,2023-02-16,10-K,duration
cash_flow,debt_repayment,RepaymentsOfSeniorDebt,400000000.0,USD,2020-01-01,2020-12-31,2023-02-16,10-K,duration
cash_flow,debt_repayment,ProceedsFromRepaymentsOfCommercialPaper,603000000.0,USD,2021-01-01,2021-03-31,2022-04-27,10-Q,duration
cash_flow,debt_repayment,ProceedsFromRepaymentsOfCommercialPaper,508000000.0,USD,2021-01-01,2021-06-30,2022-07-27,10-Q,duration
cash_flow,debt_repayment,RepaymentsOfNotesPayable,150000000.0,USD,2021-01-01,2021-09-30,2021-11-03,10-Q,duration
cash_flow,debt_repayment,ProceedsFromRepaymentsOfCommercialPaper,193000000.0,USD,2021-01-01,2021-09-30,2022-11-02,10-Q,duration
cash_flow,debt_repayment,RepaymentsOfNotesPayable,150000000.0,USD,2021-01-01,2021-09-30,2022-11-02,10-Q,duration
cash_flow,debt_repayment,ProceedsFromRepaymentsOfCommercialPaper,352000000.0,USD,2021-01-01,2021-12-31,2022-02-17,10-K,duration
cash_flow,debt_repayment,RepaymentsOfNotesPayable,2078000000.0,USD,2021-01-01,2021-12-31,2022-02-17,10-K,duration
cash_flow,debt_repayment,RepaymentsOfSeniorDebt,0.0,USD,2021-01-01,2021-12-31,2022-02-17,10-K,duration
cash_flow,debt_repayment,ProceedsFromRepaymentsOfCommercialPaper,352000000.0,USD,2021-01-01,2021-12-31,2023-02-16,10-K,duration
cash_flow,debt_repayment,RepaymentsOfNotesPayable,2078000000.0,USD,2021-01-01,2021-12-31,2023-02-16,10-K,duration
cash_flow,debt_repayment,RepaymentsOfSeniorDebt,0.0,USD,2021-01-01,2021-12-31,2023-02-16,10-K,duration
cash_flow,debt_repayment,ProceedsFromRepaymentsOfCommercialPaper,352000000.0,USD,2021-01-01,2021-12-31,2024-02-15,10-K,duration
cash_flow,debt_repayment,RepaymentsOfSeniorDebt,0.0,USD,2021-01-01,2021-12-31,2024-02-15,10-K,duration
cash_flow,debt_repayment,RepaymentsOfShortTermDebt,0.0,USD,2021-01-01,2021-12-31,2024-02-15,10-K,duration
cash_flow,debt_repayment,RepaymentsOfUnsecuredDebt,2078000000.0,USD,2021-01-01,2021-12-31,2024-02-15,10-K,duration
cash_flow,debt_repayment,ProceedsFromRepaymentsOfCommercialPaper,-265000000.0,USD,2022-01-01,2022-03-31,2022-04-27,10-Q,duration
cash_flow,debt_repayment,ProceedsFromRepaymentsOfCommercialPaper,-265000000.0,USD,2022-01-01,2022-03-31,2023-04-26,10-Q,duration
cash_flow,debt_repayment,RepaymentsOfNotesPayable,0.0,USD,2022-01-01,2022-03-31,2023-04-26,10-Q,duration
cash_flow,debt_repayment,RepaymentsOfSeniorDebt,0.0,USD,2022-01-01,2022-03-31,2023-04-26,10-Q,duration
cash_flow,debt_repayment,ProceedsFromRepaymentsOfCommercialPaper,-418000000.0,USD,2022-01-01,2022-06-30,2022-07-27,10-Q,duration
cash_flow,debt_repayment,ProceedsFromRepaymentsOfCommercialPaper,-418000000.0,USD,2022-01-01,2022-06-30,2023-08-02,10-Q,duration
cash_flow,debt_repayment,RepaymentsOfNotesPayable,0.0,USD,2022-01-01,2022-06-30,2023-08-02,10-Q,duration
cash_flow,debt_repayment,RepaymentsOfSeniorDebt,0.0,USD,2022-01-01,2022-06-30,2023-08-02,10-Q,duration
cash_flow,debt_repayment,ProceedsFromRepaymentsOfCommercialPaper,-660000000.0,USD,2022-01-01,2022-09-30,2022-11-02,10-Q,duration
cash_flow,debt_repayment,RepaymentsOfNotesPayable,2000000000.0,USD,2022-01-01,2022-09-30,2022-11-02,10-Q,duration
cash_flow,debt_repayment,ProceedsFromRepaymentsOfCommercialPaper,-660000000.0,USD,2022-01-01,2022-09-30,2023-11-01,10-Q,duration
cash_flow,debt_repayment,RepaymentsOfNotesPayable,2000000000.0,USD,2022-01-01,2022-09-30,2023-11-01,10-Q,duration
cash_flow,debt_repayment,RepaymentsOfSeniorDebt,0.0,USD,2022-01-01,2022-09-30,2023-11-01,10-Q,duration
cash_flow,debt_repayment,ProceedsFromRepaymentsOfCommercialPaper,-376000000.0,USD,2022-01-01,2022-12-31,2023-02-16,10-K,duration
cash_flow,debt_repayment,RepaymentsOfNotesPayable,2000000000.0,USD,2022-01-01,2022-12-31,2023-02-16,10-K,duration
cash_flow,debt_repayment,RepaymentsOfSeniorDebt,1000000000.0,USD,2022-01-01,2022-12-31,2023-02-16,10-K,duration
cash_flow,debt_repayment,ProceedsFromRepaymentsOfCommercialPaper,-376000000.0,USD,2022-01-01,2022-12-31,2024-02-15,10-K,duration
cash_flow,debt_repayment,RepaymentsOfSeniorDebt,1000000000.0,USD,2022-01-01,2022-12-31,2024-02-15,10-K,duration
cash_flow,debt_repayment,RepaymentsOfShortTermDebt,0.0,USD,2022-01-01,2022-12-31,2024-02-15,10-K,duration
cash_flow,debt_repayment,RepaymentsOfUnsecuredDebt,2000000000.0,USD,2022-01-01,2022-12-31,2024-02-15,10-K,duration
cash_flow,debt_repayment,ProceedsFromRepaymentsOfCommercialPaper,-376000000.0,USD,2022-01-01,2022-12-31,2025-02-20,10-K,duration
cash_flow,debt_repayment,RepaymentsOfSeniorDebt,1000000000.0,USD,2022-01-01,2022-12-31,2025-02-20,10-K,duration
cash_flow,debt_repayment,RepaymentsOfShortTermDebt,0.0,USD,2022-01-01,2022-12-31,2025-02-20,10-K,duration
cash_flow,debt_repayment,RepaymentsOfUnsecuredDebt,2000000000.0,USD,2022-01-01,2022-12-31,2025-02-20,10-K,duration
cash_flow,debt_repayment,ProceedsFromRepaymentsOfCommercialPaper,-177000000.0,USD,2023-01-01,2023-03-31,2023-04-26,10-Q,duration
cash_flow,debt_repayment,RepaymentsOfNotesPayable,500000000.0,USD,2023-01-01,2023-03-31,2023-04-26,10-Q,duration
cash_flow,debt_repayment,RepaymentsOfSeniorDebt,60000000.0,USD,2023-01-01,2023-03-31,2023-04-26,10-Q,duration
cash_flow,debt_repayment,ProceedsFromRepaymentsOfCommercialPaper,-177000000.0,USD,2023-01-01,2023-03-31,2024-04-24,10-Q,duration
cash_flow,debt_repayment,RepaymentsOfSeniorDebt,60000000.0,USD,2023-01-01,2023-03-31,2024-04-24,10-Q,duration
cash_flow,debt_repayment,RepaymentsOfUnsecuredDebt,500000000.0,USD,2023-01-01,2023-03-31,2024-04-24,10-Q,duration
cash_flow,debt_repayment,ProceedsFromRepaymentsOfCommercialPaper,238000000.0,USD,2023-01-01,2023-06-30,2023-08-02,10-Q,duration
cash_flow,debt_repayment,RepaymentsOfNotesPayable,500000000.0,USD,2023-01-01,2023-06-30,2023-08-02,10-Q,duration
cash_flow,debt_repayment,RepaymentsOfSeniorDebt,349000000.0,USD,2023-01-01,2023-06-30,2023-08-02,10-Q,duration
cash_flow,debt_repayment,ProceedsFromRepaymentsOfCommercialPaper,238000000.0,USD,2023-01-01,2023-06-30,2024-07-31,10-Q,duration
cash_flow,debt_repayment,RepaymentsOfSeniorDebt,349000000.0,USD,2023-01-01,2023-06-30,2024-07-31,10-Q,duration
cash_flow,debt_repayment,RepaymentsOfUnsecuredDebt,500000000.0,USD,2023-01-01,2023-06-30,2024-07-31,10-Q,duration
cash_flow,debt_repayment,ProceedsFromRepaymentsOfCommercialPaper,1618000000.0,USD,2023-01-01,2023-09-30,2023-11-01,10-Q,duration
cash_flow,debt_repayment,RepaymentsOfNotesPayable,500000000.0,USD,2023-01-01,2023-09-30,2023-11-01,10-Q,duration
cash_flow,debt_repayment,RepaymentsOfSeniorDebt,1719000000.0,USD,2023-01-01,2023-09-30,2023-11-01,10-Q,duration
cash_flow,debt_repayment,ProceedsFromRepaymentsOfCommercialPaper,1618000000.0,USD,2023-01-01,2023-09-30,2024-10-30,10-Q,duration
cash_flow,debt_repayment,RepaymentsOfSeniorDebt,1719000000.0,USD,2023-01-01,2023-09-30,2024-10-30,10-Q,duration
cash_flow,debt_repayment,RepaymentsOfUnsecuredDebt,500000000.0,USD,2023-01-01,2023-09-30,2024-10-30,10-Q,duration
cash_flow,debt_repayment,ProceedsFromRepaymentsOfCommercialPaper,211000000.0,USD,2023-01-01,2023-12-31,2024-02-15,10-K,duration
cash_flow,debt_repayment,RepaymentsOfSeniorDebt,1832000000.0,USD,2023-01-01,2023-12-31,2024-02-15,10-K,duration
cash_flow,debt_repayment,RepaymentsOfShortTermDebt,100000000.0,USD,2023-01-01,2023-12-31,2024-02-15,10-K,duration
cash_flow,debt_repayment,RepaymentsOfUnsecuredDebt,500000000.0,USD,2023-01-01,2023-12-31,2024-02-15,10-K,duration
cash_flow,debt_repayment,ProceedsFromRepaymentsOfCommercialPaper,211000000.0,USD,2023-01-01,2023-12-31,2025-02-20,10-K,duration
cash_flow,debt_repayment,RepaymentsOfSeniorDebt,1832000000.0,USD,2023-01-01,2023-12-31,2025-02-20,10-K,duration
cash_flow,debt_repayment,RepaymentsOfShortTermDebt,100000000.0,USD,2023-01-01,2023-12-31,2025-02-20,10-K,duration
cash_flow,debt_repayment,RepaymentsOfUnsecuredDebt,500000000.0,USD,2023-01-01,2023-12-31,2025-02-20,10-K,duration
cash_flow,debt_repayment,ProceedsFromRepaymentsOfCommercialPaper,211000000.0,USD,2023-01-01,2023-12-31,2026-02-19,10-K,duration
cash_flow,debt_repayment,RepaymentsOfSeniorDebt,1832000000.0,USD,2023-01-01,2023-12-31,2026-02-19,10-K,duration
cash_flow,debt_repayment,RepaymentsOfShortTermDebt,100000000.0,USD,2023-01-01,2023-12-31,2026-02-19,10-K,duration
cash_flow,debt_repayment,RepaymentsOfUnsecuredDebt,500000000.0,USD,2023-01-01,2023-12-31,2026-02-19,10-K,duration
cash_flow,debt_repayment,ProceedsFromRepaymentsOfCommercialPaper,-644000000.0,USD,2024-01-01,2024-03-31,2024-04-24,10-Q,duration
cash_flow,debt_repayment,RepaymentsOfSeniorDebt,0.0,USD,2024-01-01,2024-03-31,2024-04-24,10-Q,duration
cash_flow,debt_repayment,RepaymentsOfUnsecuredDebt,0.0,USD,2024-01-01,2024-03-31,2024-04-24,10-Q,duration
cash_flow,debt_repayment,ProceedsFromRepaymentsOfCommercialPaper,-644000000.0,USD,2024-01-01,2024-03-31,2025-04-30,10-Q,duration
cash_flow,debt_repayment,ProceedsFromRepaymentsOfCommercialPaper,-895000000.0,USD,2024-01-01,2024-06-30,2024-07-31,10-Q,duration
cash_flow,debt_repayment,RepaymentsOfSeniorDebt,34000000.0,USD,2024-01-01,2024-06-30,2024-07-31,10-Q,duration
cash_flow,debt_repayment,RepaymentsOfUnsecuredDebt,0.0,USD,2024-01-01,2024-06-30,2024-07-31,10-Q,duration
cash_flow,debt_repayment,ProceedsFromRepaymentsOfCommercialPaper,-895000000.0,USD,2024-01-01,2024-06-30,2025-07-30,10-Q,duration
cash_flow,debt_repayment,RepaymentsOfSeniorDebt,34000000.0,USD,2024-01-01,2024-06-30,2025-07-30,10-Q,duration
cash_flow,debt_repayment,ProceedsFromRepaymentsOfCommercialPaper,-895000000.0,USD,2024-01-01,2024-09-30,2024-10-30,10-Q,duration
cash_flow,debt_repayment,RepaymentsOfSeniorDebt,48000000.0,USD,2024-01-01,2024-09-30,2024-10-30,10-Q,duration
cash_flow,debt_repayment,RepaymentsOfUnsecuredDebt,0.0,USD,2024-01-01,2024-09-30,2024-10-30,10-Q,duration
cash_flow,debt_repayment,ProceedsFromRepaymentsOfCommercialPaper,-895000000.0,USD,2024-01-01,2024-09-30,2025-11-05,10-Q,duration
cash_flow,debt_repayment,RepaymentsOfSeniorDebt,48000000.0,USD,2024-01-01,2024-09-30,2025-11-05,10-Q,duration
cash_flow,debt_repayment,ProceedsFromRepaymentsOfCommercialPaper,-907000000.0,USD,2024-01-01,2024-12-31,2025-02-20,10-K,duration
cash_flow,debt_repayment,RepaymentsOfSeniorDebt,1107000000.0,USD,2024-01-01,2024-12-31,2025-02-20,10-K,duration
cash_flow,debt_repayment,RepaymentsOfShortTermDebt,0.0,USD,2024-01-01,2024-12-31,2025-02-20,10-K,duration
cash_flow,debt_repayment,RepaymentsOfUnsecuredDebt,0.0,USD,2024-01-01,2024-12-31,2025-02-20,10-K,duration
cash_flow,debt_repayment,ProceedsFromRepaymentsOfCommercialPaper,-907000000.0,USD,2024-01-01,2024-12-31,2026-02-19,10-K,duration
cash_flow,debt_repayment,RepaymentsOfSeniorDebt,1107000000.0,USD,2024-01-01,2024-12-31,2026-02-19,10-K,duration
cash_flow,debt_repayment,RepaymentsOfShortTermDebt,0.0,USD,2024-01-01,2024-12-31,2026-02-19,10-K,duration
cash_flow,debt_repayment,RepaymentsOfUnsecuredDebt,0.0,USD,2024-01-01,2024-12-31,2026-02-19,10-K,duration
cash_flow,debt_repayment,ProceedsFromRepaymentsOfCommercialPaper,-4000000.0,USD,2025-01-01,2025-03-31,2025-04-30,10-Q,duration
cash_flow,debt_repayment,ProceedsFromRepaymentsOfCommercialPaper,-4000000.0,USD,2025-01-01,2025-03-31,2026-04-29,10-Q,duration
cash_flow,debt_repayment,RepaymentsOfLongTermDebt,0.0,USD,2025-01-01,2025-03-31,2026-04-29,10-Q,duration
cash_flow,debt_repayment,ProceedsFromRepaymentsOfCommercialPaper,-5000000.0,USD,2025-01-01,2025-06-30,2025-07-30,10-Q,duration
cash_flow,debt_repayment,RepaymentsOfSeniorDebt,771000000.0,USD,2025-01-01,2025-06-30,2025-07-30,10-Q,duration
cash_flow,debt_repayment,ProceedsFromRepaymentsOfCommercialPaper,-5000000.0,USD,2025-01-01,2025-09-30,2025-11-05,10-Q,duration
cash_flow,debt_repayment,RepaymentsOfSeniorDebt,771000000.0,USD,2025-01-01,2025-09-30,2025-11-05,10-Q,duration
cash_flow,debt_repayment,ProceedsFromRepaymentsOfCommercialPaper,-5000000.0,USD,2025-01-01,2025-12-31,2026-02-19,10-K,duration
cash_flow,debt_repayment,RepaymentsOfSeniorDebt,948000000.0,USD,2025-01-01,2025-12-31,2026-02-19,10-K,duration
cash_flow,debt_repayment,RepaymentsOfShortTermDebt,0.0,USD,2025-01-01,2025-12-31,2026-02-19,10-K,duration
cash_flow,debt_repayment,RepaymentsOfUnsecuredDebt,0.0,USD,2025-01-01,2025-12-31,2026-02-19,10-K,duration
cash_flow,debt_repayment,ProceedsFromRepaymentsOfCommercialPaper,693000000.0,USD,2026-01-01,2026-03-31,2026-04-29,10-Q,duration
cash_flow,debt_repayment,RepaymentsOfLongTermDebt,10000000.0,USD,2026-01-01,2026-03-31,2026-04-29,10-Q,duration
cash_flow,dividends_paid,CashDividendsPaidToParentCompany,296000000.0,USD,2008-01-01,2008-12-31,2011-02-18,10-K,duration
cash_flow,dividends_paid,CashDividendsPaidToParentCompany,774100000.0,USD,2009-01-01,2009-12-31,2011-02-18,10-K,duration
cash_flow,dividends_paid,CashDividendsPaidToParentCompany,774000000.0,USD,2009-01-01,2009-12-31,2012-02-24,10-K,duration
cash_flow,dividends_paid,PaymentsOfDividends,0.0,USD,2009-01-01,2009-12-31,2012-02-24,10-K,duration
cash_flow,dividends_paid,CommonStockDividendsPerShareDeclared,0.0,USD/shares,2010-01-01,2010-06-30,2011-08-01,10-Q,duration
cash_flow,dividends_paid,CommonStockDividendsPerShareDeclared,0.0,USD/shares,2010-04-01,2010-06-30,2011-08-01,10-Q,duration
cash_flow,dividends_paid,CommonStockDividendsPerShareDeclared,0.0,USD/shares,2010-01-01,2010-09-30,2011-10-31,10-Q,duration
cash_flow,dividends_paid,PaymentsOfDividends,0.0,USD,2010-01-01,2010-09-30,2011-10-31,10-Q,duration
cash_flow,dividends_paid,CommonStockDividendsPerShareDeclared,0.0,USD/shares,2010-07-01,2010-09-30,2011-10-31,10-Q,duration
cash_flow,dividends_paid,CashDividendsPaidToParentCompany,746600000.0,USD,2010-01-01,2010-12-31,2011-02-18,10-K,duration
cash_flow,dividends_paid,CashDividendsPaidToParentCompany,747000000.0,USD,2010-01-01,2010-12-31,2012-02-24,10-K,duration
cash_flow,dividends_paid,PaymentsOfDividends,0.0,USD,2010-01-01,2010-12-31,2012-02-24,10-K,duration
cash_flow,dividends_paid,CashDividendsPaidToParentCompany,747000000.0,USD,2010-01-01,2010-12-31,2013-02-22,10-K,duration
cash_flow,dividends_paid,CommonStockDividendsPerShareDeclared,0.0,USD/shares,2010-01-01,2010-12-31,2013-02-22,10-K,duration
cash_flow,dividends_paid,PaymentsOfDividends,0.0,USD,2010-01-01,2010-12-31,2013-02-22,10-K,duration
cash_flow,dividends_paid,CommonStockDividendsPerShareDeclared,0.0,USD/shares,2011-01-01,2011-03-31,2012-04-30,10-Q,duration
cash_flow,dividends_paid,PaymentsOfDividends,0.0,USD,2011-01-01,2011-03-31,2012-04-30,10-Q,duration
cash_flow,dividends_paid,DividendsPayableAmountPerShare,0.25,USD/shares,,2011-04-30,2011-05-03,10-Q,instant
cash_flow,dividends_paid,DividendsPayableAmountPerShare,0.25,USD/shares,,2011-04-30,2011-08-01,10-Q,instant
cash_flow,dividends_paid,CommonStockDividendsPerShareDeclared,0.25,USD/shares,2011-01-01,2011-06-30,2011-08-01,10-Q,duration
cash_flow,dividends_paid,CommonStockDividendsPerShareDeclared,0.25,USD/shares,2011-01-01,2011-06-30,2012-08-01,10-Q,duration
cash_flow,dividends_paid,PaymentsOfDividends,0.0,USD,2011-01-01,2011-06-30,2012-08-01,10-Q,duration
cash_flow,dividends_paid,CommonStockDividendsPerShareDeclared,0.25,USD/shares,2011-04-01,2011-06-30,2011-08-01,10-Q,duration
cash_flow,dividends_paid,Dividends,41500000.0,USD,2011-04-01,2011-06-30,2011-10-31,10-Q,duration
cash_flow,dividends_paid,CommonStockDividendsPerShareCashPaid,0.25,USD/shares,2011-04-01,2011-06-30,2012-02-24,10-K,duration
cash_flow,dividends_paid,Dividends,41000000.0,USD,2011-04-01,2011-06-30,2012-02-24,10-K,duration
cash_flow,dividends_paid,CommonStockDividendsPerShareDeclared,0.25,USD/shares,2011-04-01,2011-06-30,2012-08-01,10-Q,duration
cash_flow,dividends_paid,CommonStockDividendsPerShareCashPaid,0.25,USD/shares,2011-04-01,2011-06-30,2013-02-22,10-K,duration
cash_flow,dividends_paid,Dividends,41000000.0,USD,2011-04-01,2011-06-30,2013-02-22,10-K,duration
cash_flow,dividends_paid,CommonStockDividendsPerShareCashPaid,0.25,USD/shares,2011-04-01,2011-06-30,2014-02-19,10-K,duration
cash_flow,dividends_paid,Dividends,41000000.0,USD,2011-04-01,2011-06-30,2014-02-19,10-K,duration
cash_flow,dividends_paid,CommonStockDividendsPerShareCashPaid,0.25,USD/shares,2011-04-01,2011-06-30,2014-09-16,8-K,duration
cash_flow,dividends_paid,Dividends,41000000.0,USD,2011-04-01,2011-06-30,2014-09-16,8-K,duration
cash_flow,dividends_paid,DividendsPayableAmountPerShare,0.25,USD/shares,,2011-06-30,2011-10-31,10-Q,instant
cash_flow,dividends_paid,Dividends,41500000.0,USD,2011-07-22,2011-07-28,2011-08-01,10-Q,duration
cash_flow,dividends_paid,CommonStockDividendsPerShareDeclared,0.5,USD/shares,2011-01-01,2011-09-30,2011-10-31,10-Q,duration
cash_flow,dividends_paid,PaymentsOfDividends,41494000.0,USD,2011-01-01,2011-09-30,2011-10-31,10-Q,duration
cash_flow,dividends_paid,CommonStockDividendsPerShareDeclared,0.5,USD/shares,2011-01-01,2011-09-30,2012-11-05,10-Q,duration
cash_flow,dividends_paid,PaymentsOfDividends,41000000.0,USD,2011-01-01,2011-09-30,2012-11-05,10-Q,duration
cash_flow,dividends_paid,CommonStockDividendsPerShareDeclared,0.25,USD/shares,2011-07-01,2011-09-30,2011-10-31,10-Q,duration
cash_flow,dividends_paid,Dividends,40700000.0,USD,2011-07-01,2011-09-30,2011-10-31,10-Q,duration
cash_flow,dividends_paid,CommonStockDividendsPerShareCashPaid,0.25,USD/shares,2011-07-01,2011-09-30,2012-02-24,10-K,duration
cash_flow,dividends_paid,Dividends,41000000.0,USD,2011-07-01,2011-09-30,2012-02-24,10-K,duration
cash_flow,dividends_paid,CommonStockDividendsPerShareDeclared,0.25,USD/shares,2011-07-01,2011-09-30,2012-11-05,10-Q,duration
cash_flow,dividends_paid,CommonStockDividendsPerShareCashPaid,0.25,USD/shares,2011-07-01,2011-09-30,2013-02-22,10-K,duration
cash_flow,dividends_paid,Dividends,41000000.0,USD,2011-07-01,2011-09-30,2013-02-22,10-K,duration
cash_flow,dividends_paid,CommonStockDividendsPerShareCashPaid,0.25,USD/shares,2011-07-01,2011-09-30,2014-02-19,10-K,duration
cash_flow,dividends_paid,Dividends,41000000.0,USD,2011-07-01,2011-09-30,2014-02-19,10-K,duration
cash_flow,dividends_paid,CommonStockDividendsPerShareCashPaid,0.25,USD/shares,2011-07-01,2011-09-30,2014-09-16,8-K,duration
cash_flow,dividends_paid,Dividends,41000000.0,USD,2011-07-01,2011-09-30,2014-09-16,8-K,duration
cash_flow,dividends_paid,DividendsPayableAmountPerShare,0.25,USD/shares,,2011-09-30,2011-10-31,10-Q,instant
cash_flow,dividends_paid,DividendsPayableAmountPerShare,0.25,USD/shares,,2011-10-31,2011-10-31,10-Q,instant
cash_flow,dividends_paid,CashDividendsPaidToParentCompany,1100000000.0,USD,2011-01-01,2011-12-31,2012-02-24,10-K,duration
cash_flow,dividends_paid,DividendsCommonStockCash,123000000.0,USD,2011-01-01,2011-12-31,2012-02-24,10-K,duration
cash_flow,dividends_paid,PaymentsOfDividends,82000000.0,USD,2011-01-01,2011-12-31,2012-02-24,10-K,duration
cash_flow,dividends_paid,CommonStockDividendsPerShareCashPaid,0.25,USD/shares,2011-01-01,2011-12-31,2012-08-01,10-Q,duration
cash_flow,dividends_paid,Dividends,41000000.0,USD,2011-01-01,2011-12-31,2012-08-01,10-Q,duration
cash_flow,dividends_paid,CommonStockDividendsPerShareCashPaid,0.25,USD/shares,2011-01-01,2011-12-31,2012-11-05,10-Q,duration
cash_flow,dividends_paid,Dividends,41000000.0,USD,2011-01-01,2011-12-31,2012-11-05,10-Q,duration
cash_flow,dividends_paid,CashDividendsPaidToParentCompany,1100000000.0,USD,2011-01-01,2011-12-31,2013-02-22,10-K,duration
cash_flow,dividends_paid,CommonStockDividendsPerShareDeclared,0.75,USD/shares,2011-01-01,2011-12-31,2013-02-22,10-K,duration
cash_flow,dividends_paid,DividendsCommonStockCash,123000000.0,USD,2011-01-01,2011-12-31,2013-02-22,10-K,duration
cash_flow,dividends_paid,PaymentsOfDividends,82000000.0,USD,2011-01-01,2011-12-31,2013-02-22,10-K,duration
cash_flow,dividends_paid,CashDividendsPaidToParentCompany,1100000000.0,USD,2011-01-01,2011-12-31,2014-02-19,10-K,duration
cash_flow,dividends_paid,CommonStockDividendsPerShareDeclared,0.75,USD/shares,2011-01-01,2011-12-31,2014-02-19,10-K,duration
cash_flow,dividends_paid,DividendsCommonStockCash,123000000.0,USD,2011-01-01,2011-12-31,2014-02-19,10-K,duration
cash_flow,dividends_paid,PaymentsOfDividends,82000000.0,USD,2011-01-01,2011-12-31,2014-02-19,10-K,duration
cash_flow,dividends_paid,CommonStockDividendsPerShareDeclared,0.75,USD/shares,2011-01-01,2011-12-31,2014-09-16,8-K,duration
cash_flow,dividends_paid,DividendsCommonStockCash,123000000.0,USD,2011-01-01,2011-12-31,2014-09-16,8-K,duration
cash_flow,dividends_paid,PaymentsOfDividends,82000000.0,USD,2011-01-01,2011-12-31,2014-09-16,8-K,duration
cash_flow,dividends_paid,CommonStockDividendsPerShareCashPaid,0.25,USD/shares,2011-04-01,2011-12-31,2013-11-06,10-Q,duration
cash_flow,dividends_paid,Dividends,41000000.0,USD,2011-04-01,2011-12-31,2013-11-06,10-Q,duration
cash_flow,dividends_paid,CommonStockDividendsPerShareCashPaid,0.25,USD/shares,2011-10-01,2011-12-31,2012-02-24,10-K,duration
cash_flow,dividends_paid,Dividends,41000000.0,USD,2011-10-01,2011-12-31,2012-02-24,10-K,duration
cash_flow,dividends_paid,CommonStockDividendsPerShareCashPaid,0.25,USD/shares,2011-10-01,2011-12-31,2012-04-30,10-Q,duration
cash_flow,dividends_paid,Dividends,41000000.0,USD,2011-10-01,2011-12-31,2012-04-30,10-Q,duration
cash_flow,dividends_paid,CommonStockDividendsPerShareCashPaid,0.25,USD/shares,2011-10-01,2011-12-31,2013-02-22,10-K,duration
cash_flow,dividends_paid,Dividends,41000000.0,USD,2011-10-01,2011-12-31,2013-02-22,10-K,duration
cash_flow,dividends_paid,CommonStockDividendsPerShareCashPaid,0.25,USD/shares,2011-10-01,2011-12-31,2013-05-01,10-Q,duration
cash_flow,dividends_paid,Dividends,41000000.0,USD,2011-10-01,2011-12-31,2013-05-01,10-Q,duration
cash_flow,dividends_paid,CommonStockDividendsPerShareCashPaid,0.25,USD/shares,2011-10-01,2011-12-31,2013-07-31,10-Q,duration
cash_flow,dividends_paid,Dividends,41000000.0,USD,2011-10-01,2011-12-31,2013-07-31,10-Q,duration
cash_flow,dividends_paid,CommonStockDividendsPerShareCashPaid,0.25,USD/shares,2011-10-01,2011-12-31,2014-02-19,10-K,duration
cash_flow,dividends_paid,Dividends,41000000.0,USD,2011-10-01,2011-12-31,2014-02-19,10-K,duration
cash_flow,dividends_paid,CommonStockDividendsPerShareCashPaid,0.25,USD/shares,2011-10-01,2011-12-31,2014-09-16,8-K,duration
cash_flow,dividends_paid,Dividends,41000000.0,USD,2011-10-01,2011-12-31,2014-09-16,8-K,duration
cash_flow,dividends_paid,CommonStockDividendsPerShareCashPaid,0.25,USD/shares,2011-07-01,2012-03-31,2013-11-06,10-Q,duration
cash_flow,dividends_paid,Dividends,41000000.0,USD,2011-07-01,2012-03-31,2013-11-06,10-Q,duration
cash_flow,dividends_paid,CommonStockDividendsPerShareCashPaid,0.25,USD/shares,2012-01-01,2012-03-31,2012-04-30,10-Q,duration
cash_flow,dividends_paid,CommonStockDividendsPerShareDeclared,0.25,USD/shares,2012-01-01,2012-03-31,2012-04-30,10-Q,duration
cash_flow,dividends_paid,Dividends,41000000.0,USD,2012-01-01,2012-03-31,2012-04-30,10-Q,duration
cash_flow,dividends_paid,PaymentsOfDividends,41000000.0,USD,2012-01-01,2012-03-31,2012-04-30,10-Q,duration
cash_flow,dividends_paid,CommonStockDividendsPerShareCashPaid,0.25,USD/shares,2012-01-01,2012-03-31,2012-08-01,10-Q,duration
cash_flow,dividends_paid,Dividends,41000000.0,USD,2012-01-01,2012-03-31,2012-08-01,10-Q,duration
cash_flow,dividends_paid,CommonStockDividendsPerShareCashPaid,0.25,USD/shares,2012-01-01,2012-03-31,2012-11-05,10-Q,duration
cash_flow,dividends_paid,Dividends,41000000.0,USD,2012-01-01,2012-03-31,2012-11-05,10-Q,duration
cash_flow,dividends_paid,CommonStockDividendsPerShareCashPaid,0.25,USD/shares,2012-01-01,2012-03-31,2013-02-22,10-K,duration
cash_flow,dividends_paid,Dividends,41000000.0,USD,2012-01-01,2012-03-31,2013-02-22,10-K,duration
cash_flow,dividends_paid,CommonStockDividendsPerShareCashPaid,0.25,USD/shares,2012-01-01,2012-03-31,2013-05-01,10-Q,duration
cash_flow,dividends_paid,CommonStockDividendsPerShareDeclared,0.25,USD/shares,2012-01-01,2012-03-31,2013-05-01,10-Q,duration
cash_flow,dividends_paid,Dividends,41000000.0,USD,2012-01-01,2012-03-31,2013-05-01,10-Q,duration
cash_flow,dividends_paid,PaymentsOfDividends,41000000.0,USD,2012-01-01,2012-03-31,2013-05-01,10-Q,duration
cash_flow,dividends_paid,CommonStockDividendsPerShareCashPaid,0.25,USD/shares,2012-01-01,2012-03-31,2013-07-31,10-Q,duration
cash_flow,dividends_paid,Dividends,41000000.0,USD,2012-01-01,2012-03-31,2013-07-31,10-Q,duration
cash_flow,dividends_paid,CommonStockDividendsPerShareCashPaid,0.25,USD/shares,2012-01-01,2012-03-31,2014-02-19,10-K,duration
cash_flow,dividends_paid,Dividends,41000000.0,USD,2012-01-01,2012-03-31,2014-02-19,10-K,duration
cash_flow,dividends_paid,CommonStockDividendsPerShareCashPaid,0.25,USD/shares,2012-01-01,2012-03-31,2014-09-16,8-K,duration
cash_flow,dividends_paid,Dividends,41000000.0,USD,2012-01-01,2012-03-31,2014-09-16,8-K,duration
cash_flow,dividends_paid,DividendsPayableAmountPerShare,0.26,USD/shares,,2012-03-31,2012-04-30,10-Q,instant
cash_flow,dividends_paid,CommonStockDividendsPerShareCashPaid,0.26,USD/shares,2011-10-01,2012-06-30,2013-11-06,10-Q,duration
cash_flow,dividends_paid,Dividends,42000000.0,USD,2011-10-01,2012-06-30,2013-11-06,10-Q,duration
cash_flow,dividends_paid,CommonStockDividendsPerShareDeclared,0.51,USD/shares,2012-01-01,2012-06-30,2012-08-01,10-Q,duration
cash_flow,dividends_paid,PaymentsOfDividends,82000000.0,USD,2012-01-01,2012-06-30,2012-08-01,10-Q,duration
cash_flow,dividends_paid,CommonStockDividendsPerShareDeclared,0.51,USD/shares,2012-01-01,2012-06-30,2013-07-31,10-Q,duration
cash_flow,dividends_paid,PaymentsOfDividends,82000000.0,USD,2012-01-01,2012-06-30,2013-07-31,10-Q,duration
cash_flow,dividends_paid,CommonStockDividendsPerShareCashPaid,0.26,USD/shares,2012-04-01,2012-06-30,2012-08-01,10-Q,duration
cash_flow,dividends_paid,CommonStockDividendsPerShareDeclared,0.26,USD/shares,2012-04-01,2012-06-30,2012-08-01,10-Q,duration
cash_flow,dividends_paid,Dividends,42000000.0,USD,2012-04-01,2012-06-30,2012-08-01,10-Q,duration
cash_flow,dividends_paid,CommonStockDividendsPerShareCashPaid,0.26,USD/shares,2012-04-01,2012-06-30,2012-11-05,10-Q,duration
cash_flow,dividends_paid,Dividends,42000000.0,USD,2012-04-01,2012-06-30,2012-11-05,10-Q,duration
cash_flow,dividends_paid,CommonStockDividendsPerShareCashPaid,0.26,USD/shares,2012-04-01,2012-06-30,2013-02-22,10-K,duration
cash_flow,dividends_paid,Dividends,42000000.0,USD,2012-04-01,2012-06-30,2013-02-22,10-K,duration
cash_flow,dividends_paid,CommonStockDividendsPerShareCashPaid,0.26,USD/shares,2012-04-01,2012-06-30,2013-05-01,10-Q,duration
cash_flow,dividends_paid,Dividends,42000000.0,USD,2012-04-01,2012-06-30,2013-05-01,10-Q,duration
cash_flow,dividends_paid,CommonStockDividendsPerShareCashPaid,0.26,USD/shares,2012-04-01,2012-06-30,2013-07-31,10-Q,duration
cash_flow,dividends_paid,CommonStockDividendsPerShareDeclared,0.26,USD/shares,2012-04-01,2012-06-30,2013-07-31,10-Q,duration
cash_flow,dividends_paid,Dividends,42000000.0,USD,2012-04-01,2012-06-30,2013-07-31,10-Q,duration
cash_flow,dividends_paid,CommonStockDividendsPerShareCashPaid,0.26,USD/shares,2012-04-01,2012-06-30,2014-02-19,10-K,duration
cash_flow,dividends_paid,Dividends,42000000.0,USD,2012-04-01,2012-06-30,2014-02-19,10-K,duration
cash_flow,dividends_paid,CommonStockDividendsPerShareCashPaid,0.26,USD/shares,2012-04-01,2012-06-30,2014-09-16,8-K,duration
cash_flow,dividends_paid,Dividends,42000000.0,USD,2012-04-01,2012-06-30,2014-09-16,8-K,duration
cash_flow,dividends_paid,CommonStockDividendsPerShareDeclared,0.77,USD/shares,2012-01-01,2012-09-30,2012-11-05,10-Q,duration
cash_flow,dividends_paid,PaymentsOfDividends,124000000.0,USD,2012-01-01,2012-09-30,2012-11-05,10-Q,duration
cash_flow,dividends_paid,CommonStockDividendsPerShareCashPaid,0.26,USD/shares,2012-01-01,2012-09-30,2013-11-06,10-Q,duration
cash_flow,dividends_paid,CommonStockDividendsPerShareDeclared,0.77,USD/shares,2012-01-01,2012-09-30,2013-11-06,10-Q,duration
cash_flow,dividends_paid,Dividends,41000000.0,USD,2012-01-01,2012-09-30,2013-11-06,10-Q,duration
cash_flow,dividends_paid,PaymentsOfDividends,124000000.0,USD,2012-01-01,2012-09-30,2013-11-06,10-Q,duration
cash_flow,dividends_paid,CommonStockDividendsPerShareCashPaid,0.26,USD/shares,2012-07-01,2012-09-30,2012-11-05,10-Q,duration
cash_flow,dividends_paid,CommonStockDividendsPerShareDeclared,0.26,USD/shares,2012-07-01,2012-09-30,2012-11-05,10-Q,duration
cash_flow,dividends_paid,Dividends,41000000.0,USD,2012-07-01,2012-09-30,2012-11-05,10-Q,duration
cash_flow,dividends_paid,CommonStockDividendsPerShareCashPaid,0.26,USD/shares,2012-07-01,2012-09-30,2013-02-22,10-K,duration
cash_flow,dividends_paid,Dividends,41000000.0,USD,2012-07-01,2012-09-30,2013-02-22,10-K,duration
cash_flow,dividends_paid,CommonStockDividendsPerShareCashPaid,0.26,USD/shares,2012-07-01,2012-09-30,2013-05-01,10-Q,duration
cash_flow,dividends_paid,Dividends,41000000.0,USD,2012-07-01,2012-09-30,2013-05-01,10-Q,duration
cash_flow,dividends_paid,CommonStockDividendsPerShareCashPaid,0.26,USD/shares,2012-07-01,2012-09-30,2013-07-31,10-Q,duration
cash_flow,dividends_paid,Dividends,41000000.0,USD,2012-07-01,2012-09-30,2013-07-31,10-Q,duration
cash_flow,dividends_paid,CommonStockDividendsPerShareDeclared,0.26,USD/shares,2012-07-01,2012-09-30,2013-11-06,10-Q,duration
cash_flow,dividends_paid,CommonStockDividendsPerShareCashPaid,0.26,USD/shares,2012-07-01,2012-09-30,2014-02-19,10-K,duration
cash_flow,dividends_paid,Dividends,41000000.0,USD,2012-07-01,2012-09-30,2014-02-19,10-K,duration
cash_flow,dividends_paid,CommonStockDividendsPerShareCashPaid,0.26,USD/shares,2012-07-01,2012-09-30,2014-09-16,8-K,duration
cash_flow,dividends_paid,Dividends,41000000.0,USD,2012-07-01,2012-09-30,2014-09-16,8-K,duration
cash_flow,dividends_paid,CashDividendsPaidToParentCompany,1200000000.0,USD,2012-01-01,2012-12-31,2013-02-22,10-K,duration
cash_flow,dividends_paid,CommonStockDividendsPerShareDeclared,1.03,USD/shares,2012-01-01,2012-12-31,2013-02-22,10-K,duration
cash_flow,dividends_paid,DividendsCommonStockCash,166000000.0,USD,2012-01-01,2012-12-31,2013-02-22,10-K,duration
cash_flow,dividends_paid,PaymentsOfDividends,165000000.0,USD,2012-01-01,2012-12-31,2013-02-22,10-K,duration
cash_flow,dividends_paid,CashDividendsPaidToParentCompany,1200000000.0,USD,2012-01-01,2012-12-31,2014-02-19,10-K,duration
cash_flow,dividends_paid,CommonStockDividendsPerShareDeclared,1.03,USD/shares,2012-01-01,2012-12-31,2014-02-19,10-K,duration
cash_flow,dividends_paid,DividendsCommonStockCash,166000000.0,USD,2012-01-01,2012-12-31,2014-02-19,10-K,duration
cash_flow,dividends_paid,PaymentsOfDividends,165000000.0,USD,2012-01-01,2012-12-31,2014-02-19,10-K,duration
cash_flow,dividends_paid,CommonStockDividendsPerShareDeclared,1.03,USD/shares,2012-01-01,2012-12-31,2014-09-16,8-K,duration
cash_flow,dividends_paid,DividendsCommonStockCash,166000000.0,USD,2012-01-01,2012-12-31,2014-09-16,8-K,duration
cash_flow,dividends_paid,PaymentsOfDividends,165000000.0,USD,2012-01-01,2012-12-31,2014-09-16,8-K,duration
cash_flow,dividends_paid,CashDividendsPaidToParentCompany,1200000000.0,USD,2012-01-01,2012-12-31,2015-02-18,10-K,duration
cash_flow,dividends_paid,CommonStockDividendsPerShareCashPaid,1.02,USD/shares,2012-01-01,2012-12-31,2015-02-18,10-K,duration
cash_flow,dividends_paid,CommonStockDividendsPerShareDeclared,1.03,USD/shares,2012-01-01,2012-12-31,2015-02-18,10-K,duration
cash_flow,dividends_paid,Dividends,165000000.0,USD,2012-01-01,2012-12-31,2015-02-18,10-K,duration
cash_flow,dividends_paid,DividendsCommonStockCash,166000000.0,USD,2012-01-01,2012-12-31,2015-02-18,10-K,duration
cash_flow,dividends_paid,PaymentsOfDividends,165000000.0,USD,2012-01-01,2012-12-31,2015-02-18,10-K,duration
cash_flow,dividends_paid,CommonStockDividendsPerShareCashPaid,1.02,USD/shares,2012-01-01,2012-12-31,2015-08-10,8-K,duration
cash_flow,dividends_paid,CommonStockDividendsPerShareDeclared,1.03,USD/shares,2012-01-01,2012-12-31,2015-08-10,8-K,duration
cash_flow,dividends_paid,Dividends,165000000.0,USD,2012-01-01,2012-12-31,2015-08-10,8-K,duration
cash_flow,dividends_paid,DividendsCommonStockCash,166000000.0,USD,2012-01-01,2012-12-31,2015-08-10,8-K,duration
cash_flow,dividends_paid,PaymentsOfDividends,165000000.0,USD,2012-01-01,2012-12-31,2015-08-10,8-K,duration
cash_flow,dividends_paid,CommonStockDividendsPerShareCashPaid,0.26,USD/shares,2012-04-01,2012-12-31,2013-11-06,10-Q,duration
cash_flow,dividends_paid,Dividends,42000000.0,USD,2012-04-01,2012-12-31,2013-11-06,10-Q,duration
cash_flow,dividends_paid,CommonStockDividendsPerShareCashPaid,0.26,USD/shares,2012-10-01,2012-12-31,2013-05-01,10-Q,duration
cash_flow,dividends_paid,Dividends,42000000.0,USD,2012-10-01,2012-12-31,2013-05-01,10-Q,duration
cash_flow,dividends_paid,CommonStockDividendsPerShareCashPaid,0.26,USD/shares,2012-10-01,2012-12-31,2013-07-31,10-Q,duration
cash_flow,dividends_paid,Dividends,42000000.0,USD,2012-10-01,2012-12-31,2013-07-31,10-Q,duration
cash_flow,dividends_paid,CommonStockDividendsPerShareCashPaid,0.26,USD/shares,2012-10-01,2012-12-31,2014-02-19,10-K,duration
cash_flow,dividends_paid,Dividends,42000000.0,USD,2012-10-01,2012-12-31,2014-02-19,10-K,duration
cash_flow,dividends_paid,CommonStockDividendsPerShareCashPaid,0.26,USD/shares,2012-10-01,2012-12-31,2014-05-07,10-Q,duration
cash_flow,dividends_paid,Dividends,42000000.0,USD,2012-10-01,2012-12-31,2014-05-07,10-Q,duration
cash_flow,dividends_paid,CommonStockDividendsPerShareCashPaid,0.26,USD/shares,2012-10-01,2012-12-31,2014-07-30,10-Q,duration
cash_flow,dividends_paid,Dividends,42000000.0,USD,2012-10-01,2012-12-31,2014-07-30,10-Q,duration
cash_flow,dividends_paid,CommonStockDividendsPerShareCashPaid,0.26,USD/shares,2012-10-01,2012-12-31,2014-09-16,8-K,duration
cash_flow,dividends_paid,Dividends,42000000.0,USD,2012-10-01,2012-12-31,2014-09-16,8-K,duration
cash_flow,dividends_paid,CommonStockDividendsPerShareCashPaid,0.26,USD/shares,2012-10-01,2012-12-31,2014-11-07,10-Q,duration
cash_flow,dividends_paid,Dividends,42000000.0,USD,2012-10-01,2012-12-31,2014-11-07,10-Q,duration
cash_flow,dividends_paid,CommonStockDividendsPerShareCashPaid,0.26,USD/shares,2012-07-01,2013-03-31,2013-11-06,10-Q,duration
cash_flow,dividends_paid,Dividends,41000000.0,USD,2012-07-01,2013-03-31,2013-11-06,10-Q,duration
cash_flow,dividends_paid,CommonStockDividendsPerShareCashPaid,0.26,USD/shares,2013-01-01,2013-03-31,2013-05-01,10-Q,duration
cash_flow,dividends_paid,CommonStockDividendsPerShareDeclared,0.26,USD/shares,2013-01-01,2013-03-31,2013-05-01,10-Q,duration
cash_flow,dividends_paid,Dividends,41000000.0,USD,2013-01-01,2013-03-31,2013-05-01,10-Q,duration
cash_flow,dividends_paid,PaymentsOfDividends,42000000.0,USD,2013-01-01,2013-03-31,2013-05-01,10-Q,duration
cash_flow,dividends_paid,CommonStockDividendsPerShareCashPaid,0.26,USD/shares,2013-01-01,2013-03-31,2013-07-31,10-Q,duration
cash_flow,dividends_paid,Dividends,41000000.0,USD,2013-01-01,2013-03-31,2013-07-31,10-Q,duration
cash_flow,dividends_paid,CommonStockDividendsPerShareCashPaid,0.26,USD/shares,2013-01-01,2013-03-31,2014-02-19,10-K,duration
cash_flow,dividends_paid,Dividends,41000000.0,USD,2013-01-01,2013-03-31,2014-02-19,10-K,duration
cash_flow,dividends_paid,CommonStockDividendsPerShareCashPaid,0.26,USD/shares,2013-01-01,2013-03-31,2014-05-07,10-Q,duration
cash_flow,dividends_paid,CommonStockDividendsPerShareDeclared,0.26,USD/shares,2013-01-01,2013-03-31,2014-05-07,10-Q,duration
cash_flow,dividends_paid,Dividends,41000000.0,USD,2013-01-01,2013-03-31,2014-05-07,10-Q,duration
cash_flow,dividends_paid,PaymentsOfDividends,42000000.0,USD,2013-01-01,2013-03-31,2014-05-07,10-Q,duration
cash_flow,dividends_paid,CommonStockDividendsPerShareCashPaid,0.26,USD/shares,2013-01-01,2013-03-31,2014-07-30,10-Q,duration
cash_flow,dividends_paid,Dividends,41000000.0,USD,2013-01-01,2013-03-31,2014-07-30,10-Q,duration
cash_flow,dividends_paid,CommonStockDividendsPerShareCashPaid,0.26,USD/shares,2013-01-01,2013-03-31,2014-09-16,8-K,duration
cash_flow,dividends_paid,Dividends,41000000.0,USD,2013-01-01,2013-03-31,2014-09-16,8-K,duration
cash_flow,dividends_paid,CommonStockDividendsPerShareCashPaid,0.26,USD/shares,2013-01-01,2013-03-31,2014-11-07,10-Q,duration
cash_flow,dividends_paid,Dividends,41000000.0,USD,2013-01-01,2013-03-31,2014-11-07,10-Q,duration
cash_flow,dividends_paid,CommonStockDividendsPerShareCashPaid,0.27,USD/shares,2012-10-01,2013-06-30,2013-11-06,10-Q,duration
cash_flow,dividends_paid,Dividends,42000000.0,USD,2012-10-01,2013-06-30,2013-11-06,10-Q,duration
cash_flow,dividends_paid,CommonStockDividendsPerShareDeclared,0.53,USD/shares,2013-01-01,2013-06-30,2013-07-31,10-Q,duration
cash_flow,dividends_paid,PaymentsOfDividends,83000000.0,USD,2013-01-01,2013-06-30,2013-07-31,10-Q,duration
cash_flow,dividends_paid,CommonStockDividendsPerShareDeclared,0.53,USD/shares,2013-01-01,2013-06-30,2014-07-30,10-Q,duration
cash_flow,dividends_paid,PaymentsOfDividends,83000000.0,USD,2013-01-01,2013-06-30,2014-07-30,10-Q,duration
cash_flow,dividends_paid,CommonStockDividendsPerShareCashPaid,0.27,USD/shares,2013-04-01,2013-06-30,2013-07-31,10-Q,duration
cash_flow,dividends_paid,CommonStockDividendsPerShareDeclared,0.27,USD/shares,2013-04-01,2013-06-30,2013-07-31,10-Q,duration
cash_flow,dividends_paid,Dividends,42000000.0,USD,2013-04-01,2013-06-30,2013-07-31,10-Q,duration
cash_flow,dividends_paid,CommonStockDividendsPerShareCashPaid,0.27,USD/shares,2013-04-01,2013-06-30,2014-02-19,10-K,duration
cash_flow,dividends_paid,Dividends,42000000.0,USD,2013-04-01,2013-06-30,2014-02-19,10-K,duration
cash_flow,dividends_paid,CommonStockDividendsPerShareCashPaid,0.27,USD/shares,2013-04-01,2013-06-30,2014-05-07,10-Q,duration
cash_flow,dividends_paid,Dividends,42000000.0,USD,2013-04-01,2013-06-30,2014-05-07,10-Q,duration
cash_flow,dividends_paid,CommonStockDividendsPerShareCashPaid,0.27,USD/shares,2013-04-01,2013-06-30,2014-07-30,10-Q,duration
cash_flow,dividends_paid,CommonStockDividendsPerShareDeclared,0.27,USD/shares,2013-04-01,2013-06-30,2014-07-30,10-Q,duration
cash_flow,dividends_paid,Dividends,42000000.0,USD,2013-04-01,2013-06-30,2014-07-30,10-Q,duration
cash_flow,dividends_paid,CommonStockDividendsPerShareCashPaid,0.27,USD/shares,2013-04-01,2013-06-30,2014-09-16,8-K,duration
cash_flow,dividends_paid,Dividends,42000000.0,USD,2013-04-01,2013-06-30,2014-09-16,8-K,duration
cash_flow,dividends_paid,CommonStockDividendsPerShareCashPaid,0.27,USD/shares,2013-04-01,2013-06-30,2014-11-07,10-Q,duration
cash_flow,dividends_paid,Dividends,42000000.0,USD,2013-04-01,2013-06-30,2014-11-07,10-Q,duration
cash_flow,dividends_paid,CommonStockDividendsPerShareCashPaid,0.27,USD/shares,2013-01-01,2013-09-30,2013-11-06,10-Q,duration
cash_flow,dividends_paid,CommonStockDividendsPerShareDeclared,0.8,USD/shares,2013-01-01,2013-09-30,2013-11-06,10-Q,duration
cash_flow,dividends_paid,Dividends,42000000.0,USD,2013-01-01,2013-09-30,2013-11-06,10-Q,duration
cash_flow,dividends_paid,PaymentsOfDividends,125000000.0,USD,2013-01-01,2013-09-30,2013-11-06,10-Q,duration
cash_flow,dividends_paid,CommonStockDividendsPerShareDeclared,0.8,USD/shares,2013-01-01,2013-09-30,2014-11-07,10-Q,duration
cash_flow,dividends_paid,PaymentsOfDividends,125000000.0,USD,2013-01-01,2013-09-30,2014-11-07,10-Q,duration
cash_flow,dividends_paid,CommonStockDividendsPerShareDeclared,0.27,USD/shares,2013-07-01,2013-09-30,2013-11-06,10-Q,duration
cash_flow,dividends_paid,CommonStockDividendsPerShareCashPaid,0.27,USD/shares,2013-07-01,2013-09-30,2014-02-19,10-K,duration
cash_flow,dividends_paid,Dividends,42000000.0,USD,2013-07-01,2013-09-30,2014-02-19,10-K,duration
cash_flow,dividends_paid,CommonStockDividendsPerShareCashPaid,0.27,USD/shares,2013-07-01,2013-09-30,2014-05-07,10-Q,duration
cash_flow,dividends_paid,Dividends,42000000.0,USD,2013-07-01,2013-09-30,2014-05-07,10-Q,duration
cash_flow,dividends_paid,CommonStockDividendsPerShareCashPaid,0.27,USD/shares,2013-07-01,2013-09-30,2014-07-30,10-Q,duration
cash_flow,dividends_paid,Dividends,42000000.0,USD,2013-07-01,2013-09-30,2014-07-30,10-Q,duration
cash_flow,dividends_paid,CommonStockDividendsPerShareCashPaid,0.27,USD/shares,2013-07-01,2013-09-30,2014-09-16,8-K,duration
cash_flow,dividends_paid,Dividends,42000000.0,USD,2013-07-01,2013-09-30,2014-09-16,8-K,duration
cash_flow,dividends_paid,CommonStockDividendsPerShareCashPaid,0.27,USD/shares,2013-07-01,2013-09-30,2014-11-07,10-Q,duration
cash_flow,dividends_paid,CommonStockDividendsPerShareDeclared,0.27,USD/shares,2013-07-01,2013-09-30,2014-11-07,10-Q,duration
cash_flow,dividends_paid,Dividends,42000000.0,USD,2013-07-01,2013-09-30,2014-11-07,10-Q,duration
cash_flow,dividends_paid,CashDividendsPaidToParentCompany,967000000.0,USD,2013-01-01,2013-12-31,2014-02-19,10-K,duration
cash_flow,dividends_paid,CommonStockDividendsPerShareDeclared,1.07,USD/shares,2013-01-01,2013-12-31,2014-02-19,10-K,duration
cash_flow,dividends_paid,DividendsCommonStockCash,170000000.0,USD,2013-01-01,2013-12-31,2014-02-19,10-K,duration
cash_flow,dividends_paid,PaymentsOfDividends,168000000.0,USD,2013-01-01,2013-12-31,2014-02-19,10-K,duration
cash_flow,dividends_paid,CommonStockDividendsPerShareDeclared,1.07,USD/shares,2013-01-01,2013-12-31,2014-09-16,8-K,duration
cash_flow,dividends_paid,DividendsCommonStockCash,170000000.0,USD,2013-01-01,2013-12-31,2014-09-16,8-K,duration
cash_flow,dividends_paid,PaymentsOfDividends,168000000.0,USD,2013-01-01,2013-12-31,2014-09-16,8-K,duration
cash_flow,dividends_paid,CashDividendsPaidToParentCompany,967000000.0,USD,2013-01-01,2013-12-31,2015-02-18,10-K,duration
cash_flow,dividends_paid,CommonStockDividendsPerShareCashPaid,1.06,USD/shares,2013-01-01,2013-12-31,2015-02-18,10-K,duration
cash_flow,dividends_paid,CommonStockDividendsPerShareDeclared,1.07,USD/shares,2013-01-01,2013-12-31,2015-02-18,10-K,duration
cash_flow,dividends_paid,Dividends,167000000.0,USD,2013-01-01,2013-12-31,2015-02-18,10-K,duration
cash_flow,dividends_paid,DividendsCommonStockCash,170000000.0,USD,2013-01-01,2013-12-31,2015-02-18,10-K,duration
cash_flow,dividends_paid,PaymentsOfDividends,168000000.0,USD,2013-01-01,2013-12-31,2015-02-18,10-K,duration
cash_flow,dividends_paid,CommonStockDividendsPerShareCashPaid,1.06,USD/shares,2013-01-01,2013-12-31,2015-08-10,8-K,duration
cash_flow,dividends_paid,CommonStockDividendsPerShareDeclared,1.07,USD/shares,2013-01-01,2013-12-31,2015-08-10,8-K,duration
cash_flow,dividends_paid,Dividends,167000000.0,USD,2013-01-01,2013-12-31,2015-08-10,8-K,duration
cash_flow,dividends_paid,DividendsCommonStockCash,170000000.0,USD,2013-01-01,2013-12-31,2015-08-10,8-K,duration
cash_flow,dividends_paid,PaymentsOfDividends,168000000.0,USD,2013-01-01,2013-12-31,2015-08-10,8-K,duration
cash_flow,dividends_paid,CashDividendsPaidToParentCompany,967000000.0,USD,2013-01-01,2013-12-31,2016-02-18,10-K,duration
cash_flow,dividends_paid,CommonStockDividendsPerShareCashPaid,1.06,USD/shares,2013-01-01,2013-12-31,2016-02-18,10-K,duration
cash_flow,dividends_paid,CommonStockDividendsPerShareDeclared,1.07,USD/shares,2013-01-01,2013-12-31,2016-02-18,10-K,duration
cash_flow,dividends_paid,Dividends,167000000.0,USD,2013-01-01,2013-12-31,2016-02-18,10-K,duration
cash_flow,dividends_paid,DividendsCommonStockCash,170000000.0,USD,2013-01-01,2013-12-31,2016-02-18,10-K,duration
cash_flow,dividends_paid,PaymentsOfDividends,168000000.0,USD,2013-01-01,2013-12-31,2016-02-18,10-K,duration
cash_flow,dividends_paid,CommonStockDividendsPerShareCashPaid,0.27,USD/shares,2013-10-01,2013-12-31,2014-05-07,10-Q,duration
cash_flow,dividends_paid,Dividends,42000000.0,USD,2013-10-01,2013-12-31,2014-05-07,10-Q,duration
cash_flow,dividends_paid,CommonStockDividendsPerShareCashPaid,0.27,USD/shares,2013-10-01,2013-12-31,2014-07-30,10-Q,duration
cash_flow,dividends_paid,Dividends,42000000.0,USD,2013-10-01,2013-12-31,2014-07-30,10-Q,duration
cash_flow,dividends_paid,CommonStockDividendsPerShareCashPaid,0.27,USD/shares,2013-10-01,2013-12-31,2014-11-07,10-Q,duration
cash_flow,dividends_paid,Dividends,42000000.0,USD,2013-10-01,2013-12-31,2014-11-07,10-Q,duration
cash_flow,dividends_paid,CommonStockDividendsPerShareCashPaid,0.27,USD/shares,2013-10-01,2013-12-31,2015-04-29,10-Q,duration
cash_flow,dividends_paid,Dividends,42000000.0,USD,2013-10-01,2013-12-31,2015-04-29,10-Q,duration
cash_flow,dividends_paid,CommonStockDividendsPerShareCashPaid,0.27,USD/shares,2013-10-01,2013-12-31,2015-07-29,10-Q,duration
cash_flow,dividends_paid,Dividends,42000000.0,USD,2013-10-01,2013-12-31,2015-07-29,10-Q,duration
cash_flow,dividends_paid,CommonStockDividendsPerShareCashPaid,0.27,USD/shares,2013-10-01,2013-12-31,2015-11-06,10-Q,duration
cash_flow,dividends_paid,Dividends,42000000.0,USD,2013-10-01,2013-12-31,2015-11-06,10-Q,duration
cash_flow,dividends_paid,CommonStockDividendsPerShareCashPaid,0.27,USD/shares,2014-01-01,2014-03-31,2014-05-07,10-Q,duration
cash_flow,dividends_paid,CommonStockDividendsPerShareDeclared,0.27,USD/shares,2014-01-01,2014-03-31,2014-05-07,10-Q,duration
cash_flow,dividends_paid,Dividends,42000000.0,USD,2014-01-01,2014-03-31,2014-05-07,10-Q,duration
cash_flow,dividends_paid,PaymentsOfDividends,44000000.0,USD,2014-01-01,2014-03-31,2014-05-07,10-Q,duration
cash_flow,dividends_paid,CommonStockDividendsPerShareCashPaid,0.27,USD/shares,2014-01-01,2014-03-31,2014-07-30,10-Q,duration
cash_flow,dividends_paid,Dividends,42000000.0,USD,2014-01-01,2014-03-31,2014-07-30,10-Q,duration
cash_flow,dividends_paid,CommonStockDividendsPerShareCashPaid,0.27,USD/shares,2014-01-01,2014-03-31,2014-11-07,10-Q,duration
cash_flow,dividends_paid,Dividends,42000000.0,USD,2014-01-01,2014-03-31,2014-11-07,10-Q,duration
cash_flow,dividends_paid,CommonStockDividendsPerShareCashPaid,0.27,USD/shares,2014-01-01,2014-03-31,2015-04-29,10-Q,duration
cash_flow,dividends_paid,CommonStockDividendsPerShareDeclared,0.27,USD/shares,2014-01-01,2014-03-31,2015-04-29,10-Q,duration
cash_flow,dividends_paid,Dividends,42000000.0,USD,2014-01-01,2014-03-31,2015-04-29,10-Q,duration
cash_flow,dividends_paid,PaymentsOfDividends,44000000.0,USD,2014-01-01,2014-03-31,2015-04-29,10-Q,duration
cash_flow,dividends_paid,CommonStockDividendsPerShareCashPaid,0.27,USD/shares,2014-01-01,2014-03-31,2015-07-29,10-Q,duration
cash_flow,dividends_paid,Dividends,42000000.0,USD,2014-01-01,2014-03-31,2015-07-29,10-Q,duration
cash_flow,dividends_paid,CommonStockDividendsPerShareCashPaid,0.27,USD/shares,2014-01-01,2014-03-31,2015-11-06,10-Q,duration
cash_flow,dividends_paid,Dividends,42000000.0,USD,2014-01-01,2014-03-31,2015-11-06,10-Q,duration
cash_flow,dividends_paid,CommonStockDividendsPerShareDeclared,0.55,USD/shares,2014-01-01,2014-06-30,2014-07-30,10-Q,duration
cash_flow,dividends_paid,PaymentsOfDividends,86000000.0,USD,2014-01-01,2014-06-30,2014-07-30,10-Q,duration
cash_flow,dividends_paid,CommonStockDividendsPerShareDeclared,0.55,USD/shares,2014-01-01,2014-06-30,2015-07-29,10-Q,duration
cash_flow,dividends_paid,PaymentsOfDividends,86000000.0,USD,2014-01-01,2014-06-30,2015-07-29,10-Q,duration
cash_flow,dividends_paid,CommonStockDividendsPerShareCashPaid,0.28,USD/shares,2014-04-01,2014-06-30,2014-07-30,10-Q,duration
cash_flow,dividends_paid,CommonStockDividendsPerShareDeclared,0.28,USD/shares,2014-04-01,2014-06-30,2014-07-30,10-Q,duration
cash_flow,dividends_paid,Dividends,43000000.0,USD,2014-04-01,2014-06-30,2014-07-30,10-Q,duration
cash_flow,dividends_paid,CommonStockDividendsPerShareCashPaid,0.28,USD/shares,2014-04-01,2014-06-30,2014-11-07,10-Q,duration
cash_flow,dividends_paid,Dividends,43000000.0,USD,2014-04-01,2014-06-30,2014-11-07,10-Q,duration
cash_flow,dividends_paid,CommonStockDividendsPerShareCashPaid,0.28,USD/shares,2014-04-01,2014-06-30,2015-04-29,10-Q,duration
cash_flow,dividends_paid,Dividends,43000000.0,USD,2014-04-01,2014-06-30,2015-04-29,10-Q,duration
cash_flow,dividends_paid,CommonStockDividendsPerShareCashPaid,0.28,USD/shares,2014-04-01,2014-06-30,2015-07-29,10-Q,duration
cash_flow,dividends_paid,CommonStockDividendsPerShareDeclared,0.28,USD/shares,2014-04-01,2014-06-30,2015-07-29,10-Q,duration
cash_flow,dividends_paid,Dividends,43000000.0,USD,2014-04-01,2014-06-30,2015-07-29,10-Q,duration
cash_flow,dividends_paid,CommonStockDividendsPerShareCashPaid,0.28,USD/shares,2014-04-01,2014-06-30,2015-11-06,10-Q,duration
cash_flow,dividends_paid,Dividends,43000000.0,USD,2014-04-01,2014-06-30,2015-11-06,10-Q,duration
cash_flow,dividends_paid,CommonStockDividendsPerShareDeclared,0.83,USD/shares,2014-01-01,2014-09-30,2014-11-07,10-Q,duration
cash_flow,dividends_paid,PaymentsOfDividends,129000000.0,USD,2014-01-01,2014-09-30,2014-11-07,10-Q,duration
cash_flow,dividends_paid,CommonStockDividendsPerShareDeclared,0.83,USD/shares,2014-01-01,2014-09-30,2015-11-06,10-Q,duration
cash_flow,dividends_paid,PaymentsOfDividends,129000000.0,USD,2014-01-01,2014-09-30,2015-11-06,10-Q,duration
cash_flow,dividends_paid,CommonStockDividendsPerShareCashPaid,0.28,USD/shares,2014-07-01,2014-09-30,2014-11-07,10-Q,duration
cash_flow,dividends_paid,CommonStockDividendsPerShareDeclared,0.28,USD/shares,2014-07-01,2014-09-30,2014-11-07,10-Q,duration
cash_flow,dividends_paid,Dividends,43000000.0,USD,2014-07-01,2014-09-30,2014-11-07,10-Q,duration
cash_flow,dividends_paid,CommonStockDividendsPerShareCashPaid,0.28,USD/shares,2014-07-01,2014-09-30,2015-04-29,10-Q,duration
cash_flow,dividends_paid,Dividends,43000000.0,USD,2014-07-01,2014-09-30,2015-04-29,10-Q,duration
cash_flow,dividends_paid,CommonStockDividendsPerShareCashPaid,0.28,USD/shares,2014-07-01,2014-09-30,2015-07-29,10-Q,duration
cash_flow,dividends_paid,Dividends,43000000.0,USD,2014-07-01,2014-09-30,2015-07-29,10-Q,duration
cash_flow,dividends_paid,CommonStockDividendsPerShareCashPaid,0.28,USD/shares,2014-07-01,2014-09-30,2015-11-06,10-Q,duration
cash_flow,dividends_paid,CommonStockDividendsPerShareDeclared,0.28,USD/shares,2014-07-01,2014-09-30,2015-11-06,10-Q,duration
cash_flow,dividends_paid,Dividends,43000000.0,USD,2014-07-01,2014-09-30,2015-11-06,10-Q,duration
cash_flow,dividends_paid,CashDividendsPaidToParentCompany,927000000.0,USD,2014-01-01,2014-12-31,2015-02-18,10-K,duration
cash_flow,dividends_paid,CommonStockDividendsPerShareCashPaid,1.1,USD/shares,2014-01-01,2014-12-31,2015-02-18,10-K,duration
cash_flow,dividends_paid,CommonStockDividendsPerShareDeclared,1.11,USD/shares,2014-01-01,2014-12-31,2015-02-18,10-K,duration
cash_flow,dividends_paid,Dividends,170000000.0,USD,2014-01-01,2014-12-31,2015-02-18,10-K,duration
cash_flow,dividends_paid,DividendsCommonStockCash,173000000.0,USD,2014-01-01,2014-12-31,2015-02-18,10-K,duration
cash_flow,dividends_paid,PaymentsOfDividends,172000000.0,USD,2014-01-01,2014-12-31,2015-02-18,10-K,duration
cash_flow,dividends_paid,CommonStockDividendsPerShareCashPaid,1.1,USD/shares,2014-01-01,2014-12-31,2015-08-10,8-K,duration
cash_flow,dividends_paid,CommonStockDividendsPerShareDeclared,1.11,USD/shares,2014-01-01,2014-12-31,2015-08-10,8-K,duration
cash_flow,dividends_paid,Dividends,170000000.0,USD,2014-01-01,2014-12-31,2015-08-10,8-K,duration
cash_flow,dividends_paid,DividendsCommonStockCash,173000000.0,USD,2014-01-01,2014-12-31,2015-08-10,8-K,duration
cash_flow,dividends_paid,PaymentsOfDividends,172000000.0,USD,2014-01-01,2014-12-31,2015-08-10,8-K,duration
cash_flow,dividends_paid,CashDividendsPaidToParentCompany,927000000.0,USD,2014-01-01,2014-12-31,2016-02-18,10-K,duration
cash_flow,dividends_paid,CommonStockDividendsPerShareCashPaid,1.1,USD/shares,2014-01-01,2014-12-31,2016-02-18,10-K,duration
cash_flow,dividends_paid,CommonStockDividendsPerShareDeclared,1.11,USD/shares,2014-01-01,2014-12-31,2016-02-18,10-K,duration
cash_flow,dividends_paid,Dividends,170000000.0,USD,2014-01-01,2014-12-31,2016-02-18,10-K,duration
cash_flow,dividends_paid,DividendsCommonStockCash,173000000.0,USD,2014-01-01,2014-12-31,2016-02-18,10-K,duration
cash_flow,dividends_paid,PaymentsOfDividends,172000000.0,USD,2014-01-01,2014-12-31,2016-02-18,10-K,duration
cash_flow,dividends_paid,CashDividendsPaidToParentCompany,927000000.0,USD,2014-01-01,2014-12-31,2017-02-17,10-K,duration
cash_flow,dividends_paid,CommonStockDividendsPerShareCashPaid,1.1,USD/shares,2014-01-01,2014-12-31,2017-02-17,10-K,duration
cash_flow,dividends_paid,CommonStockDividendsPerShareDeclared,1.11,USD/shares,2014-01-01,2014-12-31,2017-02-17,10-K,duration
cash_flow,dividends_paid,Dividends,170000000.0,USD,2014-01-01,2014-12-31,2017-02-17,10-K,duration
cash_flow,dividends_paid,DividendsCommonStockCash,173000000.0,USD,2014-01-01,2014-12-31,2017-02-17,10-K,duration
cash_flow,dividends_paid,PaymentsOfDividends,172000000.0,USD,2014-01-01,2014-12-31,2017-02-17,10-K,duration
cash_flow,dividends_paid,CommonStockDividendsPerShareCashPaid,1.1,USD/shares,2014-01-01,2014-12-31,2017-12-14,8-K,duration
cash_flow,dividends_paid,CommonStockDividendsPerShareDeclared,1.11,USD/shares,2014-01-01,2014-12-31,2017-12-14,8-K,duration
cash_flow,dividends_paid,Dividends,170000000.0,USD,2014-01-01,2014-12-31,2017-12-14,8-K,duration
cash_flow,dividends_paid,DividendsCommonStockCash,173000000.0,USD,2014-01-01,2014-12-31,2017-12-14,8-K,duration
cash_flow,dividends_paid,PaymentsOfDividends,172000000.0,USD,2014-01-01,2014-12-31,2017-12-14,8-K,duration
cash_flow,dividends_paid,CommonStockDividendsPerShareCashPaid,0.28,USD/shares,2014-10-01,2014-12-31,2015-04-29,10-Q,duration
cash_flow,dividends_paid,Dividends,42000000.0,USD,2014-10-01,2014-12-31,2015-04-29,10-Q,duration
cash_flow,dividends_paid,CommonStockDividendsPerShareCashPaid,0.28,USD/shares,2014-10-01,2014-12-31,2015-07-29,10-Q,duration
cash_flow,dividends_paid,Dividends,42000000.0,USD,2014-10-01,2014-12-31,2015-07-29,10-Q,duration
cash_flow,dividends_paid,CommonStockDividendsPerShareCashPaid,0.28,USD/shares,2014-10-01,2014-12-31,2015-11-06,10-Q,duration
cash_flow,dividends_paid,Dividends,42000000.0,USD,2014-10-01,2014-12-31,2015-11-06,10-Q,duration
cash_flow,dividends_paid,CommonStockDividendsPerShareCashPaid,0.28,USD/shares,2014-10-01,2014-12-31,2016-05-04,10-Q,duration
cash_flow,dividends_paid,Dividends,42000000.0,USD,2014-10-01,2014-12-31,2016-05-04,10-Q,duration
cash_flow,dividends_paid,CommonStockDividendsPerShareCashPaid,0.28,USD/shares,2014-10-01,2014-12-31,2016-08-03,10-Q,duration
cash_flow,dividends_paid,Dividends,42000000.0,USD,2014-10-01,2014-12-31,2016-08-03,10-Q,duration
cash_flow,dividends_paid,CommonStockDividendsPerShareCashPaid,0.28,USD/shares,2014-10-01,2014-12-31,2016-11-04,10-Q,duration
cash_flow,dividends_paid,Dividends,42000000.0,USD,2014-10-01,2014-12-31,2016-11-04,10-Q,duration
cash_flow,dividends_paid,CommonStockDividendsPerShareCashPaid,0.28,USD/shares,2015-01-01,2015-03-31,2015-04-29,10-Q,duration
cash_flow,dividends_paid,CommonStockDividendsPerShareDeclared,0.28,USD/shares,2015-01-01,2015-03-31,2015-04-29,10-Q,duration
cash_flow,dividends_paid,Dividends,42000000.0,USD,2015-01-01,2015-03-31,2015-04-29,10-Q,duration
cash_flow,dividends_paid,PaymentsOfDividends,44000000.0,USD,2015-01-01,2015-03-31,2015-04-29,10-Q,duration
cash_flow,dividends_paid,CommonStockDividendsPerShareCashPaid,0.28,USD/shares,2015-01-01,2015-03-31,2015-07-29,10-Q,duration
cash_flow,dividends_paid,Dividends,42000000.0,USD,2015-01-01,2015-03-31,2015-07-29,10-Q,duration
cash_flow,dividends_paid,CommonStockDividendsPerShareCashPaid,0.28,USD/shares,2015-01-01,2015-03-31,2015-11-06,10-Q,duration
cash_flow,dividends_paid,Dividends,42000000.0,USD,2015-01-01,2015-03-31,2015-11-06,10-Q,duration
cash_flow,dividends_paid,CommonStockDividendsPerShareCashPaid,0.28,USD/shares,2015-01-01,2015-03-31,2016-05-04,10-Q,duration
cash_flow,dividends_paid,CommonStockDividendsPerShareDeclared,0.28,USD/shares,2015-01-01,2015-03-31,2016-05-04,10-Q,duration
cash_flow,dividends_paid,Dividends,42000000.0,USD,2015-01-01,2015-03-31,2016-05-04,10-Q,duration
cash_flow,dividends_paid,PaymentsOfDividends,44000000.0,USD,2015-01-01,2015-03-31,2016-05-04,10-Q,duration
cash_flow,dividends_paid,CommonStockDividendsPerShareCashPaid,0.28,USD/shares,2015-01-01,2015-03-31,2016-08-03,10-Q,duration
cash_flow,dividends_paid,Dividends,42000000.0,USD,2015-01-01,2015-03-31,2016-08-03,10-Q,duration
cash_flow,dividends_paid,CommonStockDividendsPerShareCashPaid,0.28,USD/shares,2015-01-01,2015-03-31,2016-11-04,10-Q,duration
cash_flow,dividends_paid,Dividends,42000000.0,USD,2015-01-01,2015-03-31,2016-11-04,10-Q,duration
cash_flow,dividends_paid,CommonStockDividendsPerShareDeclared,0.57,USD/shares,2015-01-01,2015-06-30,2015-07-29,10-Q,duration
cash_flow,dividends_paid,PaymentsOfDividends,86000000.0,USD,2015-01-01,2015-06-30,2015-07-29,10-Q,duration
cash_flow,dividends_paid,CommonStockDividendsPerShareDeclared,0.57,USD/shares,2015-01-01,2015-06-30,2016-08-03,10-Q,duration
cash_flow,dividends_paid,PaymentsOfDividends,86000000.0,USD,2015-01-01,2015-06-30,2016-08-03,10-Q,duration
cash_flow,dividends_paid,CommonStockDividendsPerShareCashPaid,0.29,USD/shares,2015-04-01,2015-06-30,2015-07-29,10-Q,duration
cash_flow,dividends_paid,CommonStockDividendsPerShareDeclared,0.29,USD/shares,2015-04-01,2015-06-30,2015-07-29,10-Q,duration
cash_flow,dividends_paid,Dividends,43000000.0,USD,2015-04-01,2015-06-30,2015-07-29,10-Q,duration
cash_flow,dividends_paid,CommonStockDividendsPerShareCashPaid,0.29,USD/shares,2015-04-01,2015-06-30,2015-11-06,10-Q,duration
cash_flow,dividends_paid,Dividends,43000000.0,USD,2015-04-01,2015-06-30,2015-11-06,10-Q,duration
cash_flow,dividends_paid,CommonStockDividendsPerShareCashPaid,0.29,USD/shares,2015-04-01,2015-06-30,2016-05-04,10-Q,duration
cash_flow,dividends_paid,Dividends,43000000.0,USD,2015-04-01,2015-06-30,2016-05-04,10-Q,duration
cash_flow,dividends_paid,CommonStockDividendsPerShareCashPaid,0.29,USD/shares,2015-04-01,2015-06-30,2016-08-03,10-Q,duration
cash_flow,dividends_paid,CommonStockDividendsPerShareDeclared,0.29,USD/shares,2015-04-01,2015-06-30,2016-08-03,10-Q,duration
cash_flow,dividends_paid,Dividends,43000000.0,USD,2015-04-01,2015-06-30,2016-08-03,10-Q,duration
cash_flow,dividends_paid,CommonStockDividendsPerShareCashPaid,0.29,USD/shares,2015-04-01,2015-06-30,2016-11-04,10-Q,duration
cash_flow,dividends_paid,Dividends,43000000.0,USD,2015-04-01,2015-06-30,2016-11-04,10-Q,duration
cash_flow,dividends_paid,CommonStockDividendsPerShareDeclared,0.86,USD/shares,2015-01-01,2015-09-30,2015-11-06,10-Q,duration
cash_flow,dividends_paid,PaymentsOfDividends,129000000.0,USD,2015-01-01,2015-09-30,2015-11-06,10-Q,duration
cash_flow,dividends_paid,CommonStockDividendsPerShareDeclared,0.86,USD/shares,2015-01-01,2015-09-30,2016-11-04,10-Q,duration
cash_flow,dividends_paid,PaymentsOfDividends,129000000.0,USD,2015-01-01,2015-09-30,2016-11-04,10-Q,duration
cash_flow,dividends_paid,CommonStockDividendsPerShareCashPaid,0.29,USD/shares,2015-07-01,2015-09-30,2015-11-06,10-Q,duration
cash_flow,dividends_paid,CommonStockDividendsPerShareDeclared,0.29,USD/shares,2015-07-01,2015-09-30,2015-11-06,10-Q,duration
cash_flow,dividends_paid,Dividends,43000000.0,USD,2015-07-01,2015-09-30,2015-11-06,10-Q,duration
cash_flow,dividends_paid,CommonStockDividendsPerShareCashPaid,0.29,USD/shares,2015-07-01,2015-09-30,2016-05-04,10-Q,duration
cash_flow,dividends_paid,Dividends,43000000.0,USD,2015-07-01,2015-09-30,2016-05-04,10-Q,duration
cash_flow,dividends_paid,CommonStockDividendsPerShareCashPaid,0.29,USD/shares,2015-07-01,2015-09-30,2016-08-03,10-Q,duration
cash_flow,dividends_paid,Dividends,43000000.0,USD,2015-07-01,2015-09-30,2016-08-03,10-Q,duration
cash_flow,dividends_paid,CommonStockDividendsPerShareCashPaid,0.29,USD/shares,2015-07-01,2015-09-30,2016-11-04,10-Q,duration
cash_flow,dividends_paid,CommonStockDividendsPerShareDeclared,0.29,USD/shares,2015-07-01,2015-09-30,2016-11-04,10-Q,duration
cash_flow,dividends_paid,Dividends,43000000.0,USD,2015-07-01,2015-09-30,2016-11-04,10-Q,duration
cash_flow,dividends_paid,CashDividendsPaidToParentCompany,493000000.0,USD,2015-01-01,2015-12-31,2016-02-18,10-K,duration
cash_flow,dividends_paid,CommonStockDividendsPerShareCashPaid,1.14,USD/shares,2015-01-01,2015-12-31,2016-02-18,10-K,duration
cash_flow,dividends_paid,CommonStockDividendsPerShareDeclared,1.15,USD/shares,2015-01-01,2015-12-31,2016-02-18,10-K,duration
cash_flow,dividends_paid,Dividends,170000000.0,USD,2015-01-01,2015-12-31,2016-02-18,10-K,duration
cash_flow,dividends_paid,DividendsCommonStockCash,175000000.0,USD,2015-01-01,2015-12-31,2016-02-18,10-K,duration
cash_flow,dividends_paid,PaymentsOfDividends,172000000.0,USD,2015-01-01,2015-12-31,2016-02-18,10-K,duration
cash_flow,dividends_paid,CashDividendsPaidToParentCompany,493000000.0,USD,2015-01-01,2015-12-31,2017-02-17,10-K,duration
cash_flow,dividends_paid,CommonStockDividendsPerShareCashPaid,1.14,USD/shares,2015-01-01,2015-12-31,2017-02-17,10-K,duration
cash_flow,dividends_paid,CommonStockDividendsPerShareDeclared,1.15,USD/shares,2015-01-01,2015-12-31,2017-02-17,10-K,duration
cash_flow,dividends_paid,Dividends,170000000.0,USD,2015-01-01,2015-12-31,2017-02-17,10-K,duration
cash_flow,dividends_paid,DividendsCommonStockCash,175000000.0,USD,2015-01-01,2015-12-31,2017-02-17,10-K,duration
cash_flow,dividends_paid,PaymentsOfDividends,172000000.0,USD,2015-01-01,2015-12-31,2017-02-17,10-K,duration
cash_flow,dividends_paid,CommonStockDividendsPerShareCashPaid,1.14,USD/shares,2015-01-01,2015-12-31,2017-12-14,8-K,duration
cash_flow,dividends_paid,CommonStockDividendsPerShareDeclared,1.15,USD/shares,2015-01-01,2015-12-31,2017-12-14,8-K,duration
cash_flow,dividends_paid,Dividends,170000000.0,USD,2015-01-01,2015-12-31,2017-12-14,8-K,duration
cash_flow,dividends_paid,DividendsCommonStockCash,175000000.0,USD,2015-01-01,2015-12-31,2017-12-14,8-K,duration
cash_flow,dividends_paid,PaymentsOfDividends,172000000.0,USD,2015-01-01,2015-12-31,2017-12-14,8-K,duration
cash_flow,dividends_paid,CashDividendsPaidToParentCompany,493000000.0,USD,2015-01-01,2015-12-31,2018-02-16,10-K,duration
cash_flow,dividends_paid,CommonStockDividendsPerShareCashPaid,1.14,USD/shares,2015-01-01,2015-12-31,2018-02-16,10-K,duration
cash_flow,dividends_paid,Dividends,170000000.0,USD,2015-01-01,2015-12-31,2018-02-16,10-K,duration
cash_flow,dividends_paid,DividendsCommonStockCash,175000000.0,USD,2015-01-01,2015-12-31,2018-02-16,10-K,duration
cash_flow,dividends_paid,PaymentsOfDividends,172000000.0,USD,2015-01-01,2015-12-31,2018-02-16,10-K,duration
cash_flow,dividends_paid,CommonStockDividendsPerShareCashPaid,0.29,USD/shares,2015-10-01,2015-12-31,2016-05-04,10-Q,duration
cash_flow,dividends_paid,Dividends,43000000.0,USD,2015-10-01,2015-12-31,2016-05-04,10-Q,duration
cash_flow,dividends_paid,CommonStockDividendsPerShareCashPaid,0.29,USD/shares,2015-10-01,2015-12-31,2016-08-03,10-Q,duration
cash_flow,dividends_paid,Dividends,43000000.0,USD,2015-10-01,2015-12-31,2016-08-03,10-Q,duration
cash_flow,dividends_paid,CommonStockDividendsPerShareCashPaid,0.29,USD/shares,2015-10-01,2015-12-31,2016-11-04,10-Q,duration
cash_flow,dividends_paid,Dividends,43000000.0,USD,2015-10-01,2015-12-31,2016-11-04,10-Q,duration
cash_flow,dividends_paid,CommonStockDividendsPerShareCashPaid,0.29,USD/shares,2016-01-01,2016-03-31,2016-05-04,10-Q,duration
cash_flow,dividends_paid,CommonStockDividendsPerShareDeclared,0.29,USD/shares,2016-01-01,2016-03-31,2016-05-04,10-Q,duration
cash_flow,dividends_paid,Dividends,43000000.0,USD,2016-01-01,2016-03-31,2016-05-04,10-Q,duration
cash_flow,dividends_paid,PaymentsOfDividends,47000000.0,USD,2016-01-01,2016-03-31,2016-05-04,10-Q,duration
cash_flow,dividends_paid,CommonStockDividendsPerShareCashPaid,0.29,USD/shares,2016-01-01,2016-03-31,2016-08-03,10-Q,duration
cash_flow,dividends_paid,Dividends,43000000.0,USD,2016-01-01,2016-03-31,2016-08-03,10-Q,duration
cash_flow,dividends_paid,CommonStockDividendsPerShareCashPaid,0.29,USD/shares,2016-01-01,2016-03-31,2016-11-04,10-Q,duration
cash_flow,dividends_paid,Dividends,43000000.0,USD,2016-01-01,2016-03-31,2016-11-04,10-Q,duration
cash_flow,dividends_paid,CommonStockDividendsPerShareCashPaid,0.29,USD/shares,2016-01-01,2016-03-31,2017-05-03,10-Q,duration
cash_flow,dividends_paid,CommonStockDividendsPerShareDeclared,0.29,USD/shares,2016-01-01,2016-03-31,2017-05-03,10-Q,duration
cash_flow,dividends_paid,Dividends,43000000.0,USD,2016-01-01,2016-03-31,2017-05-03,10-Q,duration
cash_flow,dividends_paid,PaymentsOfDividends,47000000.0,USD,2016-01-01,2016-03-31,2017-05-03,10-Q,duration
cash_flow,dividends_paid,CommonStockDividendsPerShareCashPaid,0.29,USD/shares,2016-01-01,2016-03-31,2017-08-02,10-Q,duration
cash_flow,dividends_paid,Dividends,43000000.0,USD,2016-01-01,2016-03-31,2017-08-02,10-Q,duration
cash_flow,dividends_paid,CommonStockDividendsPerShareCashPaid,0.29,USD/shares,2016-01-01,2016-03-31,2017-11-08,10-Q,duration
cash_flow,dividends_paid,Dividends,43000000.0,USD,2016-01-01,2016-03-31,2017-11-08,10-Q,duration
cash_flow,dividends_paid,CommonStockDividendsPerShareDeclared,0.58,USD/shares,2016-01-01,2016-06-30,2016-08-03,10-Q,duration
cash_flow,dividends_paid,PaymentsOfDividends,90000000.0,USD,2016-01-01,2016-06-30,2016-08-03,10-Q,duration
cash_flow,dividends_paid,CommonStockDividendsPerShareDeclared,0.58,USD/shares,2016-01-01,2016-06-30,2017-08-02,10-Q,duration
cash_flow,dividends_paid,PaymentsOfDividends,90000000.0,USD,2016-01-01,2016-06-30,2017-08-02,10-Q,duration
cash_flow,dividends_paid,CommonStockDividendsPerShareCashPaid,0.29,USD/shares,2016-04-01,2016-06-30,2016-08-03,10-Q,duration
cash_flow,dividends_paid,CommonStockDividendsPerShareDeclared,0.29,USD/shares,2016-04-01,2016-06-30,2016-08-03,10-Q,duration
cash_flow,dividends_paid,Dividends,43000000.0,USD,2016-04-01,2016-06-30,2016-08-03,10-Q,duration
cash_flow,dividends_paid,CommonStockDividendsPerShareCashPaid,0.29,USD/shares,2016-04-01,2016-06-30,2016-11-04,10-Q,duration
cash_flow,dividends_paid,Dividends,43000000.0,USD,2016-04-01,2016-06-30,2016-11-04,10-Q,duration
cash_flow,dividends_paid,CommonStockDividendsPerShareCashPaid,0.29,USD/shares,2016-04-01,2016-06-30,2017-05-03,10-Q,duration
cash_flow,dividends_paid,Dividends,43000000.0,USD,2016-04-01,2016-06-30,2017-05-03,10-Q,duration
cash_flow,dividends_paid,CommonStockDividendsPerShareCashPaid,0.29,USD/shares,2016-04-01,2016-06-30,2017-08-02,10-Q,duration
cash_flow,dividends_paid,CommonStockDividendsPerShareDeclared,0.29,USD/shares,2016-04-01,2016-06-30,2017-08-02,10-Q,duration
cash_flow,dividends_paid,Dividends,43000000.0,USD,2016-04-01,2016-06-30,2017-08-02,10-Q,duration
cash_flow,dividends_paid,CommonStockDividendsPerShareCashPaid,0.29,USD/shares,2016-04-01,2016-06-30,2017-11-08,10-Q,duration
cash_flow,dividends_paid,Dividends,43000000.0,USD,2016-04-01,2016-06-30,2017-11-08,10-Q,duration
cash_flow,dividends_paid,CommonStockDividendsPerShareDeclared,0.29,USD/shares,,2016-08-25,2016-11-04,10-Q,instant
cash_flow,dividends_paid,CommonStockDividendsPerShareDeclared,0.87,USD/shares,2016-01-01,2016-09-30,2016-11-04,10-Q,duration
cash_flow,dividends_paid,PaymentsOfDividends,133000000.0,USD,2016-01-01,2016-09-30,2016-11-04,10-Q,duration
cash_flow,dividends_paid,CommonStockDividendsPerShareDeclared,0.87,USD/shares,2016-01-01,2016-09-30,2017-11-08,10-Q,duration
cash_flow,dividends_paid,PaymentsOfDividends,133000000.0,USD,2016-01-01,2016-09-30,2017-11-08,10-Q,duration
cash_flow,dividends_paid,CommonStockDividendsPerShareDeclared,0.29,USD/shares,2016-07-01,2016-09-30,2016-11-04,10-Q,duration
cash_flow,dividends_paid,CommonStockDividendsPerShareCashPaid,0.29,USD/shares,2016-07-01,2016-09-30,2017-05-03,10-Q,duration
cash_flow,dividends_paid,Dividends,43000000.0,USD,2016-07-01,2016-09-30,2017-05-03,10-Q,duration
cash_flow,dividends_paid,CommonStockDividendsPerShareCashPaid,0.29,USD/shares,2016-07-01,2016-09-30,2017-08-02,10-Q,duration
cash_flow,dividends_paid,Dividends,43000000.0,USD,2016-07-01,2016-09-30,2017-08-02,10-Q,duration
cash_flow,dividends_paid,CommonStockDividendsPerShareCashPaid,0.29,USD/shares,2016-07-01,2016-09-30,2017-11-08,10-Q,duration
cash_flow,dividends_paid,CommonStockDividendsPerShareDeclared,0.29,USD/shares,2016-07-01,2016-09-30,2017-11-08,10-Q,duration
cash_flow,dividends_paid,Dividends,43000000.0,USD,2016-07-01,2016-09-30,2017-11-08,10-Q,duration
cash_flow,dividends_paid,CashDividendsPaidToParentCompany,763000000.0,USD,2016-01-01,2016-12-31,2017-02-17,10-K,duration
cash_flow,dividends_paid,CommonStockDividendsPerShareCashPaid,1.16,USD/shares,2016-01-01,2016-12-31,2017-02-17,10-K,duration
cash_flow,dividends_paid,CommonStockDividendsPerShareDeclared,1.16,USD/shares,2016-01-01,2016-12-31,2017-02-17,10-K,duration
cash_flow,dividends_paid,Dividends,172000000.0,USD,2016-01-01,2016-12-31,2017-02-17,10-K,duration
cash_flow,dividends_paid,DividendsCommonStockCash,177000000.0,USD,2016-01-01,2016-12-31,2017-02-17,10-K,duration
cash_flow,dividends_paid,PaymentsOfDividends,177000000.0,USD,2016-01-01,2016-12-31,2017-02-17,10-K,duration
cash_flow,dividends_paid,CommonStockDividendsPerShareCashPaid,1.16,USD/shares,2016-01-01,2016-12-31,2017-12-14,8-K,duration
cash_flow,dividends_paid,CommonStockDividendsPerShareDeclared,1.16,USD/shares,2016-01-01,2016-12-31,2017-12-14,8-K,duration
cash_flow,dividends_paid,Dividends,172000000.0,USD,2016-01-01,2016-12-31,2017-12-14,8-K,duration
cash_flow,dividends_paid,DividendsCommonStockCash,177000000.0,USD,2016-01-01,2016-12-31,2017-12-14,8-K,duration
cash_flow,dividends_paid,PaymentsOfDividends,177000000.0,USD,2016-01-01,2016-12-31,2017-12-14,8-K,duration
cash_flow,dividends_paid,CashDividendsPaidToParentCompany,763000000.0,USD,2016-01-01,2016-12-31,2018-02-16,10-K,duration
cash_flow,dividends_paid,CommonStockDividendsPerShareCashPaid,1.16,USD/shares,2016-01-01,2016-12-31,2018-02-16,10-K,duration
cash_flow,dividends_paid,Dividends,172000000.0,USD,2016-01-01,2016-12-31,2018-02-16,10-K,duration
cash_flow,dividends_paid,DividendsCommonStockCash,177000000.0,USD,2016-01-01,2016-12-31,2018-02-16,10-K,duration
cash_flow,dividends_paid,PaymentsOfDividends,177000000.0,USD,2016-01-01,2016-12-31,2018-02-16,10-K,duration
cash_flow,dividends_paid,CashDividendsPaidToParentCompany,800000000.0,USD,2016-01-01,2016-12-31,2019-02-21,10-K,duration
cash_flow,dividends_paid,CommonStockDividendsPerShareCashPaid,1.16,USD/shares,2016-01-01,2016-12-31,2019-02-21,10-K,duration
cash_flow,dividends_paid,Dividends,172000000.0,USD,2016-01-01,2016-12-31,2019-02-21,10-K,duration
cash_flow,dividends_paid,DividendsCommonStockCash,177000000.0,USD,2016-01-01,2016-12-31,2019-02-21,10-K,duration
cash_flow,dividends_paid,PaymentsOfDividends,177000000.0,USD,2016-01-01,2016-12-31,2019-02-21,10-K,duration
cash_flow,dividends_paid,CommonStockDividendsPerShareCashPaid,0.29,USD/shares,2016-10-01,2016-12-31,2017-05-03,10-Q,duration
cash_flow,dividends_paid,Dividends,43000000.0,USD,2016-10-01,2016-12-31,2017-05-03,10-Q,duration
cash_flow,dividends_paid,CommonStockDividendsPerShareCashPaid,0.29,USD/shares,2016-10-01,2016-12-31,2017-08-02,10-Q,duration
cash_flow,dividends_paid,Dividends,43000000.0,USD,2016-10-01,2016-12-31,2017-08-02,10-Q,duration
cash_flow,dividends_paid,CommonStockDividendsPerShareCashPaid,0.29,USD/shares,2016-10-01,2016-12-31,2017-11-08,10-Q,duration
cash_flow,dividends_paid,Dividends,43000000.0,USD,2016-10-01,2016-12-31,2017-11-08,10-Q,duration
cash_flow,dividends_paid,CommonStockDividendsPerShareCashPaid,0.29,USD/shares,,2017-01-27,2018-08-01,10-Q,instant
cash_flow,dividends_paid,Dividends,43000000.0,USD,,2017-01-27,2018-08-01,10-Q,instant
cash_flow,dividends_paid,CommonStockDividendsPerShareCashPaid,0.29,USD/shares,,2017-01-27,2018-11-07,10-Q,instant
cash_flow,dividends_paid,Dividends,43000000.0,USD,,2017-01-27,2018-11-07,10-Q,instant
cash_flow,dividends_paid,CommonStockDividendsPerShareCashPaid,0.29,USD/shares,2017-01-01,2017-03-31,2017-05-03,10-Q,duration
cash_flow,dividends_paid,CommonStockDividendsPerShareDeclared,0.4,USD/shares,2017-01-01,2017-03-31,2017-05-03,10-Q,duration
cash_flow,dividends_paid,Dividends,43000000.0,USD,2017-01-01,2017-03-31,2017-05-03,10-Q,duration
cash_flow,dividends_paid,PaymentsOfDividends,47000000.0,USD,2017-01-01,2017-03-31,2017-05-03,10-Q,duration
cash_flow,dividends_paid,CommonStockDividendsPerShareCashPaid,0.29,USD/shares,2017-01-01,2017-03-31,2017-08-02,10-Q,duration
cash_flow,dividends_paid,Dividends,43000000.0,USD,2017-01-01,2017-03-31,2017-08-02,10-Q,duration
cash_flow,dividends_paid,CommonStockDividendsPerShareCashPaid,0.29,USD/shares,2017-01-01,2017-03-31,2017-11-08,10-Q,duration
cash_flow,dividends_paid,Dividends,43000000.0,USD,2017-01-01,2017-03-31,2017-11-08,10-Q,duration
cash_flow,dividends_paid,CommonStockDividendsPerShareCashPaid,0.29,USD/shares,2017-01-01,2017-03-31,2018-05-02,10-Q,duration
cash_flow,dividends_paid,CommonStockDividendsPerShareDeclared,0.4,USD/shares,2017-01-01,2017-03-31,2018-05-02,10-Q,duration
cash_flow,dividends_paid,Dividends,43000000.0,USD,2017-01-01,2017-03-31,2018-05-02,10-Q,duration
cash_flow,dividends_paid,PaymentsOfDividends,47000000.0,USD,2017-01-01,2017-03-31,2018-05-02,10-Q,duration
cash_flow,dividends_paid,CommonStockDividendsPerShareCashPaid,0.4,USD/shares,,2017-04-28,2018-08-01,10-Q,instant
cash_flow,dividends_paid,Dividends,58000000.0,USD,,2017-04-28,2018-08-01,10-Q,instant
cash_flow,dividends_paid,CommonStockDividendsPerShareCashPaid,0.4,USD/shares,,2017-04-28,2018-11-07,10-Q,instant
cash_flow,dividends_paid,Dividends,58000000.0,USD,,2017-04-28,2018-11-07,10-Q,instant
cash_flow,dividends_paid,CommonStockDividendsPerShareDeclared,0.8,USD/shares,2017-01-01,2017-06-30,2017-08-02,10-Q,duration
cash_flow,dividends_paid,PaymentsOfDividends,104000000.0,USD,2017-01-01,2017-06-30,2017-08-02,10-Q,duration
cash_flow,dividends_paid,CommonStockDividendsPerShareDeclared,0.8,USD/shares,2017-01-01,2017-06-30,2018-08-01,10-Q,duration
cash_flow,dividends_paid,PaymentsOfDividends,104000000.0,USD,2017-01-01,2017-06-30,2018-08-01,10-Q,duration
cash_flow,dividends_paid,CommonStockDividendsPerShareCashPaid,0.4,USD/shares,2017-04-01,2017-06-30,2017-08-02,10-Q,duration
cash_flow,dividends_paid,CommonStockDividendsPerShareDeclared,0.4,USD/shares,2017-04-01,2017-06-30,2017-08-02,10-Q,duration
cash_flow,dividends_paid,Dividends,58000000.0,USD,2017-04-01,2017-06-30,2017-08-02,10-Q,duration
cash_flow,dividends_paid,CommonStockDividendsPerShareCashPaid,0.4,USD/shares,2017-04-01,2017-06-30,2017-11-08,10-Q,duration
cash_flow,dividends_paid,Dividends,58000000.0,USD,2017-04-01,2017-06-30,2017-11-08,10-Q,duration
cash_flow,dividends_paid,CommonStockDividendsPerShareCashPaid,0.4,USD/shares,2017-04-01,2017-06-30,2018-05-02,10-Q,duration
cash_flow,dividends_paid,Dividends,58000000.0,USD,2017-04-01,2017-06-30,2018-05-02,10-Q,duration
cash_flow,dividends_paid,CommonStockDividendsPerShareDeclared,0.4,USD/shares,2017-04-01,2017-06-30,2018-08-01,10-Q,duration
cash_flow,dividends_paid,CommonStockDividendsPerShareCashPaid,0.4,USD/shares,,2017-07-31,2018-08-01,10-Q,instant
cash_flow,dividends_paid,Dividends,58000000.0,USD,,2017-07-31,2018-08-01,10-Q,instant
cash_flow,dividends_paid,CommonStockDividendsPerShareCashPaid,0.4,USD/shares,,2017-07-31,2018-11-07,10-Q,instant
cash_flow,dividends_paid,Dividends,58000000.0,USD,,2017-07-31,2018-11-07,10-Q,instant
cash_flow,dividends_paid,CommonStockDividendsPerShareDeclared,1.2,USD/shares,2017-01-01,2017-09-30,2017-11-08,10-Q,duration
cash_flow,dividends_paid,PaymentsOfDividends,162000000.0,USD,2017-01-01,2017-09-30,2017-11-08,10-Q,duration
cash_flow,dividends_paid,CommonStockDividendsPerShareDeclared,1.2,USD/shares,2017-01-01,2017-09-30,2018-11-07,10-Q,duration
cash_flow,dividends_paid,DividendsCommonStockCash,176000000.0,USD,2017-01-01,2017-09-30,2018-11-07,10-Q,duration
cash_flow,dividends_paid,PaymentsOfDividends,162000000.0,USD,2017-01-01,2017-09-30,2018-11-07,10-Q,duration
cash_flow,dividends_paid,CommonStockDividendsPerShareCashPaid,0.4,USD/shares,2017-07-01,2017-09-30,2017-11-08,10-Q,duration
cash_flow,dividends_paid,CommonStockDividendsPerShareDeclared,0.4,USD/shares,2017-07-01,2017-09-30,2017-11-08,10-Q,duration
cash_flow,dividends_paid,Dividends,58000000.0,USD,2017-07-01,2017-09-30,2017-11-08,10-Q,duration
cash_flow,dividends_paid,CommonStockDividendsPerShareCashPaid,0.4,USD/shares,2017-07-01,2017-09-30,2018-05-02,10-Q,duration
cash_flow,dividends_paid,Dividends,58000000.0,USD,2017-07-01,2017-09-30,2018-05-02,10-Q,duration
cash_flow,dividends_paid,CommonStockDividendsPerShareDeclared,0.4,USD/shares,2017-07-01,2017-09-30,2018-11-07,10-Q,duration
cash_flow,dividends_paid,DividendsCommonStockCash,58000000.0,USD,2017-07-01,2017-09-30,2018-11-07,10-Q,duration
cash_flow,dividends_paid,CommonStockDividendsPerShareCashPaid,0.4,USD/shares,,2017-10-27,2018-08-01,10-Q,instant
cash_flow,dividends_paid,Dividends,57000000.0,USD,,2017-10-27,2018-08-01,10-Q,instant
cash_flow,dividends_paid,CommonStockDividendsPerShareCashPaid,0.4,USD/shares,,2017-10-27,2018-11-07,10-Q,instant
cash_flow,dividends_paid,Dividends,57000000.0,USD,,2017-10-27,2018-11-07,10-Q,instant
cash_flow,dividends_paid,CashDividendsPaidToParentCompany,1400000000.0,USD,2017-01-01,2017-12-31,2018-02-16,10-K,duration
cash_flow,dividends_paid,CommonStockDividendsPerShareCashPaid,1.49,USD/shares,2017-01-01,2017-12-31,2018-02-16,10-K,duration
cash_flow,dividends_paid,Dividends,216000000.0,USD,2017-01-01,2017-12-31,2018-02-16,10-K,duration
cash_flow,dividends_paid,DividendsCommonStockCash,232000000.0,USD,2017-01-01,2017-12-31,2018-02-16,10-K,duration
cash_flow,dividends_paid,PaymentsOfDividends,220000000.0,USD,2017-01-01,2017-12-31,2018-02-16,10-K,duration
cash_flow,dividends_paid,CashDividendsPaidToParentCompany,1400000000.0,USD,2017-01-01,2017-12-31,2019-02-21,10-K,duration
cash_flow,dividends_paid,CommonStockDividendsPerShareCashPaid,1.49,USD/shares,2017-01-01,2017-12-31,2019-02-21,10-K,duration
cash_flow,dividends_paid,Dividends,216000000.0,USD,2017-01-01,2017-12-31,2019-02-21,10-K,duration
cash_flow,dividends_paid,DividendsCommonStockCash,232000000.0,USD,2017-01-01,2017-12-31,2019-02-21,10-K,duration
cash_flow,dividends_paid,PaymentsOfDividends,220000000.0,USD,2017-01-01,2017-12-31,2019-02-21,10-K,duration
cash_flow,dividends_paid,CashDividendsPaidToParentCompany,1400000000.0,USD,2017-01-01,2017-12-31,2020-02-20,10-K,duration
cash_flow,dividends_paid,CommonStockDividendsPerShareCashPaid,1.49,USD/shares,2017-01-01,2017-12-31,2020-02-20,10-K,duration
cash_flow,dividends_paid,Dividends,216000000.0,USD,2017-01-01,2017-12-31,2020-02-20,10-K,duration
cash_flow,dividends_paid,DividendsCommonStockCash,232000000.0,USD,2017-01-01,2017-12-31,2020-02-20,10-K,duration
cash_flow,dividends_paid,PaymentsOfDividends,220000000.0,USD,2017-01-01,2017-12-31,2020-02-20,10-K,duration
cash_flow,dividends_paid,CommonStockDividendsPerShareCashPaid,0.4,USD/shares,2017-10-01,2017-12-31,2018-05-02,10-Q,duration
cash_flow,dividends_paid,Dividends,57000000.0,USD,2017-10-01,2017-12-31,2018-05-02,10-Q,duration
cash_flow,dividends_paid,CommonStockDividendsPerShareCashPaid,0.4,USD/shares,,2018-01-26,2018-08-01,10-Q,instant
cash_flow,dividends_paid,Dividends,55000000.0,USD,,2018-01-26,2018-08-01,10-Q,instant
cash_flow,dividends_paid,CommonStockDividendsPerShareCashPaid,0.4,USD/shares,,2018-01-26,2018-11-07,10-Q,instant
cash_flow,dividends_paid,Dividends,55000000.0,USD,,2018-01-26,2018-11-07,10-Q,instant
cash_flow,dividends_paid,CommonStockDividendsPerShareCashPaid,0.4,USD/shares,,2018-01-26,2019-05-01,10-Q,instant
cash_flow,dividends_paid,Dividends,55000000.0,USD,,2018-01-26,2019-05-01,10-Q,instant
cash_flow,dividends_paid,CommonStockDividendsPerShareCashPaid,0.4,USD/shares,,2018-01-26,2019-07-31,10-Q,instant
cash_flow,dividends_paid,Dividends,55000000.0,USD,,2018-01-26,2019-07-31,10-Q,instant
cash_flow,dividends_paid,CommonStockDividendsPerShareCashPaid,0.4,USD/shares,,2018-01-26,2019-11-06,10-Q,instant
cash_flow,dividends_paid,Dividends,55000000.0,USD,,2018-01-26,2019-11-06,10-Q,instant
cash_flow,dividends_paid,CommonStockDividendsPerShareCashPaid,0.4,USD/shares,2018-01-01,2018-03-31,2018-05-02,10-Q,duration
cash_flow,dividends_paid,CommonStockDividendsPerShareDeclared,0.5,USD/shares,2018-01-01,2018-03-31,2018-05-02,10-Q,duration
cash_flow,dividends_paid,Dividends,55000000.0,USD,2018-01-01,2018-03-31,2018-05-02,10-Q,duration
cash_flow,dividends_paid,PaymentsOfDividends,57000000.0,USD,2018-01-01,2018-03-31,2018-05-02,10-Q,duration
cash_flow,dividends_paid,CommonStockDividendsPerShareDeclared,0.5,USD/shares,2018-01-01,2018-03-31,2019-05-01,10-Q,duration
cash_flow,dividends_paid,DividendsCommonStockCash,71000000.0,USD,2018-01-01,2018-03-31,2019-05-01,10-Q,duration
cash_flow,dividends_paid,PaymentsOfDividends,57000000.0,USD,2018-01-01,2018-03-31,2019-05-01,10-Q,duration
cash_flow,dividends_paid,CommonStockDividendsPerShareCashPaid,0.5,USD/shares,,2018-04-27,2018-08-01,10-Q,instant
cash_flow,dividends_paid,Dividends,69000000.0,USD,,2018-04-27,2018-08-01,10-Q,instant
cash_flow,dividends_paid,CommonStockDividendsPerShareCashPaid,0.5,USD/shares,,2018-04-27,2018-11-07,10-Q,instant
cash_flow,dividends_paid,Dividends,69000000.0,USD,,2018-04-27,2018-11-07,10-Q,instant
cash_flow,dividends_paid,CommonStockDividendsPerShareCashPaid,0.5,USD/shares,,2018-04-27,2019-05-01,10-Q,instant
cash_flow,dividends_paid,Dividends,69000000.0,USD,,2018-04-27,2019-05-01,10-Q,instant
cash_flow,dividends_paid,CommonStockDividendsPerShareCashPaid,0.5,USD/shares,,2018-04-27,2019-07-31,10-Q,instant
cash_flow,dividends_paid,Dividends,69000000.0,USD,,2018-04-27,2019-07-31,10-Q,instant
cash_flow,dividends_paid,CommonStockDividendsPerShareCashPaid,0.5,USD/shares,,2018-04-27,2019-11-06,10-Q,instant
cash_flow,dividends_paid,Dividends,69000000.0,USD,,2018-04-27,2019-11-06,10-Q,instant
cash_flow,dividends_paid,CommonStockDividendsPerShareDeclared,1.0,USD/shares,2018-01-01,2018-06-30,2018-08-01,10-Q,duration
cash_flow,dividends_paid,PaymentsOfDividends,126000000.0,USD,2018-01-01,2018-06-30,2018-08-01,10-Q,duration
cash_flow,dividends_paid,DividendsCommonStockCash,139000000.0,USD,2018-01-01,2018-06-30,2019-07-31,10-Q,duration
cash_flow,dividends_paid,PaymentsOfDividends,126000000.0,USD,2018-01-01,2018-06-30,2019-07-31,10-Q,duration
cash_flow,dividends_paid,CommonStockDividendsPerShareDeclared,0.5,USD/shares,2018-04-01,2018-06-30,2018-08-01,10-Q,duration
cash_flow,dividends_paid,DividendsCommonStockCash,68000000.0,USD,2018-04-01,2018-06-30,2019-07-31,10-Q,duration
cash_flow,dividends_paid,CommonStockDividendsPerShareCashPaid,0.5,USD/shares,,2018-07-27,2018-11-07,10-Q,instant
cash_flow,dividends_paid,Dividends,69000000.0,USD,,2018-07-27,2018-11-07,10-Q,instant
cash_flow,dividends_paid,CommonStockDividendsPerShareCashPaid,0.5,USD/shares,,2018-07-27,2019-05-01,10-Q,instant
cash_flow,dividends_paid,Dividends,69000000.0,USD,,2018-07-27,2019-05-01,10-Q,instant
cash_flow,dividends_paid,CommonStockDividendsPerShareCashPaid,0.5,USD/shares,,2018-07-27,2019-07-31,10-Q,instant
cash_flow,dividends_paid,Dividends,69000000.0,USD,,2018-07-27,2019-07-31,10-Q,instant
cash_flow,dividends_paid,CommonStockDividendsPerShareCashPaid,0.5,USD/shares,,2018-07-27,2019-11-06,10-Q,instant
cash_flow,dividends_paid,Dividends,69000000.0,USD,,2018-07-27,2019-11-06,10-Q,instant
cash_flow,dividends_paid,CommonStockDividendsPerShareDeclared,1.5,USD/shares,2018-01-01,2018-09-30,2018-11-07,10-Q,duration
cash_flow,dividends_paid,DividendsCommonStockCash,208000000.0,USD,2018-01-01,2018-09-30,2018-11-07,10-Q,duration
cash_flow,dividends_paid,PaymentsOfDividends,195000000.0,USD,2018-01-01,2018-09-30,2018-11-07,10-Q,duration
cash_flow,dividends_paid,DividendsCommonStockCash,208000000.0,USD,2018-01-01,2018-09-30,2019-11-06,10-Q,duration
cash_flow,dividends_paid,PaymentsOfDividends,195000000.0,USD,2018-01-01,2018-09-30,2019-11-06,10-Q,duration
cash_flow,dividends_paid,CommonStockDividendsPerShareDeclared,0.5,USD/shares,2018-07-01,2018-09-30,2018-11-07,10-Q,duration
cash_flow,dividends_paid,DividendsCommonStockCash,69000000.0,USD,2018-07-01,2018-09-30,2018-11-07,10-Q,duration
cash_flow,dividends_paid,DividendsCommonStockCash,69000000.0,USD,2018-07-01,2018-09-30,2019-11-06,10-Q,duration
cash_flow,dividends_paid,CommonStockDividendsPerShareCashPaid,0.5,USD/shares,,2018-10-26,2019-05-01,10-Q,instant
cash_flow,dividends_paid,Dividends,69000000.0,USD,,2018-10-26,2019-05-01,10-Q,instant
cash_flow,dividends_paid,CommonStockDividendsPerShareCashPaid,0.5,USD/shares,,2018-10-26,2019-07-31,10-Q,instant
cash_flow,dividends_paid,Dividends,69000000.0,USD,,2018-10-26,2019-07-31,10-Q,instant
cash_flow,dividends_paid,CommonStockDividendsPerShareCashPaid,0.5,USD/shares,,2018-10-26,2019-11-06,10-Q,instant
cash_flow,dividends_paid,Dividends,69000000.0,USD,,2018-10-26,2019-11-06,10-Q,instant
cash_flow,dividends_paid,CommonStockDividendsPerShareDeclared,0.5,USD/shares,,2018-11-02,2019-02-21,10-K,instant
cash_flow,dividends_paid,CashDividendsPaidToParentCompany,2300000000.0,USD,2018-01-01,2018-12-31,2019-02-21,10-K,duration
cash_flow,dividends_paid,CommonStockDividendsPerShareCashPaid,1.9,USD/shares,2018-01-01,2018-12-31,2019-02-21,10-K,duration
cash_flow,dividends_paid,Dividends,262000000.0,USD,2018-01-01,2018-12-31,2019-02-21,10-K,duration
cash_flow,dividends_paid,DividendsCommonStockCash,277000000.0,USD,2018-01-01,2018-12-31,2019-02-21,10-K,duration
cash_flow,dividends_paid,PaymentsOfDividends,265000000.0,USD,2018-01-01,2018-12-31,2019-02-21,10-K,duration
cash_flow,dividends_paid,CashDividendsPaidToParentCompany,2300000000.0,USD,2018-01-01,2018-12-31,2020-02-20,10-K,duration
cash_flow,dividends_paid,CommonStockDividendsPerShareCashPaid,1.9,USD/shares,2018-01-01,2018-12-31,2020-02-20,10-K,duration
cash_flow,dividends_paid,Dividends,262000000.0,USD,2018-01-01,2018-12-31,2020-02-20,10-K,duration
cash_flow,dividends_paid,DividendsCommonStockCash,277000000.0,USD,2018-01-01,2018-12-31,2020-02-20,10-K,duration
cash_flow,dividends_paid,PaymentsOfDividends,265000000.0,USD,2018-01-01,2018-12-31,2020-02-20,10-K,duration
cash_flow,dividends_paid,CashDividendsPaidToParentCompany,2300000000.0,USD,2018-01-01,2018-12-31,2021-02-18,10-K,duration
cash_flow,dividends_paid,CommonStockDividendsPerShareCashPaid,1.9,USD/shares,2018-01-01,2018-12-31,2021-02-18,10-K,duration
cash_flow,dividends_paid,Dividends,262000000.0,USD,2018-01-01,2018-12-31,2021-02-18,10-K,duration
cash_flow,dividends_paid,DividendsCommonStockCash,277000000.0,USD,2018-01-01,2018-12-31,2021-02-18,10-K,duration
cash_flow,dividends_paid,PaymentsOfDividends,265000000.0,USD,2018-01-01,2018-12-31,2021-02-18,10-K,duration
cash_flow,dividends_paid,CommonStockDividendsPerShareCashPaid,0.5,USD/shares,,2019-01-25,2019-05-01,10-Q,instant
cash_flow,dividends_paid,Dividends,68000000.0,USD,,2019-01-25,2019-05-01,10-Q,instant
cash_flow,dividends_paid,CommonStockDividendsPerShareCashPaid,0.5,USD/shares,,2019-01-25,2019-07-31,10-Q,instant
cash_flow,dividends_paid,Dividends,68000000.0,USD,,2019-01-25,2019-07-31,10-Q,instant
cash_flow,dividends_paid,CommonStockDividendsPerShareCashPaid,0.5,USD/shares,,2019-01-25,2019-11-06,10-Q,instant
cash_flow,dividends_paid,Dividends,68000000.0,USD,,2019-01-25,2019-11-06,10-Q,instant
cash_flow,dividends_paid,CommonStockDividendsPerShareCashPaid,0.5,USD/shares,,2019-01-25,2020-04-29,10-Q,instant
cash_flow,dividends_paid,Dividends,68000000.0,USD,,2019-01-25,2020-04-29,10-Q,instant
cash_flow,dividends_paid,CommonStockDividendsPerShareCashPaid,0.5,USD/shares,,2019-01-25,2020-08-05,10-Q,instant
cash_flow,dividends_paid,Dividends,68000000.0,USD,,2019-01-25,2020-08-05,10-Q,instant
cash_flow,dividends_paid,CommonStockDividendsPerShareCashPaid,0.5,USD/shares,,2019-01-25,2020-11-03,10-Q,instant
cash_flow,dividends_paid,Dividends,68000000.0,USD,,2019-01-25,2020-11-03,10-Q,instant
cash_flow,dividends_paid,CommonStockDividendsPerShareDeclared,0.55,USD/shares,2019-01-01,2019-03-31,2019-05-01,10-Q,duration
cash_flow,dividends_paid,DividendsCommonStockCash,75000000.0,USD,2019-01-01,2019-03-31,2019-05-01,10-Q,duration
cash_flow,dividends_paid,PaymentsOfDividends,68000000.0,USD,2019-01-01,2019-03-31,2019-05-01,10-Q,duration
cash_flow,dividends_paid,DividendsCommonStockCash,75000000.0,USD,2019-01-01,2019-03-31,2020-04-29,10-Q,duration
cash_flow,dividends_paid,PaymentsOfDividends,68000000.0,USD,2019-01-01,2019-03-31,2020-04-29,10-Q,duration
cash_flow,dividends_paid,CommonStockDividendsPerShareCashPaid,0.55,USD/shares,,2019-04-26,2019-07-31,10-Q,instant
cash_flow,dividends_paid,Dividends,74000000.0,USD,,2019-04-26,2019-07-31,10-Q,instant
cash_flow,dividends_paid,CommonStockDividendsPerShareCashPaid,0.55,USD/shares,,2019-04-26,2019-11-06,10-Q,instant
cash_flow,dividends_paid,Dividends,74000000.0,USD,,2019-04-26,2019-11-06,10-Q,instant
cash_flow,dividends_paid,CommonStockDividendsPerShareCashPaid,0.55,USD/shares,,2019-04-26,2020-04-29,10-Q,instant
cash_flow,dividends_paid,Dividends,74000000.0,USD,,2019-04-26,2020-04-29,10-Q,instant
cash_flow,dividends_paid,CommonStockDividendsPerShareCashPaid,0.55,USD/shares,,2019-04-26,2020-08-05,10-Q,instant
cash_flow,dividends_paid,Dividends,74000000.0,USD,,2019-04-26,2020-08-05,10-Q,instant
cash_flow,dividends_paid,CommonStockDividendsPerShareCashPaid,0.55,USD/shares,,2019-04-26,2020-11-03,10-Q,instant
cash_flow,dividends_paid,Dividends,74000000.0,USD,,2019-04-26,2020-11-03,10-Q,instant
cash_flow,dividends_paid,DividendsCommonStockCash,149000000.0,USD,2019-01-01,2019-06-30,2019-07-31,10-Q,duration
cash_flow,dividends_paid,PaymentsOfDividends,142000000.0,USD,2019-01-01,2019-06-30,2019-07-31,10-Q,duration
cash_flow,dividends_paid,DividendsCommonStockCash,149000000.0,USD,2019-01-01,2019-06-30,2020-08-05,10-Q,duration
cash_flow,dividends_paid,PaymentsOfDividends,142000000.0,USD,2019-01-01,2019-06-30,2020-08-05,10-Q,duration
cash_flow,dividends_paid,DividendsCommonStockCash,74000000.0,USD,2019-04-01,2019-06-30,2019-07-31,10-Q,duration
cash_flow,dividends_paid,DividendsCommonStockCash,74000000.0,USD,2019-04-01,2019-06-30,2020-08-05,10-Q,duration
cash_flow,dividends_paid,CommonStockDividendsPerShareCashPaid,0.55,USD/shares,,2019-07-26,2019-11-06,10-Q,instant
cash_flow,dividends_paid,Dividends,74000000.0,USD,,2019-07-26,2019-11-06,10-Q,instant
cash_flow,dividends_paid,CommonStockDividendsPerShareCashPaid,0.55,USD/shares,,2019-07-26,2020-04-29,10-Q,instant
cash_flow,dividends_paid,Dividends,74000000.0,USD,,2019-07-26,2020-04-29,10-Q,instant
cash_flow,dividends_paid,CommonStockDividendsPerShareCashPaid,0.55,USD/shares,,2019-07-26,2020-08-05,10-Q,instant
cash_flow,dividends_paid,Dividends,74000000.0,USD,,2019-07-26,2020-08-05,10-Q,instant
cash_flow,dividends_paid,CommonStockDividendsPerShareCashPaid,0.55,USD/shares,,2019-07-26,2020-11-03,10-Q,instant
cash_flow,dividends_paid,Dividends,74000000.0,USD,,2019-07-26,2020-11-03,10-Q,instant
cash_flow,dividends_paid,DividendsCommonStockCash,222000000.0,USD,2019-01-01,2019-09-30,2019-11-06,10-Q,duration
cash_flow,dividends_paid,PaymentsOfDividends,216000000.0,USD,2019-01-01,2019-09-30,2019-11-06,10-Q,duration
cash_flow,dividends_paid,DividendsCommonStockCash,222000000.0,USD,2019-01-01,2019-09-30,2020-11-03,10-Q,duration
cash_flow,dividends_paid,PaymentsOfDividends,216000000.0,USD,2019-01-01,2019-09-30,2020-11-03,10-Q,duration
cash_flow,dividends_paid,DividendsCommonStockCash,73000000.0,USD,2019-07-01,2019-09-30,2019-11-06,10-Q,duration
cash_flow,dividends_paid,DividendsCommonStockCash,73000000.0,USD,2019-07-01,2019-09-30,2020-11-03,10-Q,duration
cash_flow,dividends_paid,CommonStockDividendsPerShareDeclared,0.55,USD/shares,,2019-10-24,2020-02-20,10-K,instant
cash_flow,dividends_paid,CommonStockDividendsPerShareCashPaid,0.55,USD/shares,,2019-10-25,2020-04-29,10-Q,instant
cash_flow,dividends_paid,Dividends,73000000.0,USD,,2019-10-25,2020-04-29,10-Q,instant
cash_flow,dividends_paid,CommonStockDividendsPerShareCashPaid,0.55,USD/shares,,2019-10-25,2020-08-05,10-Q,instant
cash_flow,dividends_paid,Dividends,73000000.0,USD,,2019-10-25,2020-08-05,10-Q,instant
cash_flow,dividends_paid,CommonStockDividendsPerShareCashPaid,0.55,USD/shares,,2019-10-25,2020-11-03,10-Q,instant
cash_flow,dividends_paid,Dividends,73000000.0,USD,,2019-10-25,2020-11-03,10-Q,instant
cash_flow,dividends_paid,CashDividendsPaidToParentCompany,1800000000.0,USD,2019-01-01,2019-12-31,2020-02-20,10-K,duration
cash_flow,dividends_paid,CommonStockDividendsPerShareCashPaid,2.15,USD/shares,2019-01-01,2019-12-31,2020-02-20,10-K,duration
cash_flow,dividends_paid,Dividends,289000000.0,USD,2019-01-01,2019-12-31,2020-02-20,10-K,duration
cash_flow,dividends_paid,DividendsCommonStockCash,296000000.0,USD,2019-01-01,2019-12-31,2020-02-20,10-K,duration
cash_flow,dividends_paid,PaymentsOfDividends,291000000.0,USD,2019-01-01,2019-12-31,2020-02-20,10-K,duration
cash_flow,dividends_paid,CashDividendsPaidToParentCompany,1800000000.0,USD,2019-01-01,2019-12-31,2021-02-18,10-K,duration
cash_flow,dividends_paid,CommonStockDividendsPerShareCashPaid,2.15,USD/shares,2019-01-01,2019-12-31,2021-02-18,10-K,duration
cash_flow,dividends_paid,Dividends,289000000.0,USD,2019-01-01,2019-12-31,2021-02-18,10-K,duration
cash_flow,dividends_paid,DividendsCommonStockCash,296000000.0,USD,2019-01-01,2019-12-31,2021-02-18,10-K,duration
cash_flow,dividends_paid,PaymentsOfDividends,291000000.0,USD,2019-01-01,2019-12-31,2021-02-18,10-K,duration
cash_flow,dividends_paid,CommonStockDividendsPerShareCashPaid,2.15,USD/shares,2019-01-01,2019-12-31,2022-02-17,10-K,duration
cash_flow,dividends_paid,Dividends,289000000.0,USD,2019-01-01,2019-12-31,2022-02-17,10-K,duration
cash_flow,dividends_paid,DividendsCommonStockCash,296000000.0,USD,2019-01-01,2019-12-31,2022-02-17,10-K,duration
cash_flow,dividends_paid,PaymentsOfDividends,291000000.0,USD,2019-01-01,2019-12-31,2022-02-17,10-K,duration
cash_flow,dividends_paid,CommonStockDividendsPerShareCashPaid,0.55,USD/shares,,2020-01-31,2020-04-29,10-Q,instant
cash_flow,dividends_paid,Dividends,73000000.0,USD,,2020-01-31,2020-04-29,10-Q,instant
cash_flow,dividends_paid,CommonStockDividendsPerShareCashPaid,0.55,USD/shares,,2020-01-31,2020-08-05,10-Q,instant
cash_flow,dividends_paid,Dividends,73000000.0,USD,,2020-01-31,2020-08-05,10-Q,instant
cash_flow,dividends_paid,CommonStockDividendsPerShareCashPaid,0.55,USD/shares,,2020-01-31,2020-11-03,10-Q,instant
cash_flow,dividends_paid,Dividends,73000000.0,USD,,2020-01-31,2020-11-03,10-Q,instant
cash_flow,dividends_paid,CommonStockDividendsPerShareCashPaid,0.55,USD/shares,,2020-01-31,2021-04-28,10-Q,instant
cash_flow,dividends_paid,Dividends,73000000.0,USD,,2020-01-31,2021-04-28,10-Q,instant
cash_flow,dividends_paid,CommonStockDividendsPerShareCashPaid,0.55,USD/shares,,2020-01-31,2021-07-28,10-Q,instant
cash_flow,dividends_paid,Dividends,73000000.0,USD,,2020-01-31,2021-07-28,10-Q,instant
cash_flow,dividends_paid,CommonStockDividendsPerShareCashPaid,0.55,USD/shares,,2020-01-31,2021-11-03,10-Q,instant
cash_flow,dividends_paid,Dividends,73000000.0,USD,,2020-01-31,2021-11-03,10-Q,instant
cash_flow,dividends_paid,DividendsCommonStockCash,83000000.0,USD,2020-01-01,2020-03-31,2020-04-29,10-Q,duration
cash_flow,dividends_paid,PaymentsOfDividends,73000000.0,USD,2020-01-01,2020-03-31,2020-04-29,10-Q,duration
cash_flow,dividends_paid,DividendsCommonStockCash,83000000.0,USD,2020-01-01,2020-03-31,2021-04-28,10-Q,duration
cash_flow,dividends_paid,PaymentsOfDividends,73000000.0,USD,2020-01-01,2020-03-31,2021-04-28,10-Q,duration
cash_flow,dividends_paid,CommonStockDividendsPerShareCashPaid,0.625,USD/shares,,2020-04-24,2020-08-05,10-Q,instant
cash_flow,dividends_paid,Dividends,83000000.0,USD,,2020-04-24,2020-08-05,10-Q,instant
cash_flow,dividends_paid,CommonStockDividendsPerShareCashPaid,0.625,USD/shares,,2020-04-24,2020-11-03,10-Q,instant
cash_flow,dividends_paid,Dividends,83000000.0,USD,,2020-04-24,2020-11-03,10-Q,instant
cash_flow,dividends_paid,CommonStockDividendsPerShareCashPaid,0.625,USD/shares,,2020-04-24,2021-04-28,10-Q,instant
cash_flow,dividends_paid,Dividends,83000000.0,USD,,2020-04-24,2021-04-28,10-Q,instant
cash_flow,dividends_paid,CommonStockDividendsPerShareCashPaid,0.625,USD/shares,,2020-04-24,2021-07-28,10-Q,instant
cash_flow,dividends_paid,Dividends,83000000.0,USD,,2020-04-24,2021-07-28,10-Q,instant
cash_flow,dividends_paid,CommonStockDividendsPerShareCashPaid,0.625,USD/shares,,2020-04-24,2021-11-03,10-Q,instant
cash_flow,dividends_paid,Dividends,83000000.0,USD,,2020-04-24,2021-11-03,10-Q,instant
cash_flow,dividends_paid,DividendsCommonStockCash,166000000.0,USD,2020-01-01,2020-06-30,2020-08-05,10-Q,duration
cash_flow,dividends_paid,PaymentsOfDividends,156000000.0,USD,2020-01-01,2020-06-30,2020-08-05,10-Q,duration
cash_flow,dividends_paid,DividendsCommonStockCash,166000000.0,USD,2020-01-01,2020-06-30,2021-07-28,10-Q,duration
cash_flow,dividends_paid,PaymentsOfDividends,156000000.0,USD,2020-01-01,2020-06-30,2021-07-28,10-Q,duration
cash_flow,dividends_paid,DividendsCommonStockCash,83000000.0,USD,2020-04-01,2020-06-30,2020-08-05,10-Q,duration
cash_flow,dividends_paid,DividendsCommonStockCash,83000000.0,USD,2020-04-01,2020-06-30,2021-07-28,10-Q,duration
cash_flow,dividends_paid,CommonStockDividendsPerShareCashPaid,0.625,USD/shares,,2020-07-31,2020-11-03,10-Q,instant
cash_flow,dividends_paid,Dividends,83000000.0,USD,,2020-07-31,2020-11-03,10-Q,instant
cash_flow,dividends_paid,CommonStockDividendsPerShareCashPaid,0.625,USD/shares,,2020-07-31,2021-04-28,10-Q,instant
cash_flow,dividends_paid,Dividends,83000000.0,USD,,2020-07-31,2021-04-28,10-Q,instant
cash_flow,dividends_paid,CommonStockDividendsPerShareCashPaid,0.625,USD/shares,,2020-07-31,2021-07-28,10-Q,instant
cash_flow,dividends_paid,Dividends,83000000.0,USD,,2020-07-31,2021-07-28,10-Q,instant
cash_flow,dividends_paid,CommonStockDividendsPerShareCashPaid,0.625,USD/shares,,2020-07-31,2021-11-03,10-Q,instant
cash_flow,dividends_paid,Dividends,83000000.0,USD,,2020-07-31,2021-11-03,10-Q,instant
cash_flow,dividends_paid,DividendsCommonStockCash,250000000.0,USD,2020-01-01,2020-09-30,2020-11-03,10-Q,duration
cash_flow,dividends_paid,PaymentsOfDividends,239000000.0,USD,2020-01-01,2020-09-30,2020-11-03,10-Q,duration
cash_flow,dividends_paid,DividendsCommonStockCash,250000000.0,USD,2020-01-01,2020-09-30,2021-11-03,10-Q,duration
cash_flow,dividends_paid,PaymentsOfDividends,239000000.0,USD,2020-01-01,2020-09-30,2021-11-03,10-Q,duration
cash_flow,dividends_paid,DividendsCommonStockCash,84000000.0,USD,2020-07-01,2020-09-30,2020-11-03,10-Q,duration
cash_flow,dividends_paid,DividendsCommonStockCash,84000000.0,USD,2020-07-01,2020-09-30,2021-11-03,10-Q,duration
cash_flow,dividends_paid,CommonStockDividendsPerShareCashPaid,0.625,USD/shares,,2020-10-30,2021-04-28,10-Q,instant
cash_flow,dividends_paid,Dividends,83000000.0,USD,,2020-10-30,2021-04-28,10-Q,instant
cash_flow,dividends_paid,CommonStockDividendsPerShareCashPaid,0.625,USD/shares,,2020-10-30,2021-07-28,10-Q,instant
cash_flow,dividends_paid,Dividends,83000000.0,USD,,2020-10-30,2021-07-28,10-Q,instant
cash_flow,dividends_paid,CommonStockDividendsPerShareCashPaid,0.625,USD/shares,,2020-10-30,2021-11-03,10-Q,instant
cash_flow,dividends_paid,Dividends,83000000.0,USD,,2020-10-30,2021-11-03,10-Q,instant
cash_flow,dividends_paid,CommonStockDividendsPerShareDeclared,0.625,USD/shares,2020-11-01,2020-11-30,2021-02-18,10-K,duration
cash_flow,dividends_paid,CashDividendsPaidToParentCompany,1300000000.0,USD,2020-01-01,2020-12-31,2021-02-18,10-K,duration
cash_flow,dividends_paid,CommonStockDividendsPerShareCashPaid,2.43,USD/shares,2020-01-01,2020-12-31,2021-02-18,10-K,duration
cash_flow,dividends_paid,Dividends,322000000.0,USD,2020-01-01,2020-12-31,2021-02-18,10-K,duration
cash_flow,dividends_paid,DividendsCommonStockCash,331000000.0,USD,2020-01-01,2020-12-31,2021-02-18,10-K,duration
cash_flow,dividends_paid,PaymentsOfDividends,323000000.0,USD,2020-01-01,2020-12-31,2021-02-18,10-K,duration
cash_flow,dividends_paid,CommonStockDividendsPerShareCashPaid,2.43,USD/shares,2020-01-01,2020-12-31,2022-02-17,10-K,duration
cash_flow,dividends_paid,Dividends,322000000.0,USD,2020-01-01,2020-12-31,2022-02-17,10-K,duration
cash_flow,dividends_paid,DividendsCommonStockCash,331000000.0,USD,2020-01-01,2020-12-31,2022-02-17,10-K,duration
cash_flow,dividends_paid,PaymentsOfDividends,323000000.0,USD,2020-01-01,2020-12-31,2022-02-17,10-K,duration
cash_flow,dividends_paid,CommonStockDividendsPerShareCashPaid,2.43,USD/shares,2020-01-01,2020-12-31,2023-02-16,10-K,duration
cash_flow,dividends_paid,Dividends,322000000.0,USD,2020-01-01,2020-12-31,2023-02-16,10-K,duration
cash_flow,dividends_paid,DividendsCommonStockCash,331000000.0,USD,2020-01-01,2020-12-31,2023-02-16,10-K,duration
cash_flow,dividends_paid,PaymentsOfDividends,323000000.0,USD,2020-01-01,2020-12-31,2023-02-16,10-K,duration
cash_flow,dividends_paid,CommonStockDividendsPerShareCashPaid,0.625,USD/shares,,2021-01-29,2021-04-28,10-Q,instant
cash_flow,dividends_paid,Dividends,81000000.0,USD,,2021-01-29,2021-04-28,10-Q,instant
cash_flow,dividends_paid,CommonStockDividendsPerShareCashPaid,0.625,USD/shares,,2021-01-29,2021-07-28,10-Q,instant
cash_flow,dividends_paid,Dividends,81000000.0,USD,,2021-01-29,2021-07-28,10-Q,instant
cash_flow,dividends_paid,CommonStockDividendsPerShareCashPaid,0.625,USD/shares,,2021-01-29,2021-11-03,10-Q,instant
cash_flow,dividends_paid,Dividends,81000000.0,USD,,2021-01-29,2021-11-03,10-Q,instant
cash_flow,dividends_paid,CommonStockDividendsPerShareCashPaid,0.625,USD/shares,,2021-01-29,2022-04-27,10-Q,instant
cash_flow,dividends_paid,Dividends,81000000.0,USD,,2021-01-29,2022-04-27,10-Q,instant
cash_flow,dividends_paid,CommonStockDividendsPerShareCashPaid,0.625,USD/shares,,2021-01-29,2022-07-27,10-Q,instant
cash_flow,dividends_paid,Dividends,81000000.0,USD,,2021-01-29,2022-07-27,10-Q,instant
cash_flow,dividends_paid,CommonStockDividendsPerShareDeclared,0.7,USD/shares,2021-02-01,2021-02-28,2021-04-28,10-Q,duration
cash_flow,dividends_paid,DividendsCommonStockCash,93000000.0,USD,2021-01-01,2021-03-31,2021-04-28,10-Q,duration
cash_flow,dividends_paid,PaymentsOfDividends,83000000.0,USD,2021-01-01,2021-03-31,2021-04-28,10-Q,duration
cash_flow,dividends_paid,DividendsCommonStockCash,93000000.0,USD,2021-01-01,2021-03-31,2022-04-27,10-Q,duration
cash_flow,dividends_paid,PaymentsOfDividends,83000000.0,USD,2021-01-01,2021-03-31,2022-04-27,10-Q,duration
cash_flow,dividends_paid,CommonStockDividendsPerShareDeclared,0.7,USD/shares,2021-04-01,2021-04-30,2021-07-28,10-Q,duration
cash_flow,dividends_paid,CommonStockDividendsPerShareCashPaid,0.7,USD/shares,,2021-04-30,2021-07-28,10-Q,instant
cash_flow,dividends_paid,Dividends,90000000.0,USD,,2021-04-30,2021-07-28,10-Q,instant
cash_flow,dividends_paid,CommonStockDividendsPerShareCashPaid,0.7,USD/shares,,2021-04-30,2021-11-03,10-Q,instant
cash_flow,dividends_paid,Dividends,90000000.0,USD,,2021-04-30,2021-11-03,10-Q,instant
cash_flow,dividends_paid,CommonStockDividendsPerShareCashPaid,0.7,USD/shares,,2021-04-30,2022-04-27,10-Q,instant
cash_flow,dividends_paid,Dividends,90000000.0,USD,,2021-04-30,2022-04-27,10-Q,instant
cash_flow,dividends_paid,CommonStockDividendsPerShareCashPaid,0.7,USD/shares,,2021-04-30,2022-07-27,10-Q,instant
cash_flow,dividends_paid,Dividends,90000000.0,USD,,2021-04-30,2022-07-27,10-Q,instant
cash_flow,dividends_paid,DividendsCommonStockCash,182000000.0,USD,2021-01-01,2021-06-30,2021-07-28,10-Q,duration
cash_flow,dividends_paid,PaymentsOfDividends,173000000.0,USD,2021-01-01,2021-06-30,2021-07-28,10-Q,duration
cash_flow,dividends_paid,DividendsCommonStockCash,182000000.0,USD,2021-01-01,2021-06-30,2022-07-27,10-Q,duration
cash_flow,dividends_paid,PaymentsOfDividends,173000000.0,USD,2021-01-01,2021-06-30,2022-07-27,10-Q,duration
cash_flow,dividends_paid,DividendsCommonStockCash,89000000.0,USD,2021-04-01,2021-06-30,2021-07-28,10-Q,duration
cash_flow,dividends_paid,DividendsCommonStockCash,89000000.0,USD,2021-04-01,2021-06-30,2022-07-27,10-Q,duration
cash_flow,dividends_paid,CommonStockDividendsPerShareCashPaid,0.7,USD/shares,,2021-07-30,2021-11-03,10-Q,instant
cash_flow,dividends_paid,Dividends,90000000.0,USD,,2021-07-30,2021-11-03,10-Q,instant
cash_flow,dividends_paid,CommonStockDividendsPerShareCashPaid,0.7,USD/shares,,2021-07-30,2022-04-27,10-Q,instant
cash_flow,dividends_paid,Dividends,90000000.0,USD,,2021-07-30,2022-04-27,10-Q,instant
cash_flow,dividends_paid,CommonStockDividendsPerShareCashPaid,0.7,USD/shares,,2021-07-30,2022-07-27,10-Q,instant
cash_flow,dividends_paid,Dividends,90000000.0,USD,,2021-07-30,2022-07-27,10-Q,instant
cash_flow,dividends_paid,DividendsCommonStockCash,273000000.0,USD,2021-01-01,2021-09-30,2021-11-03,10-Q,duration
cash_flow,dividends_paid,PaymentsOfDividends,263000000.0,USD,2021-01-01,2021-09-30,2021-11-03,10-Q,duration
cash_flow,dividends_paid,DividendsCommonStockCash,273000000.0,USD,2021-01-01,2021-09-30,2022-11-02,10-Q,duration
cash_flow,dividends_paid,PaymentsOfDividends,263000000.0,USD,2021-01-01,2021-09-30,2022-11-02,10-Q,duration
cash_flow,dividends_paid,DividendsCommonStockCash,91000000.0,USD,2021-07-01,2021-09-30,2021-11-03,10-Q,duration
cash_flow,dividends_paid,DividendsCommonStockCash,91000000.0,USD,2021-07-01,2021-09-30,2022-11-02,10-Q,duration
cash_flow,dividends_paid,CommonStockDividendsPerShareCashPaid,0.7,USD/shares,,2021-10-29,2022-04-27,10-Q,instant
cash_flow,dividends_paid,Dividends,90000000.0,USD,,2021-10-29,2022-04-27,10-Q,instant
cash_flow,dividends_paid,CommonStockDividendsPerShareCashPaid,0.7,USD/shares,,2021-10-29,2022-07-27,10-Q,instant
cash_flow,dividends_paid,Dividends,90000000.0,USD,,2021-10-29,2022-07-27,10-Q,instant
cash_flow,dividends_paid,CommonStockDividendsPerShareDeclared,0.7,USD/shares,2021-10-01,2021-10-31,2022-02-17,10-K,duration
cash_flow,dividends_paid,CommonStockDividendsPerShareCashPaid,2.73,USD/shares,2021-01-01,2021-12-31,2022-02-17,10-K,duration
cash_flow,dividends_paid,Dividends,351000000.0,USD,2021-01-01,2021-12-31,2022-02-17,10-K,duration
cash_flow,dividends_paid,DividendsCommonStockCash,364000000.0,USD,2021-01-01,2021-12-31,2022-02-17,10-K,duration
cash_flow,dividends_paid,PaymentsOfDividends,354000000.0,USD,2021-01-01,2021-12-31,2022-02-17,10-K,duration
cash_flow,dividends_paid,PaymentsOfDividendsCommonStock,90000000.0,USD,2021-01-01,2021-12-31,2022-02-17,10-K,duration
cash_flow,dividends_paid,CommonStockDividendsPerShareCashPaid,2.73,USD/shares,2021-01-01,2021-12-31,2023-02-16,10-K,duration
cash_flow,dividends_paid,Dividends,351000000.0,USD,2021-01-01,2021-12-31,2023-02-16,10-K,duration
cash_flow,dividends_paid,DividendsCommonStockCash,364000000.0,USD,2021-01-01,2021-12-31,2023-02-16,10-K,duration
cash_flow,dividends_paid,PaymentsOfDividends,354000000.0,USD,2021-01-01,2021-12-31,2023-02-16,10-K,duration
cash_flow,dividends_paid,CommonStockDividendsPerShareCashPaid,2.73,USD/shares,2021-01-01,2021-12-31,2024-02-15,10-K,duration
cash_flow,dividends_paid,Dividends,351000000.0,USD,2021-01-01,2021-12-31,2024-02-15,10-K,duration
cash_flow,dividends_paid,DividendsCommonStockCash,364000000.0,USD,2021-01-01,2021-12-31,2024-02-15,10-K,duration
cash_flow,dividends_paid,PaymentsOfDividends,354000000.0,USD,2021-01-01,2021-12-31,2024-02-15,10-K,duration
cash_flow,dividends_paid,CommonStockDividendsPerShareCashPaid,0.7,USD/shares,,2022-01-28,2022-04-27,10-Q,instant
cash_flow,dividends_paid,Dividends,90000000.0,USD,,2022-01-28,2022-04-27,10-Q,instant
cash_flow,dividends_paid,CommonStockDividendsPerShareCashPaid,0.7,USD/shares,,2022-01-28,2022-07-27,10-Q,instant
cash_flow,dividends_paid,Dividends,90000000.0,USD,,2022-01-28,2022-07-27,10-Q,instant
cash_flow,dividends_paid,CommonStockDividendsPerShareCashPaid,0.7,USD/shares,,2022-01-28,2022-11-02,10-Q,instant
cash_flow,dividends_paid,Dividends,90000000.0,USD,,2022-01-28,2022-11-02,10-Q,instant
cash_flow,dividends_paid,CommonStockDividendsPerShareDeclared,0.7875,USD/shares,2022-02-01,2022-02-28,2022-04-27,10-Q,duration
cash_flow,dividends_paid,DividendsCommonStockCash,101000000.0,USD,2022-01-01,2022-03-31,2022-04-27,10-Q,duration
cash_flow,dividends_paid,PaymentsOfDividends,91000000.0,USD,2022-01-01,2022-03-31,2022-04-27,10-Q,duration
cash_flow,dividends_paid,DividendsCommonStockCash,101000000.0,USD,2022-01-01,2022-03-31,2023-04-26,10-Q,duration
cash_flow,dividends_paid,PaymentsOfDividends,91000000.0,USD,2022-01-01,2022-03-31,2023-04-26,10-Q,duration
cash_flow,dividends_paid,CommonStockDividendsPerShareCashPaid,0.7875,USD/shares,,2022-04-29,2022-07-27,10-Q,instant
cash_flow,dividends_paid,Dividends,100000000.0,USD,,2022-04-29,2022-07-27,10-Q,instant
cash_flow,dividends_paid,CommonStockDividendsPerShareCashPaid,0.7875,USD/shares,,2022-04-29,2022-11-02,10-Q,instant
cash_flow,dividends_paid,Dividends,100000000.0,USD,,2022-04-29,2022-11-02,10-Q,instant
cash_flow,dividends_paid,CommonStockDividendsPerShareDeclared,0.7875,USD/shares,2022-04-01,2022-04-30,2022-07-27,10-Q,duration
cash_flow,dividends_paid,DividendsCommonStockCash,201000000.0,USD,2022-01-01,2022-06-30,2022-07-27,10-Q,duration
cash_flow,dividends_paid,PaymentsOfDividends,191000000.0,USD,2022-01-01,2022-06-30,2022-07-27,10-Q,duration
cash_flow,dividends_paid,DividendsCommonStockCash,201000000.0,USD,2022-01-01,2022-06-30,2023-08-02,10-Q,duration
cash_flow,dividends_paid,PaymentsOfDividends,191000000.0,USD,2022-01-01,2022-06-30,2023-08-02,10-Q,duration
cash_flow,dividends_paid,DividendsCommonStockCash,100000000.0,USD,2022-04-01,2022-06-30,2022-07-27,10-Q,duration
cash_flow,dividends_paid,DividendsCommonStockCash,100000000.0,USD,2022-04-01,2022-06-30,2023-08-02,10-Q,duration
cash_flow,dividends_paid,CommonStockDividendsPerShareCashPaid,0.7875,USD/shares,,2022-07-29,2022-11-02,10-Q,instant
cash_flow,dividends_paid,Dividends,100000000.0,USD,,2022-07-29,2022-11-02,10-Q,instant
cash_flow,dividends_paid,DividendsCommonStockCash,301000000.0,USD,2022-01-01,2022-09-30,2022-11-02,10-Q,duration
cash_flow,dividends_paid,PaymentsOfDividends,291000000.0,USD,2022-01-01,2022-09-30,2022-11-02,10-Q,duration
cash_flow,dividends_paid,DividendsCommonStockCash,301000000.0,USD,2022-01-01,2022-09-30,2023-11-01,10-Q,duration
cash_flow,dividends_paid,PaymentsOfDividends,291000000.0,USD,2022-01-01,2022-09-30,2023-11-01,10-Q,duration
cash_flow,dividends_paid,DividendsCommonStockCash,100000000.0,USD,2022-07-01,2022-09-30,2022-11-02,10-Q,duration
cash_flow,dividends_paid,DividendsCommonStockCash,100000000.0,USD,2022-07-01,2022-09-30,2023-11-01,10-Q,duration
cash_flow,dividends_paid,CommonStockDividendsPerShareDeclared,0.79,USD/shares,2022-10-01,2022-10-31,2023-02-16,10-K,duration
cash_flow,dividends_paid,CommonStockDividendsPerShareCashPaid,3.06,USD/shares,2022-01-01,2022-12-31,2023-02-16,10-K,duration
cash_flow,dividends_paid,Dividends,390000000.0,USD,2022-01-01,2022-12-31,2023-02-16,10-K,duration
cash_flow,dividends_paid,DividendsCommonStockCash,400000000.0,USD,2022-01-01,2022-12-31,2023-02-16,10-K,duration
cash_flow,dividends_paid,PaymentsOfDividends,392000000.0,USD,2022-01-01,2022-12-31,2023-02-16,10-K,duration
cash_flow,dividends_paid,PaymentsOfDividendsCommonStock,98000000.0,USD,2022-01-01,2022-12-31,2023-02-16,10-K,duration
cash_flow,dividends_paid,CommonStockDividendsPerShareCashPaid,3.06,USD/shares,2022-01-01,2022-12-31,2024-02-15,10-K,duration
cash_flow,dividends_paid,Dividends,390000000.0,USD,2022-01-01,2022-12-31,2024-02-15,10-K,duration
cash_flow,dividends_paid,DividendsCommonStockCash,400000000.0,USD,2022-01-01,2022-12-31,2024-02-15,10-K,duration
cash_flow,dividends_paid,PaymentsOfDividends,392000000.0,USD,2022-01-01,2022-12-31,2024-02-15,10-K,duration
cash_flow,dividends_paid,CommonStockDividendsPerShareCashPaid,3.06,USD/shares,2022-01-01,2022-12-31,2025-02-20,10-K,duration
cash_flow,dividends_paid,Dividends,390000000.0,USD,2022-01-01,2022-12-31,2025-02-20,10-K,duration
cash_flow,dividends_paid,DividendsCommonStockCash,400000000.0,USD,2022-01-01,2022-12-31,2025-02-20,10-K,duration
cash_flow,dividends_paid,PaymentsOfDividends,392000000.0,USD,2022-01-01,2022-12-31,2025-02-20,10-K,duration
cash_flow,dividends_paid,CommonStockDividendsPerShareCashPaid,0.79,USD/shares,,2023-01-27,2023-04-26,10-Q,instant
cash_flow,dividends_paid,Dividends,98000000.0,USD,,2023-01-27,2023-04-26,10-Q,instant
cash_flow,dividends_paid,CommonStockDividendsPerShareCashPaid,0.7875,USD/shares,,2023-01-27,2023-08-02,10-Q,instant
cash_flow,dividends_paid,Dividends,98000000.0,USD,,2023-01-27,2023-08-02,10-Q,instant
cash_flow,dividends_paid,CommonStockDividendsPerShareCashPaid,0.7875,USD/shares,,2023-01-27,2023-11-01,10-Q,instant
cash_flow,dividends_paid,Dividends,98000000.0,USD,,2023-01-27,2023-11-01,10-Q,instant
cash_flow,dividends_paid,CommonStockDividendsPerShareDeclared,0.885,USD/shares,2023-02-01,2023-02-28,2023-04-26,10-Q,duration
cash_flow,dividends_paid,DividendsCommonStockCash,112000000.0,USD,2023-01-01,2023-03-31,2023-04-26,10-Q,duration
cash_flow,dividends_paid,PaymentsOfDividends,100000000.0,USD,2023-01-01,2023-03-31,2023-04-26,10-Q,duration
cash_flow,dividends_paid,DividendsCommonStockCash,112000000.0,USD,2023-01-01,2023-03-31,2024-04-24,10-Q,duration
cash_flow,dividends_paid,PaymentsOfDividends,100000000.0,USD,2023-01-01,2023-03-31,2024-04-24,10-Q,duration
cash_flow,dividends_paid,CommonStockDividendsPerShareCashPaid,0.885,USD/shares,,2023-04-28,2023-08-02,10-Q,instant
cash_flow,dividends_paid,Dividends,111000000.0,USD,,2023-04-28,2023-08-02,10-Q,instant
cash_flow,dividends_paid,CommonStockDividendsPerShareCashPaid,0.885,USD/shares,,2023-04-28,2023-11-01,10-Q,instant
cash_flow,dividends_paid,Dividends,111000000.0,USD,,2023-04-28,2023-11-01,10-Q,instant
cash_flow,dividends_paid,CommonStockDividendsPerShareDeclared,0.885,USD/shares,2023-04-01,2023-04-30,2023-08-02,10-Q,duration
cash_flow,dividends_paid,DividendsCommonStockCash,222000000.0,USD,2023-01-01,2023-06-30,2023-08-02,10-Q,duration
cash_flow,dividends_paid,PaymentsOfDividends,211000000.0,USD,2023-01-01,2023-06-30,2023-08-02,10-Q,duration
cash_flow,dividends_paid,DividendsCommonStockCash,222000000.0,USD,2023-01-01,2023-06-30,2024-07-31,10-Q,duration
cash_flow,dividends_paid,PaymentsOfDividends,211000000.0,USD,2023-01-01,2023-06-30,2024-07-31,10-Q,duration
cash_flow,dividends_paid,DividendsCommonStockCash,110000000.0,USD,2023-04-01,2023-06-30,2023-08-02,10-Q,duration
cash_flow,dividends_paid,DividendsCommonStockCash,110000000.0,USD,2023-04-01,2023-06-30,2024-07-31,10-Q,duration
cash_flow,dividends_paid,CommonStockDividendsPerShareCashPaid,0.885,USD/shares,,2023-07-28,2023-11-01,10-Q,instant
cash_flow,dividends_paid,Dividends,110000000.0,USD,,2023-07-28,2023-11-01,10-Q,instant
cash_flow,dividends_paid,DividendsCommonStockCash,331000000.0,USD,2023-01-01,2023-09-30,2023-11-01,10-Q,duration
cash_flow,dividends_paid,PaymentsOfDividends,320000000.0,USD,2023-01-01,2023-09-30,2023-11-01,10-Q,duration
cash_flow,dividends_paid,DividendsCommonStockCash,331000000.0,USD,2023-01-01,2023-09-30,2024-10-30,10-Q,duration
cash_flow,dividends_paid,PaymentsOfDividends,320000000.0,USD,2023-01-01,2023-09-30,2024-10-30,10-Q,duration
cash_flow,dividends_paid,DividendsCommonStockCash,109000000.0,USD,2023-07-01,2023-09-30,2023-11-01,10-Q,duration
cash_flow,dividends_paid,DividendsCommonStockCash,109000000.0,USD,2023-07-01,2023-09-30,2024-10-30,10-Q,duration
cash_flow,dividends_paid,CommonStockDividendsPerShareDeclared,0.885,USD/shares,2023-10-01,2023-10-31,2024-02-15,10-K,duration
cash_flow,dividends_paid,DividendsCommonStock,108000000.0,USD,2023-10-01,2023-10-31,2024-02-15,10-K,duration
cash_flow,dividends_paid,CommonStockDividendsPerShareCashPaid,3.44,USD/shares,2023-01-01,2023-12-31,2024-02-15,10-K,duration
cash_flow,dividends_paid,Dividends,428000000.0,USD,2023-01-01,2023-12-31,2024-02-15,10-K,duration
cash_flow,dividends_paid,DividendsCommonStockCash,441000000.0,USD,2023-01-01,2023-12-31,2024-02-15,10-K,duration
cash_flow,dividends_paid,PaymentsOfDividends,431000000.0,USD,2023-01-01,2023-12-31,2024-02-15,10-K,duration
cash_flow,dividends_paid,CommonStockDividendsPerShareCashPaid,3.44,USD/shares,2023-01-01,2023-12-31,2025-02-20,10-K,duration
cash_flow,dividends_paid,Dividends,428000000.0,USD,2023-01-01,2023-12-31,2025-02-20,10-K,duration
cash_flow,dividends_paid,DividendsCommonStockCash,441000000.0,USD,2023-01-01,2023-12-31,2025-02-20,10-K,duration
cash_flow,dividends_paid,PaymentsOfDividends,431000000.0,USD,2023-01-01,2023-12-31,2025-02-20,10-K,duration
cash_flow,dividends_paid,CommonStockDividendsPerShareCashPaid,3.44,USD/shares,2023-01-01,2023-12-31,2026-02-19,10-K,duration
cash_flow,dividends_paid,Dividends,428000000.0,USD,2023-01-01,2023-12-31,2026-02-19,10-K,duration
cash_flow,dividends_paid,DividendsCommonStockCash,441000000.0,USD,2023-01-01,2023-12-31,2026-02-19,10-K,duration
cash_flow,dividends_paid,PaymentsOfDividends,431000000.0,USD,2023-01-01,2023-12-31,2026-02-19,10-K,duration
cash_flow,dividends_paid,CommonStockDividendsPerShareCashPaid,0.885,USD/shares,,2024-01-26,2024-04-24,10-Q,instant
cash_flow,dividends_paid,Dividends,108000000.0,USD,,2024-01-26,2024-04-24,10-Q,instant
cash_flow,dividends_paid,CommonStockDividendsPerShareCashPaid,0.885,USD/shares,,2024-01-26,2024-07-31,10-Q,instant
cash_flow,dividends_paid,Dividends,108000000.0,USD,,2024-01-26,2024-07-31,10-Q,instant
cash_flow,dividends_paid,CommonStockDividendsPerShareDeclared,0.885,USD/shares,2024-02-01,2024-02-29,2024-04-24,10-Q,duration
cash_flow,dividends_paid,DividendsCommonStockCash,108000000.0,USD,2024-01-01,2024-03-31,2024-04-24,10-Q,duration
cash_flow,dividends_paid,PaymentsOfDividends,109000000.0,USD,2024-01-01,2024-03-31,2024-04-24,10-Q,duration
cash_flow,dividends_paid,CommonStockDividendsPerShareCashPaid,0.885,USD/shares,2024-01-01,2024-03-31,2024-10-30,10-Q,duration
cash_flow,dividends_paid,DividendsCommonStock,108000000.0,USD,2024-01-01,2024-03-31,2024-10-30,10-Q,duration
cash_flow,dividends_paid,DividendsCommonStockCash,108000000.0,USD,2024-01-01,2024-03-31,2025-04-30,10-Q,duration
cash_flow,dividends_paid,PaymentsOfDividends,109000000.0,USD,2024-01-01,2024-03-31,2025-04-30,10-Q,duration
cash_flow,dividends_paid,CommonStockDividendsPerShareCashPaid,0.885,USD/shares,,2024-04-26,2024-07-31,10-Q,instant
cash_flow,dividends_paid,Dividends,107000000.0,USD,,2024-04-26,2024-07-31,10-Q,instant
cash_flow,dividends_paid,CommonStockDividendsPerShareDeclared,0.885,USD/shares,2024-04-01,2024-04-30,2024-07-31,10-Q,duration
cash_flow,dividends_paid,DividendsCommonStockCash,215000000.0,USD,2024-01-01,2024-06-30,2024-07-31,10-Q,duration
cash_flow,dividends_paid,PaymentsOfDividends,216000000.0,USD,2024-01-01,2024-06-30,2024-07-31,10-Q,duration
cash_flow,dividends_paid,DividendsCommonStockCash,215000000.0,USD,2024-01-01,2024-06-30,2025-07-30,10-Q,duration
cash_flow,dividends_paid,PaymentsOfDividends,216000000.0,USD,2024-01-01,2024-06-30,2025-07-30,10-Q,duration
cash_flow,dividends_paid,DividendsCommonStockCash,107000000.0,USD,2024-04-01,2024-06-30,2024-07-31,10-Q,duration
cash_flow,dividends_paid,CommonStockDividendsPerShareCashPaid,0.885,USD/shares,2024-04-01,2024-06-30,2024-10-30,10-Q,duration
cash_flow,dividends_paid,DividendsCommonStock,107000000.0,USD,2024-04-01,2024-06-30,2024-10-30,10-Q,duration
cash_flow,dividends_paid,DividendsCommonStockCash,107000000.0,USD,2024-04-01,2024-06-30,2025-07-30,10-Q,duration
cash_flow,dividends_paid,DividendsCommonStockCash,322000000.0,USD,2024-01-01,2024-09-30,2024-10-30,10-Q,duration
cash_flow,dividends_paid,PaymentsOfDividends,323000000.0,USD,2024-01-01,2024-09-30,2024-10-30,10-Q,duration
cash_flow,dividends_paid,DividendsCommonStockCash,322000000.0,USD,2024-01-01,2024-09-30,2025-11-05,10-Q,duration
cash_flow,dividends_paid,PaymentsOfDividends,323000000.0,USD,2024-01-01,2024-09-30,2025-11-05,10-Q,duration
cash_flow,dividends_paid,CommonStockDividendsPerShareCashPaid,0.885,USD/shares,2024-07-01,2024-09-30,2024-10-30,10-Q,duration
cash_flow,dividends_paid,DividendsCommonStock,107000000.0,USD,2024-07-01,2024-09-30,2024-10-30,10-Q,duration
cash_flow,dividends_paid,DividendsCommonStockCash,107000000.0,USD,2024-07-01,2024-09-30,2024-10-30,10-Q,duration
cash_flow,dividends_paid,DividendsCommonStockCash,107000000.0,USD,2024-07-01,2024-09-30,2025-11-05,10-Q,duration
cash_flow,dividends_paid,CommonStockDividendsPerShareCashPaid,3.54,USD/shares,2024-01-01,2024-12-31,2025-02-20,10-K,duration
cash_flow,dividends_paid,Dividends,428000000.0,USD,2024-01-01,2024-12-31,2025-02-20,10-K,duration
cash_flow,dividends_paid,DividendsCommonStockCash,430000000.0,USD,2024-01-01,2024-12-31,2025-02-20,10-K,duration
cash_flow,dividends_paid,PaymentsOfDividends,431000000.0,USD,2024-01-01,2024-12-31,2025-02-20,10-K,duration
cash_flow,dividends_paid,CommonStockDividendsPerShareCashPaid,3.54,USD/shares,2024-01-01,2024-12-31,2026-02-19,10-K,duration
cash_flow,dividends_paid,Dividends,428000000.0,USD,2024-01-01,2024-12-31,2026-02-19,10-K,duration
cash_flow,dividends_paid,DividendsCommonStockCash,430000000.0,USD,2024-01-01,2024-12-31,2026-02-19,10-K,duration
cash_flow,dividends_paid,PaymentsOfDividends,431000000.0,USD,2024-01-01,2024-12-31,2026-02-19,10-K,duration
cash_flow,dividends_paid,CommonStockDividendsPerShareDeclared,0.885,USD/shares,2024-10-01,2024-12-31,2025-02-20,10-K,duration
cash_flow,dividends_paid,DividendsCommonStock,107000000.0,USD,2024-10-01,2024-12-31,2025-02-20,10-K,duration
cash_flow,dividends_paid,CommonStockDividendsPerShareCashPaid,0.885,USD/shares,2025-01-01,2025-03-31,2025-04-30,10-Q,duration
cash_flow,dividends_paid,CommonStockDividendsPerShareDeclared,0.885,USD/shares,2025-01-01,2025-03-31,2025-04-30,10-Q,duration
cash_flow,dividends_paid,DividendsCommonStock,107000000.0,USD,2025-01-01,2025-03-31,2025-04-30,10-Q,duration
cash_flow,dividends_paid,DividendsCommonStockCash,108000000.0,USD,2025-01-01,2025-03-31,2025-04-30,10-Q,duration
cash_flow,dividends_paid,PaymentsOfDividends,108000000.0,USD,2025-01-01,2025-03-31,2025-04-30,10-Q,duration
cash_flow,dividends_paid,CommonStockDividendsPerShareCashPaid,0.885,USD/shares,2025-01-01,2025-03-31,2025-07-30,10-Q,duration
cash_flow,dividends_paid,DividendsCommonStock,107000000.0,USD,2025-01-01,2025-03-31,2025-07-30,10-Q,duration
cash_flow,dividends_paid,CommonStockDividendsPerShareCashPaid,0.885,USD/shares,2025-01-01,2025-03-31,2025-11-05,10-Q,duration
cash_flow,dividends_paid,DividendsCommonStock,107000000.0,USD,2025-01-01,2025-03-31,2025-11-05,10-Q,duration
cash_flow,dividends_paid,DividendsCommonStockCash,108000000.0,USD,2025-01-01,2025-03-31,2026-04-29,10-Q,duration
cash_flow,dividends_paid,PaymentsOfDividends,108000000.0,USD,2025-01-01,2025-03-31,2026-04-29,10-Q,duration
cash_flow,dividends_paid,DividendsCommonStockCash,215000000.0,USD,2025-01-01,2025-06-30,2025-07-30,10-Q,duration
cash_flow,dividends_paid,PaymentsOfDividends,214000000.0,USD,2025-01-01,2025-06-30,2025-07-30,10-Q,duration
cash_flow,dividends_paid,CommonStockDividendsPerShareCashPaid,0.885,USD/shares,2025-04-01,2025-06-30,2025-07-30,10-Q,duration
cash_flow,dividends_paid,DividendsCommonStock,107000000.0,USD,2025-04-01,2025-06-30,2025-07-30,10-Q,duration
cash_flow,dividends_paid,DividendsCommonStockCash,107000000.0,USD,2025-04-01,2025-06-30,2025-07-30,10-Q,duration
cash_flow,dividends_paid,CommonStockDividendsPerShareCashPaid,0.885,USD/shares,2025-04-01,2025-06-30,2025-11-05,10-Q,duration
cash_flow,dividends_paid,DividendsCommonStock,107000000.0,USD,2025-04-01,2025-06-30,2025-11-05,10-Q,duration
cash_flow,dividends_paid,DividendsCommonStockCash,321000000.0,USD,2025-01-01,2025-09-30,2025-11-05,10-Q,duration
cash_flow,dividends_paid,PaymentsOfDividends,321000000.0,USD,2025-01-01,2025-09-30,2025-11-05,10-Q,duration
cash_flow,dividends_paid,CommonStockDividendsPerShareCashPaid,0.885,USD/shares,2025-07-01,2025-09-30,2025-11-05,10-Q,duration
cash_flow,dividends_paid,DividendsCommonStock,106000000.0,USD,2025-07-01,2025-09-30,2025-11-05,10-Q,duration
cash_flow,dividends_paid,DividendsCommonStockCash,106000000.0,USD,2025-07-01,2025-09-30,2025-11-05,10-Q,duration
cash_flow,dividends_paid,CommonStockDividendsPerShareCashPaid,3.54,USD/shares,2025-01-01,2025-12-31,2026-02-19,10-K,duration
cash_flow,dividends_paid,Dividends,426000000.0,USD,2025-01-01,2025-12-31,2026-02-19,10-K,duration
cash_flow,dividends_paid,DividendsCommonStockCash,430000000.0,USD,2025-01-01,2025-12-31,2026-02-19,10-K,duration
cash_flow,dividends_paid,PaymentsOfDividends,430000000.0,USD,2025-01-01,2025-12-31,2026-02-19,10-K,duration
cash_flow,dividends_paid,CommonStockDividendsPerShareDeclared,0.885,USD/shares,2025-10-01,2025-12-31,2026-02-19,10-K,duration
cash_flow,dividends_paid,DividendsCommonStock,107000000.0,USD,2025-10-01,2025-12-31,2026-02-19,10-K,duration
cash_flow,dividends_paid,CommonStockDividendsPerShareCashPaid,0.885,USD/shares,,2026-01-30,2026-04-29,10-Q,instant
cash_flow,dividends_paid,Dividends,107000000.0,USD,,2026-01-30,2026-04-29,10-Q,instant
cash_flow,dividends_paid,CommonStockDividendsPerShareDeclared,0.885,USD/shares,2026-01-01,2026-03-31,2026-04-29,10-Q,duration
cash_flow,dividends_paid,DividendsCommonStockCash,108000000.0,USD,2026-01-01,2026-03-31,2026-04-29,10-Q,duration
cash_flow,dividends_paid,PaymentsOfDividends,107000000.0,USD,2026-01-01,2026-03-31,2026-04-29,10-Q,duration
cash_flow,financing_cash_flow,NetCashProvidedByUsedInFinancingActivities,921278000.0,USD,2007-01-01,2007-12-31,2010-02-19,10-K,duration
cash_flow,financing_cash_flow,NetCashProvidedByUsedInFinancingActivities,-532463000.0,USD,2008-01-01,2008-06-30,2009-08-03,10-Q,duration
cash_flow,financing_cash_flow,NetCashProvidedByUsedInFinancingActivities,-990978000.0,USD,2008-01-01,2008-09-30,2009-11-03,10-Q,duration
cash_flow,financing_cash_flow,NetCashProvidedByUsedInFinancingActivities,-554016000.0,USD,2008-01-01,2008-12-31,2010-02-19,10-K,duration
cash_flow,financing_cash_flow,NetCashProvidedByUsedInFinancingActivities,-554016000.0,USD,2008-01-01,2008-12-31,2011-02-18,10-K,duration
cash_flow,financing_cash_flow,NetCashProvidedByUsedInFinancingActivities,-554016000.0,USD,2008-01-01,2008-12-31,2011-10-20,8-K,duration
cash_flow,financing_cash_flow,NetCashProvidedByUsedInFinancingActivities,152057000.0,USD,2009-01-01,2009-03-31,2010-04-27,10-Q,duration
cash_flow,financing_cash_flow,NetCashProvidedByUsedInFinancingActivities,-147617000.0,USD,2009-01-01,2009-06-30,2009-08-03,10-Q,duration
cash_flow,financing_cash_flow,NetCashProvidedByUsedInFinancingActivities,-147617000.0,USD,2009-01-01,2009-06-30,2010-08-02,10-Q,duration
cash_flow,financing_cash_flow,NetCashProvidedByUsedInFinancingActivities,-195710000.0,USD,2009-01-01,2009-09-30,2009-11-03,10-Q,duration
cash_flow,financing_cash_flow,NetCashProvidedByUsedInFinancingActivities,-195710000.0,USD,2009-01-01,2009-09-30,2010-11-01,10-Q,duration
cash_flow,financing_cash_flow,NetCashProvidedByUsedInFinancingActivities,80844000.0,USD,2009-01-01,2009-12-31,2010-02-19,10-K,duration
cash_flow,financing_cash_flow,NetCashProvidedByUsedInFinancingActivities,80844000.0,USD,2009-01-01,2009-12-31,2011-02-18,10-K,duration
cash_flow,financing_cash_flow,NetCashProvidedByUsedInFinancingActivities,80844000.0,USD,2009-01-01,2009-12-31,2011-10-20,8-K,duration
cash_flow,financing_cash_flow,NetCashProvidedByUsedInFinancingActivities,80000000.0,USD,2009-01-01,2009-12-31,2012-02-24,10-K,duration
cash_flow,financing_cash_flow,NetCashProvidedByUsedInFinancingActivities,-27029000.0,USD,2010-01-01,2010-03-31,2010-04-27,10-Q,duration
cash_flow,financing_cash_flow,NetCashProvidedByUsedInFinancingActivities,-27029000.0,USD,2010-01-01,2010-03-31,2011-05-03,10-Q,duration
cash_flow,financing_cash_flow,NetCashProvidedByUsedInFinancingActivities,-22427000.0,USD,2010-01-01,2010-06-30,2010-08-02,10-Q,duration
cash_flow,financing_cash_flow,NetCashProvidedByUsedInFinancingActivities,-22427000.0,USD,2010-01-01,2010-06-30,2011-08-01,10-Q,duration
cash_flow,financing_cash_flow,NetCashProvidedByUsedInFinancingActivities,-114837000.0,USD,2010-01-01,2010-09-30,2010-11-01,10-Q,duration
cash_flow,financing_cash_flow,NetCashProvidedByUsedInFinancingActivities,-114837000.0,USD,2010-01-01,2010-09-30,2011-10-31,10-Q,duration
cash_flow,financing_cash_flow,NetCashProvidedByUsedInFinancingActivities,-371256000.0,USD,2010-01-01,2010-12-31,2011-02-18,10-K,duration
cash_flow,financing_cash_flow,NetCashProvidedByUsedInFinancingActivities,-371256000.0,USD,2010-01-01,2010-12-31,2011-10-20,8-K,duration
cash_flow,financing_cash_flow,NetCashProvidedByUsedInFinancingActivities,-371000000.0,USD,2010-01-01,2010-12-31,2012-02-24,10-K,duration
cash_flow,financing_cash_flow,NetCashProvidedByUsedInFinancingActivities,-371000000.0,USD,2010-01-01,2010-12-31,2013-02-22,10-K,duration
cash_flow,financing_cash_flow,NetCashProvidedByUsedInFinancingActivities,-21821000.0,USD,2011-01-01,2011-03-31,2011-05-03,10-Q,duration
cash_flow,financing_cash_flow,NetCashProvidedByUsedInFinancingActivities,-22000000.0,USD,2011-01-01,2011-03-31,2012-04-30,10-Q,duration
cash_flow,financing_cash_flow,NetCashProvidedByUsedInFinancingActivities,-203129000.0,USD,2011-01-01,2011-06-30,2011-08-01,10-Q,duration
cash_flow,financing_cash_flow,NetCashProvidedByUsedInFinancingActivities,-203000000.0,USD,2011-01-01,2011-06-30,2012-08-01,10-Q,duration
cash_flow,financing_cash_flow,NetCashProvidedByUsedInFinancingActivities,-386515000.0,USD,2011-01-01,2011-09-30,2011-10-31,10-Q,duration
cash_flow,financing_cash_flow,NetCashProvidedByUsedInFinancingActivities,-387000000.0,USD,2011-01-01,2011-09-30,2012-11-05,10-Q,duration
cash_flow,financing_cash_flow,NetCashProvidedByUsedInFinancingActivities,-1017000000.0,USD,2011-01-01,2011-12-31,2012-02-24,10-K,duration
cash_flow,financing_cash_flow,NetCashProvidedByUsedInFinancingActivities,-1017000000.0,USD,2011-01-01,2011-12-31,2013-02-22,10-K,duration
cash_flow,financing_cash_flow,NetCashProvidedByUsedInFinancingActivities,-1017000000.0,USD,2011-01-01,2011-12-31,2014-02-19,10-K,duration
cash_flow,financing_cash_flow,NetCashProvidedByUsedInFinancingActivitiesContinuingOperations,-1017000000.0,USD,2011-01-01,2011-12-31,2014-09-16,8-K,duration
cash_flow,financing_cash_flow,NetCashProvidedByUsedInFinancingActivities,123000000.0,USD,2012-01-01,2012-03-31,2012-04-30,10-Q,duration
cash_flow,financing_cash_flow,NetCashProvidedByUsedInFinancingActivities,123000000.0,USD,2012-01-01,2012-03-31,2013-05-01,10-Q,duration
cash_flow,financing_cash_flow,NetCashProvidedByUsedInFinancingActivities,-221000000.0,USD,2012-01-01,2012-06-30,2012-08-01,10-Q,duration
cash_flow,financing_cash_flow,NetCashProvidedByUsedInFinancingActivities,-221000000.0,USD,2012-01-01,2012-06-30,2013-07-31,10-Q,duration
cash_flow,financing_cash_flow,NetCashProvidedByUsedInFinancingActivities,-979000000.0,USD,2012-01-01,2012-09-30,2012-11-05,10-Q,duration
cash_flow,financing_cash_flow,NetCashProvidedByUsedInFinancingActivities,-979000000.0,USD,2012-01-01,2012-09-30,2013-11-06,10-Q,duration
cash_flow,financing_cash_flow,NetCashProvidedByUsedInFinancingActivities,-29000000.0,USD,2012-01-01,2012-12-31,2013-02-22,10-K,duration
cash_flow,financing_cash_flow,NetCashProvidedByUsedInFinancingActivities,-29000000.0,USD,2012-01-01,2012-12-31,2014-02-19,10-K,duration
cash_flow,financing_cash_flow,NetCashProvidedByUsedInFinancingActivitiesContinuingOperations,-29000000.0,USD,2012-01-01,2012-12-31,2014-09-16,8-K,duration
cash_flow,financing_cash_flow,NetCashProvidedByUsedInFinancingActivities,-29000000.0,USD,2012-01-01,2012-12-31,2015-02-18,10-K,duration
cash_flow,financing_cash_flow,NetCashProvidedByUsedInFinancingActivities,-29000000.0,USD,2012-01-01,2012-12-31,2015-08-10,8-K,duration
cash_flow,financing_cash_flow,NetCashProvidedByUsedInFinancingActivities,72000000.0,USD,2013-01-01,2013-03-31,2013-05-01,10-Q,duration
cash_flow,financing_cash_flow,NetCashProvidedByUsedInFinancingActivities,72000000.0,USD,2013-01-01,2013-03-31,2014-05-07,10-Q,duration
cash_flow,financing_cash_flow,NetCashProvidedByUsedInFinancingActivities,-224000000.0,USD,2013-01-01,2013-06-30,2013-07-31,10-Q,duration
cash_flow,financing_cash_flow,NetCashProvidedByUsedInFinancingActivitiesContinuingOperations,-224000000.0,USD,2013-01-01,2013-06-30,2014-07-30,10-Q,duration
cash_flow,financing_cash_flow,NetCashProvidedByUsedInFinancingActivities,-640000000.0,USD,2013-01-01,2013-09-30,2013-11-06,10-Q,duration
cash_flow,financing_cash_flow,NetCashProvidedByUsedInFinancingActivities,-640000000.0,USD,2013-01-01,2013-09-30,2014-11-07,10-Q,duration
cash_flow,financing_cash_flow,NetCashProvidedByUsedInFinancingActivities,-702000000.0,USD,2013-01-01,2013-12-31,2014-02-19,10-K,duration
cash_flow,financing_cash_flow,NetCashProvidedByUsedInFinancingActivitiesContinuingOperations,-702000000.0,USD,2013-01-01,2013-12-31,2014-09-16,8-K,duration
cash_flow,financing_cash_flow,NetCashProvidedByUsedInFinancingActivities,-702000000.0,USD,2013-01-01,2013-12-31,2015-02-18,10-K,duration
cash_flow,financing_cash_flow,NetCashProvidedByUsedInFinancingActivities,-702000000.0,USD,2013-01-01,2013-12-31,2015-08-10,8-K,duration
cash_flow,financing_cash_flow,NetCashProvidedByUsedInFinancingActivities,-702000000.0,USD,2013-01-01,2013-12-31,2016-02-18,10-K,duration
cash_flow,financing_cash_flow,NetCashProvidedByUsedInFinancingActivities,24000000.0,USD,2014-01-01,2014-03-31,2014-05-07,10-Q,duration
cash_flow,financing_cash_flow,NetCashProvidedByUsedInFinancingActivities,24000000.0,USD,2014-01-01,2014-03-31,2015-04-29,10-Q,duration
cash_flow,financing_cash_flow,NetCashProvidedByUsedInFinancingActivitiesContinuingOperations,-420000000.0,USD,2014-01-01,2014-06-30,2014-07-30,10-Q,duration
cash_flow,financing_cash_flow,NetCashProvidedByUsedInFinancingActivities,-420000000.0,USD,2014-01-01,2014-06-30,2015-07-29,10-Q,duration
cash_flow,financing_cash_flow,NetCashProvidedByUsedInFinancingActivities,510000000.0,USD,2014-01-01,2014-09-30,2014-11-07,10-Q,duration
cash_flow,financing_cash_flow,NetCashProvidedByUsedInFinancingActivities,510000000.0,USD,2014-01-01,2014-09-30,2015-11-06,10-Q,duration
cash_flow,financing_cash_flow,NetCashProvidedByUsedInFinancingActivities,-758000000.0,USD,2014-01-01,2014-12-31,2015-02-18,10-K,duration
cash_flow,financing_cash_flow,NetCashProvidedByUsedInFinancingActivities,-758000000.0,USD,2014-01-01,2014-12-31,2015-08-10,8-K,duration
cash_flow,financing_cash_flow,NetCashProvidedByUsedInFinancingActivities,-758000000.0,USD,2014-01-01,2014-12-31,2016-02-18,10-K,duration
cash_flow,financing_cash_flow,NetCashProvidedByUsedInFinancingActivities,-758000000.0,USD,2014-01-01,2014-12-31,2017-02-17,10-K,duration
cash_flow,financing_cash_flow,NetCashProvidedByUsedInFinancingActivities,-758000000.0,USD,2014-01-01,2014-12-31,2017-12-14,8-K,duration
cash_flow,financing_cash_flow,NetCashProvidedByUsedInFinancingActivities,-2000000.0,USD,2015-01-01,2015-03-31,2015-04-29,10-Q,duration
cash_flow,financing_cash_flow,NetCashProvidedByUsedInFinancingActivities,-2000000.0,USD,2015-01-01,2015-03-31,2016-05-04,10-Q,duration
cash_flow,financing_cash_flow,NetCashProvidedByUsedInFinancingActivities,-406000000.0,USD,2015-01-01,2015-06-30,2015-07-29,10-Q,duration
cash_flow,financing_cash_flow,NetCashProvidedByUsedInFinancingActivities,-406000000.0,USD,2015-01-01,2015-06-30,2016-08-03,10-Q,duration
cash_flow,financing_cash_flow,NetCashProvidedByUsedInFinancingActivities,-1486000000.0,USD,2015-01-01,2015-09-30,2015-11-06,10-Q,duration
cash_flow,financing_cash_flow,NetCashProvidedByUsedInFinancingActivities,-1486000000.0,USD,2015-01-01,2015-09-30,2016-11-04,10-Q,duration
cash_flow,financing_cash_flow,NetCashProvidedByUsedInFinancingActivities,-552000000.0,USD,2015-01-01,2015-12-31,2016-02-18,10-K,duration
cash_flow,financing_cash_flow,NetCashProvidedByUsedInFinancingActivities,-552000000.0,USD,2015-01-01,2015-12-31,2017-02-17,10-K,duration
cash_flow,financing_cash_flow,NetCashProvidedByUsedInFinancingActivities,-552000000.0,USD,2015-01-01,2015-12-31,2017-12-14,8-K,duration
cash_flow,financing_cash_flow,NetCashProvidedByUsedInFinancingActivities,-552000000.0,USD,2015-01-01,2015-12-31,2018-02-16,10-K,duration
cash_flow,financing_cash_flow,NetCashProvidedByUsedInFinancingActivities,176000000.0,USD,2016-01-01,2016-03-31,2016-05-04,10-Q,duration
cash_flow,financing_cash_flow,NetCashProvidedByUsedInFinancingActivities,156000000.0,USD,2016-01-01,2016-03-31,2017-05-03,10-Q,duration
cash_flow,financing_cash_flow,NetCashProvidedByUsedInFinancingActivities,-51000000.0,USD,2016-01-01,2016-06-30,2016-08-03,10-Q,duration
cash_flow,financing_cash_flow,NetCashProvidedByUsedInFinancingActivities,-51000000.0,USD,2016-01-01,2016-06-30,2017-08-02,10-Q,duration
cash_flow,financing_cash_flow,NetCashProvidedByUsedInFinancingActivities,23000000.0,USD,2016-01-01,2016-09-30,2016-11-04,10-Q,duration
cash_flow,financing_cash_flow,NetCashProvidedByUsedInFinancingActivities,23000000.0,USD,2016-01-01,2016-09-30,2017-11-08,10-Q,duration
cash_flow,financing_cash_flow,NetCashProvidedByUsedInFinancingActivities,732000000.0,USD,2016-01-01,2016-12-31,2017-02-17,10-K,duration
cash_flow,financing_cash_flow,NetCashProvidedByUsedInFinancingActivities,732000000.0,USD,2016-01-01,2016-12-31,2017-12-14,8-K,duration
cash_flow,financing_cash_flow,NetCashProvidedByUsedInFinancingActivities,732000000.0,USD,2016-01-01,2016-12-31,2018-02-16,10-K,duration
cash_flow,financing_cash_flow,NetCashProvidedByUsedInFinancingActivities,732000000.0,USD,2016-01-01,2016-12-31,2019-02-21,10-K,duration
cash_flow,financing_cash_flow,NetCashProvidedByUsedInFinancingActivities,1269000000.0,USD,2017-01-01,2017-03-31,2017-05-03,10-Q,duration
cash_flow,financing_cash_flow,NetCashProvidedByUsedInFinancingActivities,1269000000.0,USD,2017-01-01,2017-03-31,2018-05-02,10-Q,duration
cash_flow,financing_cash_flow,NetCashProvidedByUsedInFinancingActivities,1241000000.0,USD,2017-01-01,2017-06-30,2017-08-02,10-Q,duration
cash_flow,financing_cash_flow,NetCashProvidedByUsedInFinancingActivities,1241000000.0,USD,2017-01-01,2017-06-30,2018-08-01,10-Q,duration
cash_flow,financing_cash_flow,NetCashProvidedByUsedInFinancingActivities,802000000.0,USD,2017-01-01,2017-09-30,2017-11-08,10-Q,duration
cash_flow,financing_cash_flow,NetCashProvidedByUsedInFinancingActivities,802000000.0,USD,2017-01-01,2017-09-30,2018-11-07,10-Q,duration
cash_flow,financing_cash_flow,NetCashProvidedByUsedInFinancingActivities,-945000000.0,USD,2017-01-01,2017-12-31,2018-02-16,10-K,duration
cash_flow,financing_cash_flow,NetCashProvidedByUsedInFinancingActivities,-945000000.0,USD,2017-01-01,2017-12-31,2019-02-21,10-K,duration
cash_flow,financing_cash_flow,NetCashProvidedByUsedInFinancingActivities,-945000000.0,USD,2017-01-01,2017-12-31,2020-02-20,10-K,duration
cash_flow,financing_cash_flow,NetCashProvidedByUsedInFinancingActivities,1532000000.0,USD,2018-01-01,2018-03-31,2018-05-02,10-Q,duration
cash_flow,financing_cash_flow,NetCashProvidedByUsedInFinancingActivities,1532000000.0,USD,2018-01-01,2018-03-31,2019-05-01,10-Q,duration
cash_flow,financing_cash_flow,NetCashProvidedByUsedInFinancingActivities,1515000000.0,USD,2018-01-01,2018-06-30,2018-08-01,10-Q,duration
cash_flow,financing_cash_flow,NetCashProvidedByUsedInFinancingActivities,1515000000.0,USD,2018-01-01,2018-06-30,2019-07-31,10-Q,duration
cash_flow,financing_cash_flow,NetCashProvidedByUsedInFinancingActivities,234000000.0,USD,2018-01-01,2018-09-30,2018-11-07,10-Q,duration
cash_flow,financing_cash_flow,NetCashProvidedByUsedInFinancingActivities,234000000.0,USD,2018-01-01,2018-09-30,2019-11-06,10-Q,duration
cash_flow,financing_cash_flow,NetCashProvidedByUsedInFinancingActivities,-785000000.0,USD,2018-01-01,2018-12-31,2019-02-21,10-K,duration
cash_flow,financing_cash_flow,NetCashProvidedByUsedInFinancingActivities,-785000000.0,USD,2018-01-01,2018-12-31,2020-02-20,10-K,duration
cash_flow,financing_cash_flow,NetCashProvidedByUsedInFinancingActivities,-785000000.0,USD,2018-01-01,2018-12-31,2021-02-18,10-K,duration
cash_flow,financing_cash_flow,NetCashProvidedByUsedInFinancingActivities,493000000.0,USD,2019-01-01,2019-03-31,2019-05-01,10-Q,duration
cash_flow,financing_cash_flow,NetCashProvidedByUsedInFinancingActivities,493000000.0,USD,2019-01-01,2019-03-31,2020-04-29,10-Q,duration
cash_flow,financing_cash_flow,NetCashProvidedByUsedInFinancingActivities,16000000.0,USD,2019-01-01,2019-06-30,2019-07-31,10-Q,duration
cash_flow,financing_cash_flow,NetCashProvidedByUsedInFinancingActivities,16000000.0,USD,2019-01-01,2019-06-30,2020-08-05,10-Q,duration
cash_flow,financing_cash_flow,NetCashProvidedByUsedInFinancingActivities,-1111000000.0,USD,2019-01-01,2019-09-30,2019-11-06,10-Q,duration
cash_flow,financing_cash_flow,NetCashProvidedByUsedInFinancingActivities,-1111000000.0,USD,2019-01-01,2019-09-30,2020-11-03,10-Q,duration
cash_flow,financing_cash_flow,NetCashProvidedByUsedInFinancingActivities,-2295000000.0,USD,2019-01-01,2019-12-31,2020-02-20,10-K,duration
cash_flow,financing_cash_flow,NetCashProvidedByUsedInFinancingActivities,-2295000000.0,USD,2019-01-01,2019-12-31,2021-02-18,10-K,duration
cash_flow,financing_cash_flow,NetCashProvidedByUsedInFinancingActivities,-2295000000.0,USD,2019-01-01,2019-12-31,2022-02-17,10-K,duration
cash_flow,financing_cash_flow,NetCashProvidedByUsedInFinancingActivities,2736000000.0,USD,2020-01-01,2020-03-31,2020-04-29,10-Q,duration
cash_flow,financing_cash_flow,NetCashProvidedByUsedInFinancingActivities,2736000000.0,USD,2020-01-01,2020-03-31,2021-04-28,10-Q,duration
cash_flow,financing_cash_flow,NetCashProvidedByUsedInFinancingActivities,2430000000.0,USD,2020-01-01,2020-06-30,2020-08-05,10-Q,duration
cash_flow,financing_cash_flow,NetCashProvidedByUsedInFinancingActivities,2430000000.0,USD,2020-01-01,2020-06-30,2021-07-28,10-Q,duration
cash_flow,financing_cash_flow,NetCashProvidedByUsedInFinancingActivities,1585000000.0,USD,2020-01-01,2020-09-30,2020-11-03,10-Q,duration
cash_flow,financing_cash_flow,NetCashProvidedByUsedInFinancingActivities,1585000000.0,USD,2020-01-01,2020-09-30,2021-11-03,10-Q,duration
cash_flow,financing_cash_flow,NetCashProvidedByUsedInFinancingActivities,-1955000000.0,USD,2020-01-01,2020-12-31,2021-02-18,10-K,duration
cash_flow,financing_cash_flow,NetCashProvidedByUsedInFinancingActivities,-1955000000.0,USD,2020-01-01,2020-12-31,2022-02-17,10-K,duration
cash_flow,financing_cash_flow,NetCashProvidedByUsedInFinancingActivities,-1955000000.0,USD,2020-01-01,2020-12-31,2023-02-16,10-K,duration
cash_flow,financing_cash_flow,NetCashProvidedByUsedInFinancingActivities,1529000000.0,USD,2021-01-01,2021-03-31,2021-04-28,10-Q,duration
cash_flow,financing_cash_flow,NetCashProvidedByUsedInFinancingActivities,1529000000.0,USD,2021-01-01,2021-03-31,2022-04-27,10-Q,duration
cash_flow,financing_cash_flow,NetCashProvidedByUsedInFinancingActivities,1385000000.0,USD,2021-01-01,2021-06-30,2021-07-28,10-Q,duration
cash_flow,financing_cash_flow,NetCashProvidedByUsedInFinancingActivities,1385000000.0,USD,2021-01-01,2021-06-30,2022-07-27,10-Q,duration
cash_flow,financing_cash_flow,NetCashProvidedByUsedInFinancingActivities,3727000000.0,USD,2021-01-01,2021-09-30,2021-11-03,10-Q,duration
cash_flow,financing_cash_flow,NetCashProvidedByUsedInFinancingActivities,3727000000.0,USD,2021-01-01,2021-09-30,2022-11-02,10-Q,duration
cash_flow,financing_cash_flow,NetCashProvidedByUsedInFinancingActivities,3015000000.0,USD,2021-01-01,2021-12-31,2022-02-17,10-K,duration
cash_flow,financing_cash_flow,NetCashProvidedByUsedInFinancingActivities,3015000000.0,USD,2021-01-01,2021-12-31,2023-02-16,10-K,duration
cash_flow,financing_cash_flow,NetCashProvidedByUsedInFinancingActivities,3015000000.0,USD,2021-01-01,2021-12-31,2024-02-15,10-K,duration
cash_flow,financing_cash_flow,NetCashProvidedByUsedInFinancingActivities,1816000000.0,USD,2022-01-01,2022-03-31,2022-04-27,10-Q,duration
cash_flow,financing_cash_flow,NetCashProvidedByUsedInFinancingActivities,1816000000.0,USD,2022-01-01,2022-03-31,2023-04-26,10-Q,duration
cash_flow,financing_cash_flow,NetCashProvidedByUsedInFinancingActivities,2235000000.0,USD,2022-01-01,2022-06-30,2022-07-27,10-Q,duration
cash_flow,financing_cash_flow,NetCashProvidedByUsedInFinancingActivities,2235000000.0,USD,2022-01-01,2022-06-30,2023-08-02,10-Q,duration
cash_flow,financing_cash_flow,NetCashProvidedByUsedInFinancingActivities,444000000.0,USD,2022-01-01,2022-09-30,2022-11-02,10-Q,duration
cash_flow,financing_cash_flow,NetCashProvidedByUsedInFinancingActivities,444000000.0,USD,2022-01-01,2022-09-30,2023-11-01,10-Q,duration
cash_flow,financing_cash_flow,NetCashProvidedByUsedInFinancingActivities,-1914000000.0,USD,2022-01-01,2022-12-31,2023-02-16,10-K,duration
cash_flow,financing_cash_flow,NetCashProvidedByUsedInFinancingActivities,-1914000000.0,USD,2022-01-01,2022-12-31,2024-02-15,10-K,duration
cash_flow,financing_cash_flow,NetCashProvidedByUsedInFinancingActivities,-1914000000.0,USD,2022-01-01,2022-12-31,2025-02-20,10-K,duration
cash_flow,financing_cash_flow,NetCashProvidedByUsedInFinancingActivities,3279000000.0,USD,2023-01-01,2023-03-31,2023-04-26,10-Q,duration
cash_flow,financing_cash_flow,NetCashProvidedByUsedInFinancingActivities,3279000000.0,USD,2023-01-01,2023-03-31,2024-04-24,10-Q,duration
cash_flow,financing_cash_flow,NetCashProvidedByUsedInFinancingActivities,3315000000.0,USD,2023-01-01,2023-06-30,2023-08-02,10-Q,duration
cash_flow,financing_cash_flow,NetCashProvidedByUsedInFinancingActivities,3315000000.0,USD,2023-01-01,2023-06-30,2024-07-31,10-Q,duration
cash_flow,financing_cash_flow,NetCashProvidedByUsedInFinancingActivities,1582000000.0,USD,2023-01-01,2023-09-30,2023-11-01,10-Q,duration
cash_flow,financing_cash_flow,NetCashProvidedByUsedInFinancingActivities,1582000000.0,USD,2023-01-01,2023-09-30,2024-10-30,10-Q,duration
cash_flow,financing_cash_flow,NetCashProvidedByUsedInFinancingActivities,-856000000.0,USD,2023-01-01,2023-12-31,2024-02-15,10-K,duration
cash_flow,financing_cash_flow,NetCashProvidedByUsedInFinancingActivities,-856000000.0,USD,2023-01-01,2023-12-31,2025-02-20,10-K,duration
cash_flow,financing_cash_flow,NetCashProvidedByUsedInFinancingActivities,-856000000.0,USD,2023-01-01,2023-12-31,2026-02-19,10-K,duration
cash_flow,financing_cash_flow,NetCashProvidedByUsedInFinancingActivities,1207000000.0,USD,2024-01-01,2024-03-31,2024-04-24,10-Q,duration
cash_flow,financing_cash_flow,NetCashProvidedByUsedInFinancingActivities,1207000000.0,USD,2024-01-01,2024-03-31,2025-04-30,10-Q,duration
cash_flow,financing_cash_flow,NetCashProvidedByUsedInFinancingActivities,587000000.0,USD,2024-01-01,2024-06-30,2024-07-31,10-Q,duration
cash_flow,financing_cash_flow,NetCashProvidedByUsedInFinancingActivities,587000000.0,USD,2024-01-01,2024-06-30,2025-07-30,10-Q,duration
cash_flow,financing_cash_flow,NetCashProvidedByUsedInFinancingActivities,-183000000.0,USD,2024-01-01,2024-09-30,2024-10-30,10-Q,duration
cash_flow,financing_cash_flow,NetCashProvidedByUsedInFinancingActivities,-183000000.0,USD,2024-01-01,2024-09-30,2025-11-05,10-Q,duration
cash_flow,financing_cash_flow,NetCashProvidedByUsedInFinancingActivities,-2487000000.0,USD,2024-01-01,2024-12-31,2025-02-20,10-K,duration
cash_flow,financing_cash_flow,NetCashProvidedByUsedInFinancingActivities,-2487000000.0,USD,2024-01-01,2024-12-31,2026-02-19,10-K,duration
cash_flow,financing_cash_flow,NetCashProvidedByUsedInFinancingActivities,1384000000.0,USD,2025-01-01,2025-03-31,2025-04-30,10-Q,duration
cash_flow,financing_cash_flow,NetCashProvidedByUsedInFinancingActivities,1384000000.0,USD,2025-01-01,2025-03-31,2026-04-29,10-Q,duration
cash_flow,financing_cash_flow,NetCashProvidedByUsedInFinancingActivities,-444000000.0,USD,2025-01-01,2025-06-30,2025-07-30,10-Q,duration
cash_flow,financing_cash_flow,NetCashProvidedByUsedInFinancingActivities,-1047000000.0,USD,2025-01-01,2025-09-30,2025-11-05,10-Q,duration
cash_flow,financing_cash_flow,NetCashProvidedByUsedInFinancingActivities,-1215000000.0,USD,2025-01-01,2025-12-31,2026-02-19,10-K,duration
cash_flow,financing_cash_flow,NetCashProvidedByUsedInFinancingActivities,2050000000.0,USD,2026-01-01,2026-03-31,2026-04-29,10-Q,duration
cash_flow,interest_paid,InterestPaid,67954000.0,USD,2007-01-01,2007-12-31,2010-02-19,10-K,duration
cash_flow,interest_paid,InterestPaid,32899000.0,USD,2008-01-01,2008-06-30,2009-08-03,10-Q,duration
cash_flow,interest_paid,InterestPaid,41340000.0,USD,2008-01-01,2008-09-30,2009-11-03,10-Q,duration
cash_flow,interest_paid,InterestPaid,73813000.0,USD,2008-01-01,2008-12-31,2010-02-19,10-K,duration
cash_flow,interest_paid,InterestPaid,73813000.0,USD,2008-01-01,2008-12-31,2011-02-18,10-K,duration
cash_flow,interest_paid,InterestPaid,73813000.0,USD,2008-01-01,2008-12-31,2011-10-20,8-K,duration
cash_flow,interest_paid,InterestPaid,10943000.0,USD,2009-01-01,2009-03-31,2010-04-27,10-Q,duration
cash_flow,interest_paid,InterestPaid,56635000.0,USD,2009-01-01,2009-06-30,2009-08-03,10-Q,duration
cash_flow,interest_paid,InterestPaid,56635000.0,USD,2009-01-01,2009-06-30,2010-08-02,10-Q,duration
cash_flow,interest_paid,InterestPaid,67175000.0,USD,2009-01-01,2009-09-30,2009-11-03,10-Q,duration
cash_flow,interest_paid,InterestPaid,67175000.0,USD,2009-01-01,2009-09-30,2010-11-01,10-Q,duration
cash_flow,interest_paid,InterestPaid,112532000.0,USD,2009-01-01,2009-12-31,2010-02-19,10-K,duration
cash_flow,interest_paid,InterestPaid,112532000.0,USD,2009-01-01,2009-12-31,2011-02-18,10-K,duration
cash_flow,interest_paid,InterestPaid,112532000.0,USD,2009-01-01,2009-12-31,2011-10-20,8-K,duration
cash_flow,interest_paid,InterestPaid,113000000.0,USD,2009-01-01,2009-12-31,2012-02-24,10-K,duration
cash_flow,interest_paid,InterestPaid,10486000.0,USD,2010-01-01,2010-03-31,2010-04-27,10-Q,duration
cash_flow,interest_paid,InterestPaid,10486000.0,USD,2010-01-01,2010-03-31,2011-05-03,10-Q,duration
cash_flow,interest_paid,InterestPaid,55855000.0,USD,2010-01-01,2010-06-30,2010-08-02,10-Q,duration
cash_flow,interest_paid,InterestPaid,55855000.0,USD,2010-01-01,2010-06-30,2011-08-01,10-Q,duration
cash_flow,interest_paid,InterestPaid,66403000.0,USD,2010-01-01,2010-09-30,2010-11-01,10-Q,duration
cash_flow,interest_paid,InterestPaid,66403000.0,USD,2010-01-01,2010-09-30,2011-10-31,10-Q,duration
cash_flow,interest_paid,InterestPaid,111848000.0,USD,2010-01-01,2010-12-31,2011-02-18,10-K,duration
cash_flow,interest_paid,InterestPaid,111848000.0,USD,2010-01-01,2010-12-31,2011-10-20,8-K,duration
cash_flow,interest_paid,InterestPaid,112000000.0,USD,2010-01-01,2010-12-31,2012-02-24,10-K,duration
cash_flow,interest_paid,InterestPaid,112000000.0,USD,2010-01-01,2010-12-31,2013-02-22,10-K,duration
cash_flow,interest_paid,InterestPaid,11100000.0,USD,2011-01-01,2011-03-31,2011-05-03,10-Q,duration
cash_flow,interest_paid,InterestPaid,11000000.0,USD,2011-01-01,2011-03-31,2012-04-30,10-Q,duration
cash_flow,interest_paid,InterestPaid,56958000.0,USD,2011-01-01,2011-06-30,2011-08-01,10-Q,duration
cash_flow,interest_paid,InterestPaid,57000000.0,USD,2011-01-01,2011-06-30,2012-08-01,10-Q,duration
cash_flow,interest_paid,InterestPaid,67894000.0,USD,2011-01-01,2011-09-30,2011-10-31,10-Q,duration
cash_flow,interest_paid,InterestPaid,68000000.0,USD,2011-01-01,2011-09-30,2012-11-05,10-Q,duration
cash_flow,interest_paid,InterestPaid,114000000.0,USD,2011-01-01,2011-12-31,2012-02-24,10-K,duration
cash_flow,interest_paid,InterestPaid,114000000.0,USD,2011-01-01,2011-12-31,2013-02-22,10-K,duration
cash_flow,interest_paid,InterestPaid,114000000.0,USD,2011-01-01,2011-12-31,2014-02-19,10-K,duration
cash_flow,interest_paid,InterestPaid,114000000.0,USD,2011-01-01,2011-12-31,2014-09-16,8-K,duration
cash_flow,interest_paid,InterestPaid,11000000.0,USD,2012-01-01,2012-03-31,2012-04-30,10-Q,duration
cash_flow,interest_paid,InterestPaid,11000000.0,USD,2012-01-01,2012-03-31,2013-05-01,10-Q,duration
cash_flow,interest_paid,InterestPaid,55000000.0,USD,2012-01-01,2012-06-30,2012-08-01,10-Q,duration
cash_flow,interest_paid,InterestPaid,55000000.0,USD,2012-01-01,2012-06-30,2013-07-31,10-Q,duration
cash_flow,interest_paid,InterestPaid,65000000.0,USD,2012-01-01,2012-09-30,2012-11-05,10-Q,duration
cash_flow,interest_paid,InterestPaid,65000000.0,USD,2012-01-01,2012-09-30,2013-11-06,10-Q,duration
cash_flow,interest_paid,InterestPaid,110000000.0,USD,2012-01-01,2012-12-31,2013-02-22,10-K,duration
cash_flow,interest_paid,InterestPaid,110000000.0,USD,2012-01-01,2012-12-31,2014-02-19,10-K,duration
cash_flow,interest_paid,InterestPaid,110000000.0,USD,2012-01-01,2012-12-31,2014-09-16,8-K,duration
cash_flow,interest_paid,InterestPaid,110000000.0,USD,2012-01-01,2012-12-31,2015-02-18,10-K,duration
cash_flow,interest_paid,InterestPaid,110000000.0,USD,2012-01-01,2012-12-31,2015-08-10,8-K,duration
cash_flow,interest_paid,InterestPaid,10000000.0,USD,2013-01-01,2013-03-31,2013-05-01,10-Q,duration
cash_flow,interest_paid,InterestPaid,10000000.0,USD,2013-01-01,2013-03-31,2014-05-07,10-Q,duration
cash_flow,interest_paid,InterestPaid,72000000.0,USD,2013-01-01,2013-06-30,2013-07-31,10-Q,duration
cash_flow,interest_paid,InterestPaid,72000000.0,USD,2013-01-01,2013-06-30,2014-07-30,10-Q,duration
cash_flow,interest_paid,InterestPaid,82000000.0,USD,2013-01-01,2013-09-30,2013-11-06,10-Q,duration
cash_flow,interest_paid,InterestPaid,82000000.0,USD,2013-01-01,2013-09-30,2014-11-07,10-Q,duration
cash_flow,interest_paid,InterestPaid,146000000.0,USD,2013-01-01,2013-12-31,2014-02-19,10-K,duration
cash_flow,interest_paid,InterestPaid,146000000.0,USD,2013-01-01,2013-12-31,2014-09-16,8-K,duration
cash_flow,interest_paid,InterestPaid,146000000.0,USD,2013-01-01,2013-12-31,2015-02-18,10-K,duration
cash_flow,interest_paid,InterestPaid,146000000.0,USD,2013-01-01,2013-12-31,2015-08-10,8-K,duration
cash_flow,interest_paid,InterestPaid,146000000.0,USD,2013-01-01,2013-12-31,2016-02-18,10-K,duration
cash_flow,interest_paid,InterestPaid,10000000.0,USD,2014-01-01,2014-03-31,2014-05-07,10-Q,duration
cash_flow,interest_paid,InterestPaid,10000000.0,USD,2014-01-01,2014-03-31,2015-04-29,10-Q,duration
cash_flow,interest_paid,InterestPaid,73000000.0,USD,2014-01-01,2014-06-30,2014-07-30,10-Q,duration
cash_flow,interest_paid,InterestPaid,73000000.0,USD,2014-01-01,2014-06-30,2015-07-29,10-Q,duration
cash_flow,interest_paid,InterestPaid,83000000.0,USD,2014-01-01,2014-09-30,2014-11-07,10-Q,duration
cash_flow,interest_paid,InterestPaid,83000000.0,USD,2014-01-01,2014-09-30,2015-11-06,10-Q,duration
cash_flow,interest_paid,InterestPaid,143000000.0,USD,2014-01-01,2014-12-31,2015-02-18,10-K,duration
cash_flow,interest_paid,InterestPaid,143000000.0,USD,2014-01-01,2014-12-31,2015-08-10,8-K,duration
cash_flow,interest_paid,InterestPaid,143000000.0,USD,2014-01-01,2014-12-31,2016-02-18,10-K,duration
cash_flow,interest_paid,InterestPaid,143000000.0,USD,2014-01-01,2014-12-31,2017-02-17,10-K,duration
cash_flow,interest_paid,InterestPaid,143000000.0,USD,2014-01-01,2014-12-31,2017-12-14,8-K,duration
cash_flow,interest_paid,InterestPaid,9000000.0,USD,2015-01-01,2015-03-31,2015-04-29,10-Q,duration
cash_flow,interest_paid,InterestPaid,9000000.0,USD,2015-01-01,2015-03-31,2016-05-04,10-Q,duration
cash_flow,interest_paid,InterestPaid,95000000.0,USD,2015-01-01,2015-06-30,2015-07-29,10-Q,duration
cash_flow,interest_paid,InterestPaid,95000000.0,USD,2015-01-01,2015-06-30,2016-08-03,10-Q,duration
cash_flow,interest_paid,InterestPaid,105000000.0,USD,2015-01-01,2015-09-30,2015-11-06,10-Q,duration
cash_flow,interest_paid,InterestPaid,105000000.0,USD,2015-01-01,2015-09-30,2016-11-04,10-Q,duration
cash_flow,interest_paid,InterestPaid,187000000.0,USD,2015-01-01,2015-12-31,2016-02-18,10-K,duration
cash_flow,interest_paid,InterestPaid,187000000.0,USD,2015-01-01,2015-12-31,2017-02-17,10-K,duration
cash_flow,interest_paid,InterestPaid,187000000.0,USD,2015-01-01,2015-12-31,2017-12-14,8-K,duration
cash_flow,interest_paid,InterestPaid,187000000.0,USD,2015-01-01,2015-12-31,2018-02-16,10-K,duration
cash_flow,interest_paid,InterestPaid,10000000.0,USD,2016-01-01,2016-03-31,2016-05-04,10-Q,duration
cash_flow,interest_paid,InterestPaid,10000000.0,USD,2016-01-01,2016-03-31,2017-05-03,10-Q,duration
cash_flow,interest_paid,InterestPaid,92000000.0,USD,2016-01-01,2016-06-30,2016-08-03,10-Q,duration
cash_flow,interest_paid,InterestPaid,92000000.0,USD,2016-01-01,2016-06-30,2017-08-02,10-Q,duration
cash_flow,interest_paid,InterestPaid,102000000.0,USD,2016-01-01,2016-09-30,2016-11-04,10-Q,duration
cash_flow,interest_paid,InterestPaid,102000000.0,USD,2016-01-01,2016-09-30,2017-11-08,10-Q,duration
cash_flow,interest_paid,InterestPaid,185000000.0,USD,2016-01-01,2016-12-31,2017-02-17,10-K,duration
cash_flow,interest_paid,InterestPaid,185000000.0,USD,2016-01-01,2016-12-31,2017-12-14,8-K,duration
cash_flow,interest_paid,InterestPaid,185000000.0,USD,2016-01-01,2016-12-31,2018-02-16,10-K,duration
cash_flow,interest_paid,InterestPaidNet,185000000.0,USD,2016-01-01,2016-12-31,2019-02-21,10-K,duration
cash_flow,interest_paid,InterestPaid,10000000.0,USD,2017-01-01,2017-03-31,2017-05-03,10-Q,duration
cash_flow,interest_paid,InterestPaid,10000000.0,USD,2017-01-01,2017-03-31,2018-05-02,10-Q,duration
cash_flow,interest_paid,InterestPaid,92000000.0,USD,2017-01-01,2017-06-30,2017-08-02,10-Q,duration
cash_flow,interest_paid,InterestPaid,92000000.0,USD,2017-01-01,2017-06-30,2018-08-01,10-Q,duration
cash_flow,interest_paid,InterestPaid,124000000.0,USD,2017-01-01,2017-09-30,2017-11-08,10-Q,duration
cash_flow,interest_paid,InterestPaidNet,124000000.0,USD,2017-01-01,2017-09-30,2018-11-07,10-Q,duration
cash_flow,interest_paid,InterestPaid,216000000.0,USD,2017-01-01,2017-12-31,2018-02-16,10-K,duration
cash_flow,interest_paid,InterestPaidNet,216000000.0,USD,2017-01-01,2017-12-31,2019-02-21,10-K,duration
cash_flow,interest_paid,InterestPaidNet,216000000.0,USD,2017-01-01,2017-12-31,2020-02-20,10-K,duration
cash_flow,interest_paid,InterestPaid,22000000.0,USD,2018-01-01,2018-03-31,2018-05-02,10-Q,duration
cash_flow,interest_paid,InterestPaidNet,22000000.0,USD,2018-01-01,2018-03-31,2019-05-01,10-Q,duration
cash_flow,interest_paid,InterestPaid,98000000.0,USD,2018-01-01,2018-06-30,2018-08-01,10-Q,duration
cash_flow,interest_paid,InterestPaidNet,98000000.0,USD,2018-01-01,2018-06-30,2019-07-31,10-Q,duration
cash_flow,interest_paid,InterestPaidNet,120000000.0,USD,2018-01-01,2018-09-30,2018-11-07,10-Q,duration
cash_flow,interest_paid,InterestPaidNet,120000000.0,USD,2018-01-01,2018-09-30,2019-11-06,10-Q,duration
cash_flow,interest_paid,InterestPaidNet,195000000.0,USD,2018-01-01,2018-12-31,2019-02-21,10-K,duration
cash_flow,interest_paid,InterestPaidNet,195000000.0,USD,2018-01-01,2018-12-31,2020-02-20,10-K,duration
cash_flow,interest_paid,InterestPaidNet,195000000.0,USD,2018-01-01,2018-12-31,2021-02-18,10-K,duration
cash_flow,interest_paid,InterestPaidNet,29000000.0,USD,2019-01-01,2019-03-31,2019-05-01,10-Q,duration
cash_flow,interest_paid,InterestPaidNet,29000000.0,USD,2019-01-01,2019-03-31,2020-04-29,10-Q,duration
cash_flow,interest_paid,InterestPaidNet,110000000.0,USD,2019-01-01,2019-06-30,2019-07-31,10-Q,duration
cash_flow,interest_paid,InterestPaidNet,110000000.0,USD,2019-01-01,2019-06-30,2020-08-05,10-Q,duration
cash_flow,interest_paid,InterestPaidNet,136000000.0,USD,2019-01-01,2019-09-30,2019-11-06,10-Q,duration
cash_flow,interest_paid,InterestPaidNet,136000000.0,USD,2019-01-01,2019-09-30,2020-11-03,10-Q,duration
cash_flow,interest_paid,InterestPaidNet,212000000.0,USD,2019-01-01,2019-12-31,2020-02-20,10-K,duration
cash_flow,interest_paid,InterestPaidNet,212000000.0,USD,2019-01-01,2019-12-31,2021-02-18,10-K,duration
cash_flow,interest_paid,InterestPaidNet,212000000.0,USD,2019-01-01,2019-12-31,2022-02-17,10-K,duration
cash_flow,interest_paid,InterestPaidNet,40000000.0,USD,2020-01-01,2020-03-31,2020-04-29,10-Q,duration
cash_flow,interest_paid,InterestPaidNet,40000000.0,USD,2020-01-01,2020-03-31,2021-04-28,10-Q,duration
cash_flow,interest_paid,InterestPaidNet,115000000.0,USD,2020-01-01,2020-06-30,2020-08-05,10-Q,duration
cash_flow,interest_paid,InterestPaidNet,115000000.0,USD,2020-01-01,2020-06-30,2021-07-28,10-Q,duration
cash_flow,interest_paid,InterestPaidNet,159000000.0,USD,2020-01-01,2020-09-30,2020-11-03,10-Q,duration
cash_flow,interest_paid,InterestPaidNet,159000000.0,USD,2020-01-01,2020-09-30,2021-11-03,10-Q,duration
cash_flow,interest_paid,InterestPaidNet,258000000.0,USD,2020-01-01,2020-12-31,2021-02-18,10-K,duration
cash_flow,interest_paid,InterestPaidNet,258000000.0,USD,2020-01-01,2020-12-31,2022-02-17,10-K,duration
cash_flow,interest_paid,InterestPaidNet,258000000.0,USD,2020-01-01,2020-12-31,2023-02-16,10-K,duration
cash_flow,interest_paid,InterestPaidNet,40000000.0,USD,2021-01-01,2021-03-31,2021-04-28,10-Q,duration
cash_flow,interest_paid,InterestPaidNet,40000000.0,USD,2021-01-01,2021-03-31,2022-04-27,10-Q,duration
cash_flow,interest_paid,InterestPaidNet,132000000.0,USD,2021-01-01,2021-06-30,2021-07-28,10-Q,duration
cash_flow,interest_paid,InterestPaidNet,132000000.0,USD,2021-01-01,2021-06-30,2022-07-27,10-Q,duration
cash_flow,interest_paid,InterestPaidNet,183000000.0,USD,2021-01-01,2021-09-30,2021-11-03,10-Q,duration
cash_flow,interest_paid,InterestPaidNet,183000000.0,USD,2021-01-01,2021-09-30,2022-11-02,10-Q,duration
cash_flow,interest_paid,InterestPaidNet,285000000.0,USD,2021-01-01,2021-12-31,2022-02-17,10-K,duration
cash_flow,interest_paid,InterestPaidNet,285000000.0,USD,2021-01-01,2021-12-31,2023-02-16,10-K,duration
cash_flow,interest_paid,InterestPaidNet,285000000.0,USD,2021-01-01,2021-12-31,2024-02-15,10-K,duration
cash_flow,interest_paid,InterestPaidNet,67000000.0,USD,2022-01-01,2022-03-31,2022-04-27,10-Q,duration
cash_flow,interest_paid,InterestPaidNet,67000000.0,USD,2022-01-01,2022-03-31,2023-04-26,10-Q,duration
cash_flow,interest_paid,InterestPaidNet,171000000.0,USD,2022-01-01,2022-06-30,2022-07-27,10-Q,duration
cash_flow,interest_paid,InterestPaidNet,171000000.0,USD,2022-01-01,2022-06-30,2023-08-02,10-Q,duration
cash_flow,interest_paid,InterestPaidNet,256000000.0,USD,2022-01-01,2022-09-30,2022-11-02,10-Q,duration
cash_flow,interest_paid,InterestPaidNet,256000000.0,USD,2022-01-01,2022-09-30,2023-11-01,10-Q,duration
cash_flow,interest_paid,InterestPaidNet,354000000.0,USD,2022-01-01,2022-12-31,2023-02-16,10-K,duration
cash_flow,interest_paid,InterestPaidNet,354000000.0,USD,2022-01-01,2022-12-31,2024-02-15,10-K,duration
cash_flow,interest_paid,InterestPaidNet,354000000.0,USD,2022-01-01,2022-12-31,2025-02-20,10-K,duration
cash_flow,interest_paid,InterestPaidNet,97000000.0,USD,2023-01-01,2023-03-31,2023-04-26,10-Q,duration
cash_flow,interest_paid,InterestPaidNet,97000000.0,USD,2023-01-01,2023-03-31,2024-04-24,10-Q,duration
cash_flow,interest_paid,InterestPaidNet,175000000.0,USD,2023-01-01,2023-06-30,2023-08-02,10-Q,duration
cash_flow,interest_paid,InterestPaidNet,175000000.0,USD,2023-01-01,2023-06-30,2024-07-31,10-Q,duration
cash_flow,interest_paid,InterestPaidNet,317000000.0,USD,2023-01-01,2023-09-30,2023-11-01,10-Q,duration
cash_flow,interest_paid,InterestPaidNet,317000000.0,USD,2023-01-01,2023-09-30,2024-10-30,10-Q,duration
cash_flow,interest_paid,InterestPaidNet,394000000.0,USD,2023-01-01,2023-12-31,2024-02-15,10-K,duration
cash_flow,interest_paid,InterestPaidNet,394000000.0,USD,2023-01-01,2023-12-31,2025-02-20,10-K,duration
cash_flow,interest_paid,InterestPaidNet,394000000.0,USD,2023-01-01,2023-12-31,2026-02-19,10-K,duration
cash_flow,interest_paid,InterestPaidNet,158000000.0,USD,2024-01-01,2024-03-31,2024-04-24,10-Q,duration
cash_flow,interest_paid,InterestPaidNet,158000000.0,USD,2024-01-01,2024-03-31,2025-04-30,10-Q,duration
cash_flow,interest_paid,InterestPaidNet,250000000.0,USD,2024-01-01,2024-06-30,2024-07-31,10-Q,duration
cash_flow,interest_paid,InterestPaidNet,250000000.0,USD,2024-01-01,2024-06-30,2025-07-30,10-Q,duration
cash_flow,interest_paid,InterestPaidNet,416000000.0,USD,2024-01-01,2024-09-30,2024-10-30,10-Q,duration
cash_flow,interest_paid,InterestPaidNet,416000000.0,USD,2024-01-01,2024-09-30,2025-11-05,10-Q,duration
cash_flow,interest_paid,InterestPaidNet,584000000.0,USD,2024-01-01,2024-12-31,2025-02-20,10-K,duration
cash_flow,interest_paid,InterestPaidNet,584000000.0,USD,2024-01-01,2024-12-31,2026-02-19,10-K,duration
cash_flow,interest_paid,InterestPaidNet,143000000.0,USD,2025-01-01,2025-03-31,2025-04-30,10-Q,duration
cash_flow,interest_paid,InterestPaidNet,143000000.0,USD,2025-01-01,2025-03-31,2026-04-29,10-Q,duration
cash_flow,interest_paid,InterestPaidNet,293000000.0,USD,2025-01-01,2025-06-30,2025-07-30,10-Q,duration
cash_flow,interest_paid,InterestPaidNet,440000000.0,USD,2025-01-01,2025-09-30,2025-11-05,10-Q,duration
cash_flow,interest_paid,InterestPaidNet,628000000.0,USD,2025-01-01,2025-12-31,2026-02-19,10-K,duration
cash_flow,interest_paid,InterestPaidNet,142000000.0,USD,2026-01-01,2026-03-31,2026-04-29,10-Q,duration
cash_flow,investing_cash_flow,NetCashProvidedByUsedInInvestingActivities,-1845391000.0,USD,2007-01-01,2007-12-31,2010-02-19,10-K,duration
cash_flow,investing_cash_flow,NetCashProvidedByUsedInInvestingActivities,-441810000.0,USD,2008-01-01,2008-06-30,2009-08-03,10-Q,duration
cash_flow,investing_cash_flow,NetCashProvidedByUsedInInvestingActivities,-192312000.0,USD,2008-01-01,2008-09-30,2009-11-03,10-Q,duration
cash_flow,investing_cash_flow,NetCashProvidedByUsedInInvestingActivities,-498324000.0,USD,2008-01-01,2008-12-31,2010-02-19,10-K,duration
cash_flow,investing_cash_flow,NetCashProvidedByUsedInInvestingActivities,-498324000.0,USD,2008-01-01,2008-12-31,2011-02-18,10-K,duration
cash_flow,investing_cash_flow,NetCashProvidedByUsedInInvestingActivities,-498324000.0,USD,2008-01-01,2008-12-31,2011-10-20,8-K,duration
cash_flow,investing_cash_flow,NetCashProvidedByUsedInInvestingActivities,-256798000.0,USD,2009-01-01,2009-03-31,2010-04-27,10-Q,duration
cash_flow,investing_cash_flow,NetCashProvidedByUsedInInvestingActivities,-445077000.0,USD,2009-01-01,2009-06-30,2009-08-03,10-Q,duration
cash_flow,investing_cash_flow,NetCashProvidedByUsedInInvestingActivities,-445077000.0,USD,2009-01-01,2009-06-30,2010-08-02,10-Q,duration
cash_flow,investing_cash_flow,NetCashProvidedByUsedInInvestingActivities,-1470198000.0,USD,2009-01-01,2009-09-30,2009-11-03,10-Q,duration
cash_flow,investing_cash_flow,NetCashProvidedByUsedInInvestingActivities,-1470198000.0,USD,2009-01-01,2009-09-30,2010-11-01,10-Q,duration
cash_flow,investing_cash_flow,NetCashProvidedByUsedInInvestingActivities,-1859261000.0,USD,2009-01-01,2009-12-31,2010-02-19,10-K,duration
cash_flow,investing_cash_flow,NetCashProvidedByUsedInInvestingActivities,-1859261000.0,USD,2009-01-01,2009-12-31,2011-02-18,10-K,duration
cash_flow,investing_cash_flow,NetCashProvidedByUsedInInvestingActivities,-1859261000.0,USD,2009-01-01,2009-12-31,2011-10-20,8-K,duration
cash_flow,investing_cash_flow,NetCashProvidedByUsedInInvestingActivities,-1859000000.0,USD,2009-01-01,2009-12-31,2012-02-24,10-K,duration
cash_flow,investing_cash_flow,NetCashProvidedByUsedInInvestingActivities,-527217000.0,USD,2010-01-01,2010-03-31,2010-04-27,10-Q,duration
cash_flow,investing_cash_flow,NetCashProvidedByUsedInInvestingActivities,-527217000.0,USD,2010-01-01,2010-03-31,2011-05-03,10-Q,duration
cash_flow,investing_cash_flow,NetCashProvidedByUsedInInvestingActivities,-672141000.0,USD,2010-01-01,2010-06-30,2010-08-02,10-Q,duration
cash_flow,investing_cash_flow,NetCashProvidedByUsedInInvestingActivities,-672141000.0,USD,2010-01-01,2010-06-30,2011-08-01,10-Q,duration
cash_flow,investing_cash_flow,NetCashProvidedByUsedInInvestingActivities,-865070000.0,USD,2010-01-01,2010-09-30,2010-11-01,10-Q,duration
cash_flow,investing_cash_flow,NetCashProvidedByUsedInInvestingActivities,-865070000.0,USD,2010-01-01,2010-09-30,2011-10-31,10-Q,duration
cash_flow,investing_cash_flow,NetCashProvidedByUsedInInvestingActivities,-1810989000.0,USD,2010-01-01,2010-12-31,2011-02-18,10-K,duration
cash_flow,investing_cash_flow,NetCashProvidedByUsedInInvestingActivities,-1810989000.0,USD,2010-01-01,2010-12-31,2011-10-20,8-K,duration
cash_flow,investing_cash_flow,NetCashProvidedByUsedInInvestingActivities,-1811000000.0,USD,2010-01-01,2010-12-31,2012-02-24,10-K,duration
cash_flow,investing_cash_flow,NetCashProvidedByUsedInInvestingActivities,-1811000000.0,USD,2010-01-01,2010-12-31,2013-02-22,10-K,duration
cash_flow,investing_cash_flow,NetCashProvidedByUsedInInvestingActivities,-690727000.0,USD,2011-01-01,2011-03-31,2011-05-03,10-Q,duration
cash_flow,investing_cash_flow,NetCashProvidedByUsedInInvestingActivities,-691000000.0,USD,2011-01-01,2011-03-31,2012-04-30,10-Q,duration
cash_flow,investing_cash_flow,NetCashProvidedByUsedInInvestingActivities,-858849000.0,USD,2011-01-01,2011-06-30,2011-08-01,10-Q,duration
cash_flow,investing_cash_flow,NetCashProvidedByUsedInInvestingActivities,-859000000.0,USD,2011-01-01,2011-06-30,2012-08-01,10-Q,duration
cash_flow,investing_cash_flow,NetCashProvidedByUsedInInvestingActivities,-1143197000.0,USD,2011-01-01,2011-09-30,2011-10-31,10-Q,duration
cash_flow,investing_cash_flow,NetCashProvidedByUsedInInvestingActivities,-1143000000.0,USD,2011-01-01,2011-09-30,2012-11-05,10-Q,duration
cash_flow,investing_cash_flow,NetCashProvidedByUsedInInvestingActivities,-1358000000.0,USD,2011-01-01,2011-12-31,2012-02-24,10-K,duration
cash_flow,investing_cash_flow,NetCashProvidedByUsedInInvestingActivities,-1358000000.0,USD,2011-01-01,2011-12-31,2013-02-22,10-K,duration
cash_flow,investing_cash_flow,NetCashProvidedByUsedInInvestingActivities,-1358000000.0,USD,2011-01-01,2011-12-31,2014-02-19,10-K,duration
cash_flow,investing_cash_flow,NetCashProvidedByUsedInInvestingActivitiesContinuingOperations,-1358000000.0,USD,2011-01-01,2011-12-31,2014-09-16,8-K,duration
cash_flow,investing_cash_flow,NetCashProvidedByUsedInInvestingActivities,-190000000.0,USD,2012-01-01,2012-03-31,2012-04-30,10-Q,duration
cash_flow,investing_cash_flow,NetCashProvidedByUsedInInvestingActivities,-190000000.0,USD,2012-01-01,2012-03-31,2013-05-01,10-Q,duration
cash_flow,investing_cash_flow,NetCashProvidedByUsedInInvestingActivities,-339000000.0,USD,2012-01-01,2012-06-30,2012-08-01,10-Q,duration
cash_flow,investing_cash_flow,NetCashProvidedByUsedInInvestingActivities,-339000000.0,USD,2012-01-01,2012-06-30,2013-07-31,10-Q,duration
cash_flow,investing_cash_flow,NetCashProvidedByUsedInInvestingActivities,-753000000.0,USD,2012-01-01,2012-09-30,2012-11-05,10-Q,duration
cash_flow,investing_cash_flow,NetCashProvidedByUsedInInvestingActivities,-753000000.0,USD,2012-01-01,2012-09-30,2013-11-06,10-Q,duration
cash_flow,investing_cash_flow,NetCashProvidedByUsedInInvestingActivities,-1965000000.0,USD,2012-01-01,2012-12-31,2013-02-22,10-K,duration
cash_flow,investing_cash_flow,NetCashProvidedByUsedInInvestingActivities,-1965000000.0,USD,2012-01-01,2012-12-31,2014-02-19,10-K,duration
cash_flow,investing_cash_flow,NetCashProvidedByUsedInInvestingActivitiesContinuingOperations,-1965000000.0,USD,2012-01-01,2012-12-31,2014-09-16,8-K,duration
cash_flow,investing_cash_flow,NetCashProvidedByUsedInInvestingActivities,-1965000000.0,USD,2012-01-01,2012-12-31,2015-02-18,10-K,duration
cash_flow,investing_cash_flow,NetCashProvidedByUsedInInvestingActivities,-1965000000.0,USD,2012-01-01,2012-12-31,2015-08-10,8-K,duration
cash_flow,investing_cash_flow,NetCashProvidedByUsedInInvestingActivities,-392000000.0,USD,2013-01-01,2013-03-31,2013-05-01,10-Q,duration
cash_flow,investing_cash_flow,NetCashProvidedByUsedInInvestingActivities,-392000000.0,USD,2013-01-01,2013-03-31,2014-05-07,10-Q,duration
cash_flow,investing_cash_flow,NetCashProvidedByUsedInInvestingActivities,-148000000.0,USD,2013-01-01,2013-06-30,2013-07-31,10-Q,duration
cash_flow,investing_cash_flow,NetCashProvidedByUsedInInvestingActivitiesContinuingOperations,-148000000.0,USD,2013-01-01,2013-06-30,2014-07-30,10-Q,duration
cash_flow,investing_cash_flow,NetCashProvidedByUsedInInvestingActivities,-1143000000.0,USD,2013-01-01,2013-09-30,2013-11-06,10-Q,duration
cash_flow,investing_cash_flow,NetCashProvidedByUsedInInvestingActivities,-1143000000.0,USD,2013-01-01,2013-09-30,2014-11-07,10-Q,duration
cash_flow,investing_cash_flow,NetCashProvidedByUsedInInvestingActivities,-1182000000.0,USD,2013-01-01,2013-12-31,2014-02-19,10-K,duration
cash_flow,investing_cash_flow,NetCashProvidedByUsedInInvestingActivitiesContinuingOperations,-1182000000.0,USD,2013-01-01,2013-12-31,2014-09-16,8-K,duration
cash_flow,investing_cash_flow,NetCashProvidedByUsedInInvestingActivities,-1182000000.0,USD,2013-01-01,2013-12-31,2015-02-18,10-K,duration
cash_flow,investing_cash_flow,NetCashProvidedByUsedInInvestingActivities,-1182000000.0,USD,2013-01-01,2013-12-31,2015-08-10,8-K,duration
cash_flow,investing_cash_flow,NetCashProvidedByUsedInInvestingActivities,-1182000000.0,USD,2013-01-01,2013-12-31,2016-02-18,10-K,duration
cash_flow,investing_cash_flow,NetCashProvidedByUsedInInvestingActivities,-171000000.0,USD,2014-01-01,2014-03-31,2014-05-07,10-Q,duration
cash_flow,investing_cash_flow,NetCashProvidedByUsedInInvestingActivities,-171000000.0,USD,2014-01-01,2014-03-31,2015-04-29,10-Q,duration
cash_flow,investing_cash_flow,NetCashProvidedByUsedInInvestingActivitiesContinuingOperations,404000000.0,USD,2014-01-01,2014-06-30,2014-07-30,10-Q,duration
cash_flow,investing_cash_flow,NetCashProvidedByUsedInInvestingActivities,404000000.0,USD,2014-01-01,2014-06-30,2015-07-29,10-Q,duration
cash_flow,investing_cash_flow,NetCashProvidedByUsedInInvestingActivities,-368000000.0,USD,2014-01-01,2014-09-30,2014-11-07,10-Q,duration
cash_flow,investing_cash_flow,NetCashProvidedByUsedInInvestingActivities,-368000000.0,USD,2014-01-01,2014-09-30,2015-11-06,10-Q,duration
cash_flow,investing_cash_flow,NetCashProvidedByUsedInInvestingActivities,-63000000.0,USD,2014-01-01,2014-12-31,2015-02-18,10-K,duration
cash_flow,investing_cash_flow,NetCashProvidedByUsedInInvestingActivities,-63000000.0,USD,2014-01-01,2014-12-31,2015-08-10,8-K,duration
cash_flow,investing_cash_flow,NetCashProvidedByUsedInInvestingActivities,-63000000.0,USD,2014-01-01,2014-12-31,2016-02-18,10-K,duration
cash_flow,investing_cash_flow,NetCashProvidedByUsedInInvestingActivities,-63000000.0,USD,2014-01-01,2014-12-31,2017-02-17,10-K,duration
cash_flow,investing_cash_flow,NetCashProvidedByUsedInInvestingActivities,-63000000.0,USD,2014-01-01,2014-12-31,2017-12-14,8-K,duration
cash_flow,investing_cash_flow,NetCashProvidedByUsedInInvestingActivities,-94000000.0,USD,2015-01-01,2015-03-31,2015-04-29,10-Q,duration
cash_flow,investing_cash_flow,NetCashProvidedByUsedInInvestingActivities,-94000000.0,USD,2015-01-01,2015-03-31,2016-05-04,10-Q,duration
cash_flow,investing_cash_flow,NetCashProvidedByUsedInInvestingActivities,1222000000.0,USD,2015-01-01,2015-06-30,2015-07-29,10-Q,duration
cash_flow,investing_cash_flow,NetCashProvidedByUsedInInvestingActivities,1222000000.0,USD,2015-01-01,2015-06-30,2016-08-03,10-Q,duration
cash_flow,investing_cash_flow,NetCashProvidedByUsedInInvestingActivities,617000000.0,USD,2015-01-01,2015-09-30,2015-11-06,10-Q,duration
cash_flow,investing_cash_flow,NetCashProvidedByUsedInInvestingActivities,617000000.0,USD,2015-01-01,2015-09-30,2016-11-04,10-Q,duration
cash_flow,investing_cash_flow,NetCashProvidedByUsedInInvestingActivities,320000000.0,USD,2015-01-01,2015-12-31,2016-02-18,10-K,duration
cash_flow,investing_cash_flow,NetCashProvidedByUsedInInvestingActivities,320000000.0,USD,2015-01-01,2015-12-31,2017-02-17,10-K,duration
cash_flow,investing_cash_flow,NetCashProvidedByUsedInInvestingActivities,320000000.0,USD,2015-01-01,2015-12-31,2017-12-14,8-K,duration
cash_flow,investing_cash_flow,NetCashProvidedByUsedInInvestingActivities,320000000.0,USD,2015-01-01,2015-12-31,2018-02-16,10-K,duration
cash_flow,investing_cash_flow,NetCashProvidedByUsedInInvestingActivities,-428000000.0,USD,2016-01-01,2016-03-31,2016-05-04,10-Q,duration
cash_flow,investing_cash_flow,NetCashProvidedByUsedInInvestingActivities,-428000000.0,USD,2016-01-01,2016-03-31,2017-05-03,10-Q,duration
cash_flow,investing_cash_flow,NetCashProvidedByUsedInInvestingActivities,-297000000.0,USD,2016-01-01,2016-06-30,2016-08-03,10-Q,duration
cash_flow,investing_cash_flow,NetCashProvidedByUsedInInvestingActivities,-297000000.0,USD,2016-01-01,2016-06-30,2017-08-02,10-Q,duration
cash_flow,investing_cash_flow,NetCashProvidedByUsedInInvestingActivities,-534000000.0,USD,2016-01-01,2016-09-30,2016-11-04,10-Q,duration
cash_flow,investing_cash_flow,NetCashProvidedByUsedInInvestingActivities,-534000000.0,USD,2016-01-01,2016-09-30,2017-11-08,10-Q,duration
cash_flow,investing_cash_flow,NetCashProvidedByUsedInInvestingActivities,-1362000000.0,USD,2016-01-01,2016-12-31,2017-02-17,10-K,duration
cash_flow,investing_cash_flow,NetCashProvidedByUsedInInvestingActivities,-1362000000.0,USD,2016-01-01,2016-12-31,2017-12-14,8-K,duration
cash_flow,investing_cash_flow,NetCashProvidedByUsedInInvestingActivities,-1362000000.0,USD,2016-01-01,2016-12-31,2018-02-16,10-K,duration
cash_flow,investing_cash_flow,NetCashProvidedByUsedInInvestingActivities,-1362000000.0,USD,2016-01-01,2016-12-31,2019-02-21,10-K,duration
cash_flow,investing_cash_flow,NetCashProvidedByUsedInInvestingActivities,-926000000.0,USD,2017-01-01,2017-03-31,2017-05-03,10-Q,duration
cash_flow,investing_cash_flow,NetCashProvidedByUsedInInvestingActivities,-926000000.0,USD,2017-01-01,2017-03-31,2018-05-02,10-Q,duration
cash_flow,investing_cash_flow,NetCashProvidedByUsedInInvestingActivities,-1078000000.0,USD,2017-01-01,2017-06-30,2017-08-02,10-Q,duration
cash_flow,investing_cash_flow,NetCashProvidedByUsedInInvestingActivities,-1078000000.0,USD,2017-01-01,2017-06-30,2018-08-01,10-Q,duration
cash_flow,investing_cash_flow,NetCashProvidedByUsedInInvestingActivities,-1776000000.0,USD,2017-01-01,2017-09-30,2017-11-08,10-Q,duration
cash_flow,investing_cash_flow,NetCashProvidedByUsedInInvestingActivities,-1776000000.0,USD,2017-01-01,2017-09-30,2018-11-07,10-Q,duration
cash_flow,investing_cash_flow,NetCashProvidedByUsedInInvestingActivities,-2941000000.0,USD,2017-01-01,2017-12-31,2018-02-16,10-K,duration
cash_flow,investing_cash_flow,NetCashProvidedByUsedInInvestingActivities,-2941000000.0,USD,2017-01-01,2017-12-31,2019-02-21,10-K,duration
cash_flow,investing_cash_flow,NetCashProvidedByUsedInInvestingActivities,-2941000000.0,USD,2017-01-01,2017-12-31,2020-02-20,10-K,duration
cash_flow,investing_cash_flow,NetCashProvidedByUsedInInvestingActivities,-405000000.0,USD,2018-01-01,2018-03-31,2018-05-02,10-Q,duration
cash_flow,investing_cash_flow,NetCashProvidedByUsedInInvestingActivities,-405000000.0,USD,2018-01-01,2018-03-31,2019-05-01,10-Q,duration
cash_flow,investing_cash_flow,NetCashProvidedByUsedInInvestingActivities,-287000000.0,USD,2018-01-01,2018-06-30,2018-08-01,10-Q,duration
cash_flow,investing_cash_flow,NetCashProvidedByUsedInInvestingActivities,-287000000.0,USD,2018-01-01,2018-06-30,2019-07-31,10-Q,duration
cash_flow,investing_cash_flow,NetCashProvidedByUsedInInvestingActivities,-2640000000.0,USD,2018-01-01,2018-09-30,2018-11-07,10-Q,duration
cash_flow,investing_cash_flow,NetCashProvidedByUsedInInvestingActivities,-2640000000.0,USD,2018-01-01,2018-09-30,2019-11-06,10-Q,duration
cash_flow,investing_cash_flow,NetCashProvidedByUsedInInvestingActivities,-3087000000.0,USD,2018-01-01,2018-12-31,2019-02-21,10-K,duration
cash_flow,investing_cash_flow,NetCashProvidedByUsedInInvestingActivities,-3087000000.0,USD,2018-01-01,2018-12-31,2020-02-20,10-K,duration
cash_flow,investing_cash_flow,NetCashProvidedByUsedInInvestingActivities,-3087000000.0,USD,2018-01-01,2018-12-31,2021-02-18,10-K,duration
cash_flow,investing_cash_flow,NetCashProvidedByUsedInInvestingActivities,145000000.0,USD,2019-01-01,2019-03-31,2019-05-01,10-Q,duration
cash_flow,investing_cash_flow,NetCashProvidedByUsedInInvestingActivities,145000000.0,USD,2019-01-01,2019-03-31,2020-04-29,10-Q,duration
cash_flow,investing_cash_flow,NetCashProvidedByUsedInInvestingActivities,89000000.0,USD,2019-01-01,2019-06-30,2019-07-31,10-Q,duration
cash_flow,investing_cash_flow,NetCashProvidedByUsedInInvestingActivities,89000000.0,USD,2019-01-01,2019-06-30,2020-08-05,10-Q,duration
cash_flow,investing_cash_flow,NetCashProvidedByUsedInInvestingActivities,-477000000.0,USD,2019-01-01,2019-09-30,2019-11-06,10-Q,duration
cash_flow,investing_cash_flow,NetCashProvidedByUsedInInvestingActivities,-477000000.0,USD,2019-01-01,2019-09-30,2020-11-03,10-Q,duration
cash_flow,investing_cash_flow,NetCashProvidedByUsedInInvestingActivities,-1278000000.0,USD,2019-01-01,2019-12-31,2020-02-20,10-K,duration
cash_flow,investing_cash_flow,NetCashProvidedByUsedInInvestingActivities,-1278000000.0,USD,2019-01-01,2019-12-31,2021-02-18,10-K,duration
cash_flow,investing_cash_flow,NetCashProvidedByUsedInInvestingActivities,-1278000000.0,USD,2019-01-01,2019-12-31,2022-02-17,10-K,duration
cash_flow,investing_cash_flow,NetCashProvidedByUsedInInvestingActivities,-1210000000.0,USD,2020-01-01,2020-03-31,2020-04-29,10-Q,duration
cash_flow,investing_cash_flow,NetCashProvidedByUsedInInvestingActivities,-1210000000.0,USD,2020-01-01,2020-03-31,2021-04-28,10-Q,duration
cash_flow,investing_cash_flow,NetCashProvidedByUsedInInvestingActivities,-2862000000.0,USD,2020-01-01,2020-06-30,2020-08-05,10-Q,duration
cash_flow,investing_cash_flow,NetCashProvidedByUsedInInvestingActivities,-2862000000.0,USD,2020-01-01,2020-06-30,2021-07-28,10-Q,duration
cash_flow,investing_cash_flow,NetCashProvidedByUsedInInvestingActivities,-3010000000.0,USD,2020-01-01,2020-09-30,2020-11-03,10-Q,duration
cash_flow,investing_cash_flow,NetCashProvidedByUsedInInvestingActivities,-3010000000.0,USD,2020-01-01,2020-09-30,2021-11-03,10-Q,duration
cash_flow,investing_cash_flow,NetCashProvidedByUsedInInvestingActivities,-3065000000.0,USD,2020-01-01,2020-12-31,2021-02-18,10-K,duration
cash_flow,investing_cash_flow,NetCashProvidedByUsedInInvestingActivities,-3065000000.0,USD,2020-01-01,2020-12-31,2022-02-17,10-K,duration
cash_flow,investing_cash_flow,NetCashProvidedByUsedInInvestingActivities,-3065000000.0,USD,2020-01-01,2020-12-31,2023-02-16,10-K,duration
cash_flow,investing_cash_flow,NetCashProvidedByUsedInInvestingActivities,-1488000000.0,USD,2021-01-01,2021-03-31,2021-04-28,10-Q,duration
cash_flow,investing_cash_flow,NetCashProvidedByUsedInInvestingActivities,-1488000000.0,USD,2021-01-01,2021-03-31,2022-04-27,10-Q,duration
cash_flow,investing_cash_flow,NetCashProvidedByUsedInInvestingActivities,-2203000000.0,USD,2021-01-01,2021-06-30,2021-07-28,10-Q,duration
cash_flow,investing_cash_flow,NetCashProvidedByUsedInInvestingActivities,-2203000000.0,USD,2021-01-01,2021-06-30,2022-07-27,10-Q,duration
cash_flow,investing_cash_flow,NetCashProvidedByUsedInInvestingActivities,-6454000000.0,USD,2021-01-01,2021-09-30,2021-11-03,10-Q,duration
cash_flow,investing_cash_flow,NetCashProvidedByUsedInInvestingActivities,-6454000000.0,USD,2021-01-01,2021-09-30,2022-11-02,10-Q,duration
cash_flow,investing_cash_flow,NetCashProvidedByUsedInInvestingActivities,-6556000000.0,USD,2021-01-01,2021-12-31,2022-02-17,10-K,duration
cash_flow,investing_cash_flow,NetCashProvidedByUsedInInvestingActivities,-6556000000.0,USD,2021-01-01,2021-12-31,2023-02-16,10-K,duration
cash_flow,investing_cash_flow,NetCashProvidedByUsedInInvestingActivities,-6556000000.0,USD,2021-01-01,2021-12-31,2024-02-15,10-K,duration
cash_flow,investing_cash_flow,NetCashProvidedByUsedInInvestingActivities,-648000000.0,USD,2022-01-01,2022-03-31,2022-04-27,10-Q,duration
cash_flow,investing_cash_flow,NetCashProvidedByUsedInInvestingActivities,-648000000.0,USD,2022-01-01,2022-03-31,2023-04-26,10-Q,duration
cash_flow,investing_cash_flow,NetCashProvidedByUsedInInvestingActivities,-1670000000.0,USD,2022-01-01,2022-06-30,2022-07-27,10-Q,duration
cash_flow,investing_cash_flow,NetCashProvidedByUsedInInvestingActivities,-1670000000.0,USD,2022-01-01,2022-06-30,2023-08-02,10-Q,duration
cash_flow,investing_cash_flow,NetCashProvidedByUsedInInvestingActivities,6000000.0,USD,2022-01-01,2022-09-30,2022-11-02,10-Q,duration
cash_flow,investing_cash_flow,NetCashProvidedByUsedInInvestingActivities,6000000.0,USD,2022-01-01,2022-09-30,2023-11-01,10-Q,duration
cash_flow,investing_cash_flow,NetCashProvidedByUsedInInvestingActivities,-1006000000.0,USD,2022-01-01,2022-12-31,2023-02-16,10-K,duration
cash_flow,investing_cash_flow,NetCashProvidedByUsedInInvestingActivities,-1006000000.0,USD,2022-01-01,2022-12-31,2024-02-15,10-K,duration
cash_flow,investing_cash_flow,NetCashProvidedByUsedInInvestingActivities,-1006000000.0,USD,2022-01-01,2022-12-31,2025-02-20,10-K,duration
cash_flow,investing_cash_flow,NetCashProvidedByUsedInInvestingActivities,-1292000000.0,USD,2023-01-01,2023-03-31,2023-04-26,10-Q,duration
cash_flow,investing_cash_flow,NetCashProvidedByUsedInInvestingActivities,-1292000000.0,USD,2023-01-01,2023-03-31,2024-04-24,10-Q,duration
cash_flow,investing_cash_flow,NetCashProvidedByUsedInInvestingActivities,-2025000000.0,USD,2023-01-01,2023-06-30,2023-08-02,10-Q,duration
cash_flow,investing_cash_flow,NetCashProvidedByUsedInInvestingActivities,-2025000000.0,USD,2023-01-01,2023-06-30,2024-07-31,10-Q,duration
cash_flow,investing_cash_flow,NetCashProvidedByUsedInInvestingActivities,-2610000000.0,USD,2023-01-01,2023-09-30,2023-11-01,10-Q,duration
cash_flow,investing_cash_flow,NetCashProvidedByUsedInInvestingActivities,-2610000000.0,USD,2023-01-01,2023-09-30,2024-10-30,10-Q,duration
cash_flow,investing_cash_flow,NetCashProvidedByUsedInInvestingActivities,-3492000000.0,USD,2023-01-01,2023-12-31,2024-02-15,10-K,duration
cash_flow,investing_cash_flow,NetCashProvidedByUsedInInvestingActivities,-3492000000.0,USD,2023-01-01,2023-12-31,2025-02-20,10-K,duration
cash_flow,investing_cash_flow,NetCashProvidedByUsedInInvestingActivities,-3492000000.0,USD,2023-01-01,2023-12-31,2026-02-19,10-K,duration
cash_flow,investing_cash_flow,NetCashProvidedByUsedInInvestingActivities,-414000000.0,USD,2024-01-01,2024-03-31,2024-04-24,10-Q,duration
cash_flow,investing_cash_flow,NetCashProvidedByUsedInInvestingActivities,-414000000.0,USD,2024-01-01,2024-03-31,2025-04-30,10-Q,duration
cash_flow,investing_cash_flow,NetCashProvidedByUsedInInvestingActivities,-1416000000.0,USD,2024-01-01,2024-06-30,2024-07-31,10-Q,duration
cash_flow,investing_cash_flow,NetCashProvidedByUsedInInvestingActivities,-1416000000.0,USD,2024-01-01,2024-06-30,2025-07-30,10-Q,duration
cash_flow,investing_cash_flow,NetCashProvidedByUsedInInvestingActivities,-2889000000.0,USD,2024-01-01,2024-09-30,2024-10-30,10-Q,duration
cash_flow,investing_cash_flow,NetCashProvidedByUsedInInvestingActivities,-2889000000.0,USD,2024-01-01,2024-09-30,2025-11-05,10-Q,duration
cash_flow,investing_cash_flow,NetCashProvidedByUsedInInvestingActivities,-2952000000.0,USD,2024-01-01,2024-12-31,2025-02-20,10-K,duration
cash_flow,investing_cash_flow,NetCashProvidedByUsedInInvestingActivities,-2952000000.0,USD,2024-01-01,2024-12-31,2026-02-19,10-K,duration
cash_flow,investing_cash_flow,NetCashProvidedByUsedInInvestingActivities,314000000.0,USD,2025-01-01,2025-03-31,2025-04-30,10-Q,duration
cash_flow,investing_cash_flow,NetCashProvidedByUsedInInvestingActivities,314000000.0,USD,2025-01-01,2025-03-31,2026-04-29,10-Q,duration
cash_flow,investing_cash_flow,NetCashProvidedByUsedInInvestingActivities,661000000.0,USD,2025-01-01,2025-06-30,2025-07-30,10-Q,duration
cash_flow,investing_cash_flow,NetCashProvidedByUsedInInvestingActivities,1641000000.0,USD,2025-01-01,2025-09-30,2025-11-05,10-Q,duration
cash_flow,investing_cash_flow,NetCashProvidedByUsedInInvestingActivities,2273000000.0,USD,2025-01-01,2025-12-31,2026-02-19,10-K,duration
cash_flow,investing_cash_flow,NetCashProvidedByUsedInInvestingActivities,-2553000000.0,USD,2026-01-01,2026-03-31,2026-04-29,10-Q,duration
cash_flow,investment_activity,PaymentsForProceedsFromHedgeFinancingActivities,0.0,USD,2007-01-01,2007-12-31,2010-02-19,10-K,duration
cash_flow,investment_activity,PaymentsForProceedsFromHedgeFinancingActivities,-93008000.0,USD,2008-01-01,2008-12-31,2010-02-19,10-K,duration
cash_flow,investment_activity,MarketableSecuritiesRealizedGainLossOtherThanTemporaryImpairmentsAmount,103100000.0,USD,2008-01-01,2008-12-31,2011-02-18,10-K,duration
cash_flow,investment_activity,PaymentsForProceedsFromHedgeFinancingActivities,-93008000.0,USD,2008-01-01,2008-12-31,2011-02-18,10-K,duration
cash_flow,investment_activity,MarketableSecuritiesRealizedGainLossOtherThanTemporaryImpairmentsAmount,103100000.0,USD,2008-01-01,2008-12-31,2011-10-20,8-K,duration
cash_flow,investment_activity,PaymentsForProceedsFromHedgeFinancingActivities,-93008000.0,USD,2008-01-01,2008-12-31,2011-10-20,8-K,duration
cash_flow,investment_activity,PaymentsForProceedsFromHedgeFinancingActivities,0.0,USD,2009-01-01,2009-12-31,2010-02-19,10-K,duration
cash_flow,investment_activity,MarketableSecuritiesRealizedGainLossOtherThanTemporaryImpairmentsAmount,0.0,USD,2009-01-01,2009-12-31,2011-02-18,10-K,duration
cash_flow,investment_activity,PaymentsForProceedsFromHedgeFinancingActivities,0.0,USD,2009-01-01,2009-12-31,2011-02-18,10-K,duration
cash_flow,investment_activity,MarketableSecuritiesRealizedGainLossOtherThanTemporaryImpairmentsAmount,0.0,USD,2009-01-01,2009-12-31,2011-10-20,8-K,duration
cash_flow,investment_activity,PaymentsForProceedsFromHedgeFinancingActivities,0.0,USD,2009-01-01,2009-12-31,2011-10-20,8-K,duration
cash_flow,investment_activity,MarketableSecuritiesRealizedGainLossOtherThanTemporaryImpairmentsAmount,0.0,USD,2009-01-01,2009-12-31,2012-02-24,10-K,duration
cash_flow,investment_activity,MarketableSecuritiesRealizedGainLossOtherThanTemporaryImpairmentsAmount,0.0,USD,2010-01-01,2010-06-30,2011-08-01,10-Q,duration
cash_flow,investment_activity,MarketableSecuritiesRealizedGainLossOtherThanTemporaryImpairmentsAmount,0.0,USD,2010-04-01,2010-06-30,2011-08-01,10-Q,duration
cash_flow,investment_activity,MarketableSecuritiesRealizedGainLossOtherThanTemporaryImpairmentsAmount,0.0,USD,2010-01-01,2010-09-30,2011-10-31,10-Q,duration
cash_flow,investment_activity,MarketableSecuritiesRealizedGainLossOtherThanTemporaryImpairmentsAmount,0.0,USD,2010-07-01,2010-09-30,2011-10-31,10-Q,duration
cash_flow,investment_activity,MarketableSecuritiesRealizedGainLossOtherThanTemporaryImpairmentsAmount,0.0,USD,2010-01-01,2010-12-31,2011-02-18,10-K,duration
cash_flow,investment_activity,PaymentsForProceedsFromHedgeFinancingActivities,0.0,USD,2010-01-01,2010-12-31,2011-02-18,10-K,duration
cash_flow,investment_activity,MarketableSecuritiesRealizedGainLossOtherThanTemporaryImpairmentsAmount,0.0,USD,2010-01-01,2010-12-31,2011-05-03,10-Q,duration
cash_flow,investment_activity,MarketableSecuritiesRealizedGainLossOtherThanTemporaryImpairmentsAmount,0.0,USD,2010-01-01,2010-12-31,2011-10-20,8-K,duration
cash_flow,investment_activity,PaymentsForProceedsFromHedgeFinancingActivities,0.0,USD,2010-01-01,2010-12-31,2011-10-20,8-K,duration
cash_flow,investment_activity,MarketableSecuritiesRealizedGainLossOtherThanTemporaryImpairmentsAmount,0.0,USD,2010-01-01,2010-12-31,2012-02-24,10-K,duration
cash_flow,investment_activity,MarketableSecuritiesRealizedGainLossOtherThanTemporaryImpairmentsAmount,0.0,USD,2011-01-01,2011-03-31,2011-05-03,10-Q,duration
cash_flow,investment_activity,MarketableSecuritiesRealizedGainLossOtherThanTemporaryImpairmentsAmount,0.0,USD,2011-01-01,2011-06-30,2011-08-01,10-Q,duration
cash_flow,investment_activity,MarketableSecuritiesRealizedGainLossOtherThanTemporaryImpairmentsAmount,0.0,USD,2011-04-01,2011-06-30,2011-08-01,10-Q,duration
cash_flow,investment_activity,MarketableSecuritiesRealizedGainLossOtherThanTemporaryImpairmentsAmount,0.0,USD,2011-01-01,2011-09-30,2011-10-31,10-Q,duration
cash_flow,investment_activity,MarketableSecuritiesRealizedGainLossOtherThanTemporaryImpairmentsAmount,0.0,USD,2011-07-01,2011-09-30,2011-10-31,10-Q,duration
cash_flow,investment_activity,MarketableSecuritiesRealizedGainLossOtherThanTemporaryImpairmentsAmount,0.0,USD,2011-01-01,2011-12-31,2012-02-24,10-K,duration
cash_flow,investment_activity,PaymentsForProceedsFromOtherInvestingActivities,0.0,USD,2022-01-01,2022-12-31,2025-02-20,10-K,duration
cash_flow,investment_activity,PaymentsForProceedsFromOtherInvestingActivities,0.0,USD,2023-01-01,2023-12-31,2025-02-20,10-K,duration
cash_flow,investment_activity,PaymentsForProceedsFromOtherInvestingActivities,0.0,USD,2023-01-01,2023-12-31,2026-02-19,10-K,duration
cash_flow,investment_activity,PaymentsForProceedsFromOtherInvestingActivities,50000000.0,USD,2024-01-01,2024-12-31,2025-02-20,10-K,duration
cash_flow,investment_activity,PaymentsForProceedsFromOtherInvestingActivities,50000000.0,USD,2024-01-01,2024-12-31,2026-02-19,10-K,duration
cash_flow,investment_activity,PaymentsForProceedsFromOtherInvestingActivities,0.0,USD,2025-01-01,2025-12-31,2026-02-19,10-K,duration
cash_flow,investment_purchases,PaymentsToAcquireAvailableForSaleSecurities,3488631000.0,USD,2007-01-01,2007-12-31,2010-02-19,10-K,duration
cash_flow,investment_purchases,PaymentsToAcquireMarketableSecurities,3524144000.0,USD,2008-01-01,2008-06-30,2009-08-03,10-Q,duration
cash_flow,investment_purchases,PaymentsToAcquireAvailableForSaleSecurities,5082141000.0,USD,2008-01-01,2008-09-30,2009-11-03,10-Q,duration
cash_flow,investment_purchases,PaymentsToAcquireAvailableForSaleSecurities,5681103000.0,USD,2008-01-01,2008-12-31,2010-02-19,10-K,duration
cash_flow,investment_purchases,PaymentsToAcquireAvailableForSaleSecuritiesDebt,5681103000.0,USD,2008-01-01,2008-12-31,2011-02-18,10-K,duration
cash_flow,investment_purchases,PaymentsToAcquireAvailableForSaleSecuritiesDebt,5681103000.0,USD,2008-01-01,2008-12-31,2011-10-20,8-K,duration
cash_flow,investment_purchases,PaymentsToAcquireAvailableForSaleSecuritiesDebt,1403906000.0,USD,2009-01-01,2009-03-31,2010-04-27,10-Q,duration
cash_flow,investment_purchases,PaymentsToAcquireMarketableSecurities,2839775000.0,USD,2009-01-01,2009-06-30,2009-08-03,10-Q,duration
cash_flow,investment_purchases,PaymentsToAcquireAvailableForSaleSecuritiesDebt,2839775000.0,USD,2009-01-01,2009-06-30,2010-08-02,10-Q,duration
cash_flow,investment_purchases,PaymentsToAcquireAvailableForSaleSecurities,5290819000.0,USD,2009-01-01,2009-09-30,2009-11-03,10-Q,duration
cash_flow,investment_purchases,PaymentsToAcquireAvailableForSaleSecuritiesDebt,5290819000.0,USD,2009-01-01,2009-09-30,2010-11-01,10-Q,duration
cash_flow,investment_purchases,PaymentsToAcquireAvailableForSaleSecurities,7197007000.0,USD,2009-01-01,2009-12-31,2010-02-19,10-K,duration
cash_flow,investment_purchases,PaymentsToAcquireAvailableForSaleSecuritiesDebt,7197007000.0,USD,2009-01-01,2009-12-31,2011-02-18,10-K,duration
cash_flow,investment_purchases,PaymentsToAcquireAvailableForSaleSecuritiesDebt,7197007000.0,USD,2009-01-01,2009-12-31,2011-10-20,8-K,duration
cash_flow,investment_purchases,PaymentsToAcquireAvailableForSaleSecuritiesDebt,7197000000.0,USD,2009-01-01,2009-12-31,2012-02-24,10-K,duration
cash_flow,investment_purchases,PaymentsToAcquireAvailableForSaleSecuritiesDebt,1525349000.0,USD,2010-01-01,2010-03-31,2010-04-27,10-Q,duration
cash_flow,investment_purchases,PaymentsToAcquireAvailableForSaleSecuritiesDebt,1525349000.0,USD,2010-01-01,2010-03-31,2011-05-03,10-Q,duration
cash_flow,investment_purchases,PaymentsToAcquireAvailableForSaleSecuritiesDebt,2759168000.0,USD,2010-01-01,2010-06-30,2010-08-02,10-Q,duration
cash_flow,investment_purchases,PaymentsToAcquireAvailableForSaleSecuritiesDebt,2759168000.0,USD,2010-01-01,2010-06-30,2011-08-01,10-Q,duration
cash_flow,investment_purchases,PaymentsToAcquireAvailableForSaleSecuritiesDebt,3582352000.0,USD,2010-01-01,2010-09-30,2010-11-01,10-Q,duration
cash_flow,investment_purchases,PaymentsToAcquireAvailableForSaleSecuritiesDebt,3582352000.0,USD,2010-01-01,2010-09-30,2011-10-31,10-Q,duration
cash_flow,investment_purchases,PaymentsToAcquireAvailableForSaleSecuritiesDebt,4589332000.0,USD,2010-01-01,2010-12-31,2011-02-18,10-K,duration
cash_flow,investment_purchases,PaymentsToAcquireAvailableForSaleSecuritiesDebt,4589332000.0,USD,2010-01-01,2010-12-31,2011-10-20,8-K,duration
cash_flow,investment_purchases,PaymentsToAcquireAvailableForSaleSecuritiesDebt,4589000000.0,USD,2010-01-01,2010-12-31,2012-02-24,10-K,duration
cash_flow,investment_purchases,PaymentsToAcquireAvailableForSaleSecuritiesDebt,4589000000.0,USD,2010-01-01,2010-12-31,2013-02-22,10-K,duration
cash_flow,investment_purchases,PaymentsToAcquireAvailableForSaleSecuritiesDebt,1186574000.0,USD,2011-01-01,2011-03-31,2011-05-03,10-Q,duration
cash_flow,investment_purchases,PaymentsToAcquireAvailableForSaleSecuritiesDebt,1187000000.0,USD,2011-01-01,2011-03-31,2012-04-30,10-Q,duration
cash_flow,investment_purchases,PaymentsToAcquireAvailableForSaleSecuritiesDebt,1902083000.0,USD,2011-01-01,2011-06-30,2011-08-01,10-Q,duration
cash_flow,investment_purchases,PaymentsToAcquireAvailableForSaleSecuritiesDebt,1902000000.0,USD,2011-01-01,2011-06-30,2012-08-01,10-Q,duration
cash_flow,investment_purchases,PaymentsToAcquireAvailableForSaleSecuritiesDebt,2667353000.0,USD,2011-01-01,2011-09-30,2011-10-31,10-Q,duration
cash_flow,investment_purchases,PaymentsToAcquireAvailableForSaleSecuritiesDebt,2667000000.0,USD,2011-01-01,2011-09-30,2012-11-05,10-Q,duration
cash_flow,investment_purchases,PaymentsToAcquireAvailableForSaleSecuritiesDebt,3678000000.0,USD,2011-01-01,2011-12-31,2012-02-24,10-K,duration
cash_flow,investment_purchases,PaymentsToAcquireAvailableForSaleSecuritiesDebt,3678000000.0,USD,2011-01-01,2011-12-31,2013-02-22,10-K,duration
cash_flow,investment_purchases,PaymentsToAcquireAvailableForSaleSecuritiesDebt,3678000000.0,USD,2011-01-01,2011-12-31,2014-02-19,10-K,duration
cash_flow,investment_purchases,PaymentsToAcquireAvailableForSaleSecuritiesDebt,3678000000.0,USD,2011-01-01,2011-12-31,2014-09-16,8-K,duration
cash_flow,investment_purchases,PaymentsToAcquireAvailableForSaleSecuritiesDebt,714000000.0,USD,2012-01-01,2012-03-31,2012-04-30,10-Q,duration
cash_flow,investment_purchases,PaymentsToAcquireAvailableForSaleSecuritiesDebt,714000000.0,USD,2012-01-01,2012-03-31,2013-05-01,10-Q,duration
cash_flow,investment_purchases,PaymentsToAcquireAvailableForSaleSecuritiesDebt,1364000000.0,USD,2012-01-01,2012-06-30,2012-08-01,10-Q,duration
cash_flow,investment_purchases,PaymentsToAcquireAvailableForSaleSecuritiesDebt,1364000000.0,USD,2012-01-01,2012-06-30,2013-07-31,10-Q,duration
cash_flow,investment_purchases,PaymentsToAcquireAvailableForSaleSecuritiesDebt,2166000000.0,USD,2012-01-01,2012-09-30,2012-11-05,10-Q,duration
cash_flow,investment_purchases,PaymentsToAcquireAvailableForSaleSecuritiesDebt,2166000000.0,USD,2012-01-01,2012-09-30,2013-11-06,10-Q,duration
cash_flow,investment_purchases,PaymentsToAcquireAvailableForSaleSecuritiesDebt,3221000000.0,USD,2012-01-01,2012-12-31,2013-02-22,10-K,duration
cash_flow,investment_purchases,PaymentsToAcquireAvailableForSaleSecuritiesDebt,3221000000.0,USD,2012-01-01,2012-12-31,2014-02-19,10-K,duration
cash_flow,investment_purchases,PaymentsToAcquireAvailableForSaleSecuritiesDebt,3221000000.0,USD,2012-01-01,2012-12-31,2014-09-16,8-K,duration
cash_flow,investment_purchases,PaymentsToAcquireAvailableForSaleSecuritiesDebt,3221000000.0,USD,2012-01-01,2012-12-31,2015-02-18,10-K,duration
cash_flow,investment_purchases,PaymentsToAcquireAvailableForSaleSecuritiesDebt,3221000000.0,USD,2012-01-01,2012-12-31,2015-08-10,8-K,duration
cash_flow,investment_purchases,PaymentsToAcquireAvailableForSaleSecuritiesDebt,783000000.0,USD,2013-01-01,2013-03-31,2013-05-01,10-Q,duration
cash_flow,investment_purchases,PaymentsToAcquireAvailableForSaleSecuritiesDebt,783000000.0,USD,2013-01-01,2013-03-31,2014-05-07,10-Q,duration
cash_flow,investment_purchases,PaymentsToAcquireAvailableForSaleSecuritiesDebt,1385000000.0,USD,2013-01-01,2013-06-30,2013-07-31,10-Q,duration
cash_flow,investment_purchases,PaymentsToAcquireAvailableForSaleSecuritiesDebt,1385000000.0,USD,2013-01-01,2013-06-30,2014-07-30,10-Q,duration
cash_flow,investment_purchases,PaymentsToAcquireAvailableForSaleSecuritiesDebt,2665000000.0,USD,2013-01-01,2013-09-30,2013-11-06,10-Q,duration
cash_flow,investment_purchases,PaymentsToAcquireAvailableForSaleSecuritiesDebt,2665000000.0,USD,2013-01-01,2013-09-30,2014-11-07,10-Q,duration
cash_flow,investment_purchases,PaymentsToAcquireAvailableForSaleSecuritiesDebt,3261000000.0,USD,2013-01-01,2013-12-31,2014-02-19,10-K,duration
cash_flow,investment_purchases,PaymentsToAcquireAvailableForSaleSecuritiesDebt,3261000000.0,USD,2013-01-01,2013-12-31,2014-09-16,8-K,duration
cash_flow,investment_purchases,PaymentsToAcquireAvailableForSaleSecuritiesDebt,3261000000.0,USD,2013-01-01,2013-12-31,2015-02-18,10-K,duration
cash_flow,investment_purchases,PaymentsToAcquireAvailableForSaleSecuritiesDebt,3261000000.0,USD,2013-01-01,2013-12-31,2015-08-10,8-K,duration
cash_flow,investment_purchases,PaymentsToAcquireAvailableForSaleSecuritiesDebt,3261000000.0,USD,2013-01-01,2013-12-31,2016-02-18,10-K,duration
cash_flow,investment_purchases,PaymentsToAcquireAvailableForSaleSecuritiesDebt,507000000.0,USD,2014-01-01,2014-03-31,2014-05-07,10-Q,duration
cash_flow,investment_purchases,PaymentsToAcquireAvailableForSaleSecuritiesDebt,507000000.0,USD,2014-01-01,2014-03-31,2015-04-29,10-Q,duration
cash_flow,investment_purchases,PaymentsToAcquireAvailableForSaleSecuritiesDebt,968000000.0,USD,2014-01-01,2014-06-30,2014-07-30,10-Q,duration
cash_flow,investment_purchases,PaymentsToAcquireAvailableForSaleSecuritiesDebt,968000000.0,USD,2014-01-01,2014-06-30,2015-07-29,10-Q,duration
cash_flow,investment_purchases,PaymentsToAcquireAvailableForSaleSecuritiesDebt,1949000000.0,USD,2014-01-01,2014-09-30,2014-11-07,10-Q,duration
cash_flow,investment_purchases,PaymentsToAcquireAvailableForSaleSecuritiesDebt,1949000000.0,USD,2014-01-01,2014-09-30,2015-11-06,10-Q,duration
cash_flow,investment_purchases,PaymentsToAcquireAvailableForSaleSecuritiesDebt,2883000000.0,USD,2014-01-01,2014-12-31,2015-02-18,10-K,duration
cash_flow,investment_purchases,PaymentsToAcquireAvailableForSaleSecuritiesDebt,2883000000.0,USD,2014-01-01,2014-12-31,2015-08-10,8-K,duration
cash_flow,investment_purchases,PaymentsToAcquireAvailableForSaleSecuritiesDebt,2883000000.0,USD,2014-01-01,2014-12-31,2016-02-18,10-K,duration
cash_flow,investment_purchases,PaymentsToAcquireAvailableForSaleSecuritiesDebt,2883000000.0,USD,2014-01-01,2014-12-31,2017-02-17,10-K,duration
cash_flow,investment_purchases,PaymentsToAcquireAvailableForSaleSecuritiesDebt,2883000000.0,USD,2014-01-01,2014-12-31,2017-12-14,8-K,duration
cash_flow,investment_purchases,PaymentsToAcquireAvailableForSaleSecuritiesDebt,829000000.0,USD,2015-01-01,2015-03-31,2015-04-29,10-Q,duration
cash_flow,investment_purchases,PaymentsToAcquireAvailableForSaleSecuritiesDebt,829000000.0,USD,2015-01-01,2015-03-31,2016-05-04,10-Q,duration
cash_flow,investment_purchases,PaymentsToAcquireAvailableForSaleSecuritiesDebt,1721000000.0,USD,2015-01-01,2015-06-30,2015-07-29,10-Q,duration
cash_flow,investment_purchases,PaymentsToAcquireAvailableForSaleSecuritiesDebt,1721000000.0,USD,2015-01-01,2015-06-30,2016-08-03,10-Q,duration
cash_flow,investment_purchases,PaymentsToAcquireAvailableForSaleSecuritiesDebt,4345000000.0,USD,2015-01-01,2015-09-30,2015-11-06,10-Q,duration
cash_flow,investment_purchases,PaymentsToAcquireAvailableForSaleSecuritiesDebt,4345000000.0,USD,2015-01-01,2015-09-30,2016-11-04,10-Q,duration
cash_flow,investment_purchases,PaymentsToAcquireAvailableForSaleSecuritiesDebt,6739000000.0,USD,2015-01-01,2015-12-31,2016-02-18,10-K,duration
cash_flow,investment_purchases,PaymentsToAcquireAvailableForSaleSecuritiesDebt,6739000000.0,USD,2015-01-01,2015-12-31,2017-02-17,10-K,duration
cash_flow,investment_purchases,PaymentsToAcquireAvailableForSaleSecuritiesDebt,6739000000.0,USD,2015-01-01,2015-12-31,2017-12-14,8-K,duration
cash_flow,investment_purchases,PaymentsToAcquireAvailableForSaleSecuritiesDebt,6739000000.0,USD,2015-01-01,2015-12-31,2018-02-16,10-K,duration
cash_flow,investment_purchases,PaymentsToAcquireAvailableForSaleSecuritiesDebt,1430000000.0,USD,2016-01-01,2016-03-31,2016-05-04,10-Q,duration
cash_flow,investment_purchases,PaymentsToAcquireAvailableForSaleSecuritiesDebt,1430000000.0,USD,2016-01-01,2016-03-31,2017-05-03,10-Q,duration
cash_flow,investment_purchases,PaymentsToAcquireAvailableForSaleSecuritiesDebt,2528000000.0,USD,2016-01-01,2016-06-30,2016-08-03,10-Q,duration
cash_flow,investment_purchases,PaymentsToAcquireAvailableForSaleSecuritiesDebt,2528000000.0,USD,2016-01-01,2016-06-30,2017-08-02,10-Q,duration
cash_flow,investment_purchases,PaymentsToAcquireAvailableForSaleSecuritiesDebt,4533000000.0,USD,2016-01-01,2016-09-30,2016-11-04,10-Q,duration
cash_flow,investment_purchases,PaymentsToAcquireAvailableForSaleSecuritiesDebt,4533000000.0,USD,2016-01-01,2016-09-30,2017-11-08,10-Q,duration
cash_flow,investment_purchases,PaymentsToAcquireAvailableForSaleSecuritiesDebt,6566000000.0,USD,2016-01-01,2016-12-31,2017-02-17,10-K,duration
cash_flow,investment_purchases,PaymentsToAcquireAvailableForSaleSecuritiesDebt,6566000000.0,USD,2016-01-01,2016-12-31,2017-12-14,8-K,duration
cash_flow,investment_purchases,PaymentsToAcquireAvailableForSaleSecuritiesDebt,6566000000.0,USD,2016-01-01,2016-12-31,2018-02-16,10-K,duration
cash_flow,investment_purchases,PaymentsToAcquireAvailableForSaleSecuritiesDebt,6566000000.0,USD,2016-01-01,2016-12-31,2019-02-21,10-K,duration
cash_flow,investment_purchases,PaymentsToAcquireAvailableForSaleSecuritiesDebt,1876000000.0,USD,2017-01-01,2017-03-31,2017-05-03,10-Q,duration
cash_flow,investment_purchases,PaymentsToAcquireAvailableForSaleSecuritiesDebt,1876000000.0,USD,2017-01-01,2017-03-31,2018-05-02,10-Q,duration
cash_flow,investment_purchases,PaymentsToAcquireAvailableForSaleSecuritiesDebt,3208000000.0,USD,2017-01-01,2017-06-30,2017-08-02,10-Q,duration
cash_flow,investment_purchases,PaymentsToAcquireAvailableForSaleSecuritiesDebt,3208000000.0,USD,2017-01-01,2017-06-30,2018-08-01,10-Q,duration
cash_flow,investment_purchases,PaymentsToAcquireAvailableForSaleSecuritiesDebt,4337000000.0,USD,2017-01-01,2017-09-30,2017-11-08,10-Q,duration
cash_flow,investment_purchases,PaymentsToAcquireAvailableForSaleSecuritiesDebt,4337000000.0,USD,2017-01-01,2017-09-30,2018-11-07,10-Q,duration
cash_flow,investment_purchases,PaymentsToAcquireAvailableForSaleSecuritiesDebt,6265000000.0,USD,2017-01-01,2017-12-31,2018-02-16,10-K,duration
cash_flow,investment_purchases,PaymentsToAcquireAvailableForSaleSecuritiesDebt,6265000000.0,USD,2017-01-01,2017-12-31,2019-02-21,10-K,duration
cash_flow,investment_purchases,PaymentsToAcquireAvailableForSaleSecuritiesDebt,6265000000.0,USD,2017-01-01,2017-12-31,2020-02-20,10-K,duration
cash_flow,investment_purchases,PaymentsToAcquireAvailableForSaleSecuritiesDebt,1711000000.0,USD,2018-01-01,2018-03-31,2018-05-02,10-Q,duration
cash_flow,investment_purchases,PaymentsToAcquireAvailableForSaleSecuritiesDebt,1711000000.0,USD,2018-01-01,2018-03-31,2019-05-01,10-Q,duration
cash_flow,investment_purchases,PaymentsToAcquireAvailableForSaleSecuritiesDebt,2624000000.0,USD,2018-01-01,2018-06-30,2018-08-01,10-Q,duration
cash_flow,investment_purchases,PaymentsToAcquireAvailableForSaleSecuritiesDebt,2624000000.0,USD,2018-01-01,2018-06-30,2019-07-31,10-Q,duration
cash_flow,investment_purchases,PaymentsToAcquireAvailableForSaleSecuritiesDebt,3379000000.0,USD,2018-01-01,2018-09-30,2018-11-07,10-Q,duration
cash_flow,investment_purchases,PaymentsToAcquireAvailableForSaleSecuritiesDebt,3379000000.0,USD,2018-01-01,2018-09-30,2019-11-06,10-Q,duration
cash_flow,investment_purchases,PaymentsToAcquireAvailableForSaleSecuritiesDebt,4687000000.0,USD,2018-01-01,2018-12-31,2019-02-21,10-K,duration
cash_flow,investment_purchases,PaymentsToAcquireAvailableForSaleSecuritiesDebt,4687000000.0,USD,2018-01-01,2018-12-31,2020-02-20,10-K,duration
cash_flow,investment_purchases,PaymentsToAcquireAvailableForSaleSecuritiesDebt,4687000000.0,USD,2018-01-01,2018-12-31,2021-02-18,10-K,duration
cash_flow,investment_purchases,PaymentsToAcquireAvailableForSaleSecuritiesDebt,2175000000.0,USD,2019-01-01,2019-03-31,2019-05-01,10-Q,duration
cash_flow,investment_purchases,PaymentsToAcquireAvailableForSaleSecuritiesDebt,2175000000.0,USD,2019-01-01,2019-03-31,2020-04-29,10-Q,duration
cash_flow,investment_purchases,PaymentsToAcquireAvailableForSaleSecuritiesDebt,3135000000.0,USD,2019-01-01,2019-06-30,2019-07-31,10-Q,duration
cash_flow,investment_purchases,PaymentsToAcquireAvailableForSaleSecuritiesDebt,3135000000.0,USD,2019-01-01,2019-06-30,2020-08-05,10-Q,duration
cash_flow,investment_purchases,PaymentsToAcquireAvailableForSaleSecuritiesDebt,4130000000.0,USD,2019-01-01,2019-09-30,2019-11-06,10-Q,duration
cash_flow,investment_purchases,PaymentsToAcquireAvailableForSaleSecuritiesDebt,4130000000.0,USD,2019-01-01,2019-09-30,2020-11-03,10-Q,duration
cash_flow,investment_purchases,PaymentsToAcquireAvailableForSaleSecuritiesDebt,6361000000.0,USD,2019-01-01,2019-12-31,2020-02-20,10-K,duration
cash_flow,investment_purchases,PaymentsToAcquireAvailableForSaleSecuritiesDebt,6361000000.0,USD,2019-01-01,2019-12-31,2021-02-18,10-K,duration
cash_flow,investment_purchases,PaymentsToAcquireAvailableForSaleSecuritiesDebt,6361000000.0,USD,2019-01-01,2019-12-31,2022-02-17,10-K,duration
cash_flow,investment_purchases,PaymentsToAcquireAvailableForSaleSecuritiesDebt,2459000000.0,USD,2020-01-01,2020-03-31,2020-04-29,10-Q,duration
cash_flow,investment_purchases,PaymentsToAcquireAvailableForSaleSecuritiesDebt,2459000000.0,USD,2020-01-01,2020-03-31,2021-04-28,10-Q,duration
cash_flow,investment_purchases,PaymentsToAcquireAvailableForSaleSecuritiesDebt,5464000000.0,USD,2020-01-01,2020-06-30,2020-08-05,10-Q,duration
cash_flow,investment_purchases,PaymentsToAcquireAvailableForSaleSecuritiesDebt,5464000000.0,USD,2020-01-01,2020-06-30,2021-07-28,10-Q,duration
cash_flow,investment_purchases,PaymentsToAcquireAvailableForSaleSecuritiesDebt,7230000000.0,USD,2020-01-01,2020-09-30,2020-11-03,10-Q,duration
cash_flow,investment_purchases,PaymentsToAcquireAvailableForSaleSecuritiesDebt,7230000000.0,USD,2020-01-01,2020-09-30,2021-11-03,10-Q,duration
cash_flow,investment_purchases,PaymentsToAcquireAvailableForSaleSecuritiesDebt,9125000000.0,USD,2020-01-01,2020-12-31,2021-02-18,10-K,duration
cash_flow,investment_purchases,PaymentsToAcquireAvailableForSaleSecuritiesDebt,9125000000.0,USD,2020-01-01,2020-12-31,2022-02-17,10-K,duration
cash_flow,investment_purchases,PaymentsToAcquireAvailableForSaleSecuritiesDebt,9125000000.0,USD,2020-01-01,2020-12-31,2023-02-16,10-K,duration
cash_flow,investment_purchases,PaymentsToAcquireAvailableForSaleSecuritiesDebt,3720000000.0,USD,2021-01-01,2021-03-31,2021-04-28,10-Q,duration
cash_flow,investment_purchases,PaymentsToAcquireAvailableForSaleSecuritiesDebt,3720000000.0,USD,2021-01-01,2021-03-31,2022-04-27,10-Q,duration
cash_flow,investment_purchases,PaymentsToAcquireAvailableForSaleSecuritiesDebt,5307000000.0,USD,2021-01-01,2021-06-30,2021-07-28,10-Q,duration
cash_flow,investment_purchases,PaymentsToAcquireAvailableForSaleSecuritiesDebt,5307000000.0,USD,2021-01-01,2021-06-30,2022-07-27,10-Q,duration
cash_flow,investment_purchases,PaymentsToAcquireAvailableForSaleSecuritiesDebt,6573000000.0,USD,2021-01-01,2021-09-30,2021-11-03,10-Q,duration
cash_flow,investment_purchases,PaymentsToAcquireAvailableForSaleSecuritiesDebt,6573000000.0,USD,2021-01-01,2021-09-30,2022-11-02,10-Q,duration
cash_flow,investment_purchases,PaymentsToAcquireAvailableForSaleSecuritiesDebt,7197000000.0,USD,2021-01-01,2021-12-31,2022-02-17,10-K,duration
cash_flow,investment_purchases,PaymentsToAcquireAvailableForSaleSecuritiesDebt,7197000000.0,USD,2021-01-01,2021-12-31,2023-02-16,10-K,duration
cash_flow,investment_purchases,PaymentsToAcquireAvailableForSaleSecuritiesDebt,7197000000.0,USD,2021-01-01,2021-12-31,2024-02-15,10-K,duration
cash_flow,investment_purchases,PaymentsToAcquireAvailableForSaleSecuritiesDebt,2161000000.0,USD,2022-01-01,2022-03-31,2022-04-27,10-Q,duration
cash_flow,investment_purchases,PaymentsToAcquireAvailableForSaleSecuritiesDebt,2161000000.0,USD,2022-01-01,2022-03-31,2023-04-26,10-Q,duration
cash_flow,investment_purchases,PaymentsToAcquireAvailableForSaleSecuritiesDebt,3239000000.0,USD,2022-01-01,2022-06-30,2022-07-27,10-Q,duration
cash_flow,investment_purchases,PaymentsToAcquireAvailableForSaleSecuritiesDebt,3239000000.0,USD,2022-01-01,2022-06-30,2023-08-02,10-Q,duration
cash_flow,investment_purchases,PaymentsToAcquireAvailableForSaleSecuritiesDebt,4740000000.0,USD,2022-01-01,2022-09-30,2022-11-02,10-Q,duration
cash_flow,investment_purchases,PaymentsToAcquireAvailableForSaleSecuritiesDebt,4740000000.0,USD,2022-01-01,2022-09-30,2023-11-01,10-Q,duration
cash_flow,investment_purchases,PaymentsToAcquireAvailableForSaleSecuritiesDebt,6049000000.0,USD,2022-01-01,2022-12-31,2023-02-16,10-K,duration
cash_flow,investment_purchases,PaymentsToAcquireAvailableForSaleSecuritiesDebt,6049000000.0,USD,2022-01-01,2022-12-31,2024-02-15,10-K,duration
cash_flow,investment_purchases,PaymentsToAcquireAvailableForSaleSecuritiesDebt,6049000000.0,USD,2022-01-01,2022-12-31,2025-02-20,10-K,duration
cash_flow,investment_purchases,PaymentsToAcquireAvailableForSaleSecuritiesDebt,1313000000.0,USD,2023-01-01,2023-03-31,2023-04-26,10-Q,duration
cash_flow,investment_purchases,PaymentsToAcquireAvailableForSaleSecuritiesDebt,1313000000.0,USD,2023-01-01,2023-03-31,2024-04-24,10-Q,duration
cash_flow,investment_purchases,PaymentsToAcquireAvailableForSaleSecuritiesDebt,2737000000.0,USD,2023-01-01,2023-06-30,2023-08-02,10-Q,duration
cash_flow,investment_purchases,PaymentsToAcquireAvailableForSaleSecuritiesDebt,2737000000.0,USD,2023-01-01,2023-06-30,2024-07-31,10-Q,duration
cash_flow,investment_purchases,PaymentsToAcquireAvailableForSaleSecuritiesDebt,3366000000.0,USD,2023-01-01,2023-09-30,2023-11-01,10-Q,duration
cash_flow,investment_purchases,PaymentsToAcquireAvailableForSaleSecuritiesDebt,3366000000.0,USD,2023-01-01,2023-09-30,2024-10-30,10-Q,duration
cash_flow,investment_purchases,PaymentsToAcquireAvailableForSaleSecuritiesDebt,7552000000.0,USD,2023-01-01,2023-12-31,2024-02-15,10-K,duration
cash_flow,investment_purchases,PaymentsToAcquireAvailableForSaleSecuritiesDebt,7552000000.0,USD,2023-01-01,2023-12-31,2025-02-20,10-K,duration
cash_flow,investment_purchases,PaymentsToAcquireAvailableForSaleSecuritiesDebt,7552000000.0,USD,2023-01-01,2023-12-31,2026-02-19,10-K,duration
cash_flow,investment_purchases,PaymentsToAcquireAvailableForSaleSecuritiesDebt,1259000000.0,USD,2024-01-01,2024-03-31,2024-04-24,10-Q,duration
cash_flow,investment_purchases,PaymentsToAcquireAvailableForSaleSecuritiesDebt,1259000000.0,USD,2024-01-01,2024-03-31,2025-04-30,10-Q,duration
cash_flow,investment_purchases,PaymentsToAcquireAvailableForSaleSecuritiesDebt,2962000000.0,USD,2024-01-01,2024-06-30,2024-07-31,10-Q,duration
cash_flow,investment_purchases,PaymentsToAcquireAvailableForSaleSecuritiesDebt,2883000000.0,USD,2024-01-01,2024-06-30,2025-07-30,10-Q,duration
cash_flow,investment_purchases,PaymentsToAcquireAvailableForSaleSecuritiesDebt,6403000000.0,USD,2024-01-01,2024-09-30,2024-10-30,10-Q,duration
cash_flow,investment_purchases,PaymentsToAcquireAvailableForSaleSecuritiesDebt,6042000000.0,USD,2024-01-01,2024-09-30,2025-11-05,10-Q,duration
cash_flow,investment_purchases,PaymentsToAcquireAvailableForSaleSecuritiesDebt,8185000000.0,USD,2024-01-01,2024-12-31,2025-02-20,10-K,duration
cash_flow,investment_purchases,PaymentsToAcquireAvailableForSaleSecuritiesDebt,8185000000.0,USD,2024-01-01,2024-12-31,2026-02-19,10-K,duration
cash_flow,investment_purchases,PaymentsToAcquireAvailableForSaleSecuritiesDebt,827000000.0,USD,2025-01-01,2025-03-31,2025-04-30,10-Q,duration
cash_flow,investment_purchases,PaymentsToAcquireAvailableForSaleSecuritiesDebt,827000000.0,USD,2025-01-01,2025-03-31,2026-04-29,10-Q,duration
cash_flow,investment_purchases,PaymentsToAcquireAvailableForSaleSecuritiesDebt,1941000000.0,USD,2025-01-01,2025-06-30,2025-07-30,10-Q,duration
cash_flow,investment_purchases,PaymentsToAcquireAvailableForSaleSecuritiesDebt,5198000000.0,USD,2025-01-01,2025-09-30,2025-11-05,10-Q,duration
cash_flow,investment_purchases,PaymentsToAcquireAvailableForSaleSecuritiesDebt,6440000000.0,USD,2025-01-01,2025-12-31,2026-02-19,10-K,duration
cash_flow,investment_purchases,PaymentsToAcquireAvailableForSaleSecuritiesDebt,2894000000.0,USD,2026-01-01,2026-03-31,2026-04-29,10-Q,duration
cash_flow,investment_sales,ProceedsFromSaleOfAvailableForSaleSecurities,1670555000.0,USD,2007-01-01,2007-12-31,2010-02-19,10-K,duration
cash_flow,investment_sales,ProceedsFromSaleOfAvailableForSaleSecurities,2649402000.0,USD,2008-01-01,2008-06-30,2009-08-03,10-Q,duration
cash_flow,investment_sales,ProceedsFromSaleOfAvailableForSaleSecurities,4111640000.0,USD,2008-01-01,2008-09-30,2009-11-03,10-Q,duration
cash_flow,investment_sales,ProceedsFromSaleOfAvailableForSaleSecurities,4496929000.0,USD,2008-01-01,2008-12-31,2010-02-19,10-K,duration
cash_flow,investment_sales,ProceedsFromSaleOfAvailableForSaleSecuritiesDebt,4496929000.0,USD,2008-01-01,2008-12-31,2011-02-18,10-K,duration
cash_flow,investment_sales,ProceedsFromSaleOfAvailableForSaleSecuritiesDebt,4496929000.0,USD,2008-01-01,2008-12-31,2011-10-20,8-K,duration
cash_flow,investment_sales,ProceedsFromSaleOfAvailableForSaleSecuritiesDebt,722288000.0,USD,2009-01-01,2009-03-31,2010-04-27,10-Q,duration
cash_flow,investment_sales,ProceedsFromSaleOfAvailableForSaleSecurities,1751441000.0,USD,2009-01-01,2009-06-30,2009-08-03,10-Q,duration
cash_flow,investment_sales,ProceedsFromSaleOfAvailableForSaleSecuritiesDebt,1751441000.0,USD,2009-01-01,2009-06-30,2010-08-02,10-Q,duration
cash_flow,investment_sales,ProceedsFromSaleOfAvailableForSaleSecurities,2903936000.0,USD,2009-01-01,2009-09-30,2009-11-03,10-Q,duration
cash_flow,investment_sales,ProceedsFromSaleOfAvailableForSaleSecuritiesDebt,2903936000.0,USD,2009-01-01,2009-09-30,2010-11-01,10-Q,duration
cash_flow,investment_sales,ProceedsFromSaleOfAvailableForSaleSecurities,3951326000.0,USD,2009-01-01,2009-12-31,2010-02-19,10-K,duration
cash_flow,investment_sales,ProceedsFromSaleOfAvailableForSaleSecuritiesDebt,3951326000.0,USD,2009-01-01,2009-12-31,2011-02-18,10-K,duration
cash_flow,investment_sales,ProceedsFromSaleOfAvailableForSaleSecuritiesDebt,3951326000.0,USD,2009-01-01,2009-12-31,2011-10-20,8-K,duration
cash_flow,investment_sales,ProceedsFromSaleOfAvailableForSaleSecuritiesDebt,3951000000.0,USD,2009-01-01,2009-12-31,2012-02-24,10-K,duration
cash_flow,investment_sales,ProceedsFromSaleOfAvailableForSaleSecuritiesDebt,545166000.0,USD,2010-01-01,2010-03-31,2010-04-27,10-Q,duration
cash_flow,investment_sales,ProceedsFromSaleOfAvailableForSaleSecuritiesDebt,545166000.0,USD,2010-01-01,2010-03-31,2011-05-03,10-Q,duration
cash_flow,investment_sales,ProceedsFromSaleOfAvailableForSaleSecuritiesDebt,1091282000.0,USD,2010-01-01,2010-06-30,2010-08-02,10-Q,duration
cash_flow,investment_sales,ProceedsFromSaleOfAvailableForSaleSecuritiesDebt,1091282000.0,USD,2010-01-01,2010-06-30,2011-08-01,10-Q,duration
cash_flow,investment_sales,ProceedsFromSaleOfAvailableForSaleSecuritiesDebt,1298912000.0,USD,2010-01-01,2010-09-30,2010-11-01,10-Q,duration
cash_flow,investment_sales,ProceedsFromSaleOfAvailableForSaleSecuritiesDebt,1298912000.0,USD,2010-01-01,2010-09-30,2011-10-31,10-Q,duration
cash_flow,investment_sales,ProceedsFromSaleOfAvailableForSaleSecuritiesDebt,2012494000.0,USD,2010-01-01,2010-12-31,2011-02-18,10-K,duration
cash_flow,investment_sales,ProceedsFromSaleOfAvailableForSaleSecuritiesDebt,2012494000.0,USD,2010-01-01,2010-12-31,2011-10-20,8-K,duration
cash_flow,investment_sales,ProceedsFromSaleOfAvailableForSaleSecuritiesDebt,2012000000.0,USD,2010-01-01,2010-12-31,2012-02-24,10-K,duration
cash_flow,investment_sales,ProceedsFromSaleOfAvailableForSaleSecuritiesDebt,2012000000.0,USD,2010-01-01,2010-12-31,2013-02-22,10-K,duration
cash_flow,investment_sales,ProceedsFromSaleOfAvailableForSaleSecuritiesDebt,153832000.0,USD,2011-01-01,2011-03-31,2011-05-03,10-Q,duration
cash_flow,investment_sales,ProceedsFromSaleOfAvailableForSaleSecuritiesDebt,154000000.0,USD,2011-01-01,2011-03-31,2012-04-30,10-Q,duration
cash_flow,investment_sales,ProceedsFromSaleOfAvailableForSaleSecuritiesDebt,432006000.0,USD,2011-01-01,2011-06-30,2011-08-01,10-Q,duration
cash_flow,investment_sales,ProceedsFromSaleOfAvailableForSaleSecuritiesDebt,432000000.0,USD,2011-01-01,2011-06-30,2012-08-01,10-Q,duration
cash_flow,investment_sales,ProceedsFromSaleOfAvailableForSaleSecuritiesDebt,625461000.0,USD,2011-01-01,2011-09-30,2011-10-31,10-Q,duration
cash_flow,investment_sales,ProceedsFromSaleOfAvailableForSaleSecuritiesDebt,625000000.0,USD,2011-01-01,2011-09-30,2012-11-05,10-Q,duration
cash_flow,investment_sales,ProceedsFromSaleOfAvailableForSaleSecuritiesDebt,1259000000.0,USD,2011-01-01,2011-12-31,2012-02-24,10-K,duration
cash_flow,investment_sales,ProceedsFromSaleOfAvailableForSaleSecuritiesDebt,1259000000.0,USD,2011-01-01,2011-12-31,2013-02-22,10-K,duration
cash_flow,investment_sales,ProceedsFromSaleOfAvailableForSaleSecuritiesDebt,1259000000.0,USD,2011-01-01,2011-12-31,2014-02-19,10-K,duration
cash_flow,investment_sales,ProceedsFromSaleOfAvailableForSaleSecuritiesDebt,1259000000.0,USD,2011-01-01,2011-12-31,2014-09-16,8-K,duration
cash_flow,investment_sales,ProceedsFromSaleOfAvailableForSaleSecuritiesDebt,242000000.0,USD,2012-01-01,2012-03-31,2012-04-30,10-Q,duration
cash_flow,investment_sales,ProceedsFromSaleOfAvailableForSaleSecuritiesDebt,242000000.0,USD,2012-01-01,2012-03-31,2013-05-01,10-Q,duration
cash_flow,investment_sales,ProceedsFromSaleOfAvailableForSaleSecuritiesDebt,529000000.0,USD,2012-01-01,2012-06-30,2012-08-01,10-Q,duration
cash_flow,investment_sales,ProceedsFromSaleOfAvailableForSaleSecuritiesDebt,529000000.0,USD,2012-01-01,2012-06-30,2013-07-31,10-Q,duration
cash_flow,investment_sales,ProceedsFromSaleOfAvailableForSaleSecuritiesDebt,894000000.0,USD,2012-01-01,2012-09-30,2012-11-05,10-Q,duration
cash_flow,investment_sales,ProceedsFromSaleOfAvailableForSaleSecuritiesDebt,894000000.0,USD,2012-01-01,2012-09-30,2013-11-06,10-Q,duration
cash_flow,investment_sales,ProceedsFromSaleOfAvailableForSaleSecuritiesDebt,1404000000.0,USD,2012-01-01,2012-12-31,2013-02-22,10-K,duration
cash_flow,investment_sales,ProceedsFromSaleOfAvailableForSaleSecuritiesDebt,1404000000.0,USD,2012-01-01,2012-12-31,2014-02-19,10-K,duration
cash_flow,investment_sales,ProceedsFromSaleOfAvailableForSaleSecuritiesDebt,1404000000.0,USD,2012-01-01,2012-12-31,2014-09-16,8-K,duration
cash_flow,investment_sales,ProceedsFromSaleOfAvailableForSaleSecuritiesDebt,1404000000.0,USD,2012-01-01,2012-12-31,2015-02-18,10-K,duration
cash_flow,investment_sales,ProceedsFromSaleOfAvailableForSaleSecuritiesDebt,1404000000.0,USD,2012-01-01,2012-12-31,2015-08-10,8-K,duration
cash_flow,investment_sales,ProceedsFromSaleOfAvailableForSaleSecuritiesDebt,192000000.0,USD,2013-01-01,2013-03-31,2013-05-01,10-Q,duration
cash_flow,investment_sales,ProceedsFromSaleOfAvailableForSaleSecuritiesDebt,192000000.0,USD,2013-01-01,2013-03-31,2014-05-07,10-Q,duration
cash_flow,investment_sales,ProceedsFromSaleOfAvailableForSaleSecuritiesDebt,854000000.0,USD,2013-01-01,2013-06-30,2013-07-31,10-Q,duration
cash_flow,investment_sales,ProceedsFromSaleOfAvailableForSaleSecuritiesDebt,854000000.0,USD,2013-01-01,2013-06-30,2014-07-30,10-Q,duration
cash_flow,investment_sales,ProceedsFromSaleOfAvailableForSaleSecuritiesDebt,1107000000.0,USD,2013-01-01,2013-09-30,2013-11-06,10-Q,duration
cash_flow,investment_sales,ProceedsFromSaleOfAvailableForSaleSecuritiesDebt,1107000000.0,USD,2013-01-01,2013-09-30,2014-11-07,10-Q,duration
cash_flow,investment_sales,ProceedsFromSaleOfAvailableForSaleSecuritiesDebt,1592000000.0,USD,2013-01-01,2013-12-31,2014-02-19,10-K,duration
cash_flow,investment_sales,ProceedsFromSaleOfAvailableForSaleSecuritiesDebt,1592000000.0,USD,2013-01-01,2013-12-31,2014-09-16,8-K,duration
cash_flow,investment_sales,ProceedsFromSaleOfAvailableForSaleSecuritiesDebt,1592000000.0,USD,2013-01-01,2013-12-31,2015-02-18,10-K,duration
cash_flow,investment_sales,ProceedsFromSaleOfAvailableForSaleSecuritiesDebt,1592000000.0,USD,2013-01-01,2013-12-31,2015-08-10,8-K,duration
cash_flow,investment_sales,ProceedsFromSaleOfAvailableForSaleSecuritiesDebt,1592000000.0,USD,2013-01-01,2013-12-31,2016-02-18,10-K,duration
cash_flow,investment_sales,ProceedsFromSaleOfAvailableForSaleSecuritiesDebt,118000000.0,USD,2014-01-01,2014-03-31,2014-05-07,10-Q,duration
cash_flow,investment_sales,ProceedsFromSaleOfAvailableForSaleSecuritiesDebt,118000000.0,USD,2014-01-01,2014-03-31,2015-04-29,10-Q,duration
cash_flow,investment_sales,ProceedsFromSaleOfAvailableForSaleSecuritiesDebt,1007000000.0,USD,2014-01-01,2014-06-30,2014-07-30,10-Q,duration
cash_flow,investment_sales,ProceedsFromSaleOfAvailableForSaleSecuritiesDebt,1007000000.0,USD,2014-01-01,2014-06-30,2015-07-29,10-Q,duration
cash_flow,investment_sales,ProceedsFromSaleOfAvailableForSaleSecuritiesDebt,1171000000.0,USD,2014-01-01,2014-09-30,2014-11-07,10-Q,duration
cash_flow,investment_sales,ProceedsFromSaleOfAvailableForSaleSecuritiesDebt,1171000000.0,USD,2014-01-01,2014-09-30,2015-11-06,10-Q,duration
cash_flow,investment_sales,ProceedsFromSaleOfAvailableForSaleSecuritiesDebt,2409000000.0,USD,2014-01-01,2014-12-31,2015-02-18,10-K,duration
cash_flow,investment_sales,ProceedsFromSaleOfAvailableForSaleSecuritiesDebt,2409000000.0,USD,2014-01-01,2014-12-31,2015-08-10,8-K,duration
cash_flow,investment_sales,ProceedsFromSaleOfAvailableForSaleSecuritiesDebt,2409000000.0,USD,2014-01-01,2014-12-31,2016-02-18,10-K,duration
cash_flow,investment_sales,ProceedsFromSaleOfAvailableForSaleSecuritiesDebt,2409000000.0,USD,2014-01-01,2014-12-31,2017-02-17,10-K,duration
cash_flow,investment_sales,ProceedsFromSaleOfAvailableForSaleSecuritiesDebt,2409000000.0,USD,2014-01-01,2014-12-31,2017-12-14,8-K,duration
cash_flow,investment_sales,ProceedsFromSaleOfAvailableForSaleSecuritiesDebt,528000000.0,USD,2015-01-01,2015-03-31,2015-04-29,10-Q,duration
cash_flow,investment_sales,ProceedsFromSaleOfAvailableForSaleSecuritiesDebt,528000000.0,USD,2015-01-01,2015-03-31,2016-05-04,10-Q,duration
cash_flow,investment_sales,ProceedsFromSaleOfAvailableForSaleSecuritiesDebt,1570000000.0,USD,2015-01-01,2015-06-30,2015-07-29,10-Q,duration
cash_flow,investment_sales,ProceedsFromSaleOfAvailableForSaleSecuritiesDebt,1570000000.0,USD,2015-01-01,2015-06-30,2016-08-03,10-Q,duration
cash_flow,investment_sales,ProceedsFromSaleOfAvailableForSaleSecuritiesDebt,3448000000.0,USD,2015-01-01,2015-09-30,2015-11-06,10-Q,duration
cash_flow,investment_sales,ProceedsFromSaleOfAvailableForSaleSecuritiesDebt,3448000000.0,USD,2015-01-01,2015-09-30,2016-11-04,10-Q,duration
cash_flow,investment_sales,ProceedsFromSaleOfAvailableForSaleSecuritiesDebt,5493000000.0,USD,2015-01-01,2015-12-31,2016-02-18,10-K,duration
cash_flow,investment_sales,ProceedsFromSaleOfAvailableForSaleSecuritiesDebt,5493000000.0,USD,2015-01-01,2015-12-31,2017-02-17,10-K,duration
cash_flow,investment_sales,ProceedsFromSaleOfAvailableForSaleSecuritiesDebt,5493000000.0,USD,2015-01-01,2015-12-31,2017-12-14,8-K,duration
cash_flow,investment_sales,ProceedsFromSaleOfAvailableForSaleSecuritiesDebt,5493000000.0,USD,2015-01-01,2015-12-31,2018-02-16,10-K,duration
cash_flow,investment_sales,ProceedsFromSaleOfAvailableForSaleSecuritiesDebt,914000000.0,USD,2016-01-01,2016-03-31,2016-05-04,10-Q,duration
cash_flow,investment_sales,ProceedsFromSaleOfAvailableForSaleSecuritiesDebt,914000000.0,USD,2016-01-01,2016-03-31,2017-05-03,10-Q,duration
cash_flow,investment_sales,ProceedsFromSaleOfAvailableForSaleSecuritiesDebt,1853000000.0,USD,2016-01-01,2016-06-30,2016-08-03,10-Q,duration
cash_flow,investment_sales,ProceedsFromSaleOfAvailableForSaleSecuritiesDebt,1853000000.0,USD,2016-01-01,2016-06-30,2017-08-02,10-Q,duration
cash_flow,investment_sales,ProceedsFromSaleOfAvailableForSaleSecuritiesDebt,3319000000.0,USD,2016-01-01,2016-09-30,2016-11-04,10-Q,duration
cash_flow,investment_sales,ProceedsFromSaleOfAvailableForSaleSecuritiesDebt,3319000000.0,USD,2016-01-01,2016-09-30,2017-11-08,10-Q,duration
cash_flow,investment_sales,ProceedsFromSaleOfAvailableForSaleSecuritiesDebt,4312000000.0,USD,2016-01-01,2016-12-31,2017-02-17,10-K,duration
cash_flow,investment_sales,ProceedsFromSaleOfAvailableForSaleSecuritiesDebt,4312000000.0,USD,2016-01-01,2016-12-31,2017-12-14,8-K,duration
cash_flow,investment_sales,ProceedsFromSaleOfAvailableForSaleSecuritiesDebt,4312000000.0,USD,2016-01-01,2016-12-31,2018-02-16,10-K,duration
cash_flow,investment_sales,ProceedsFromSaleOfAvailableForSaleSecuritiesDebt,4312000000.0,USD,2016-01-01,2016-12-31,2019-02-21,10-K,duration
cash_flow,investment_sales,ProceedsFromSaleOfAvailableForSaleSecuritiesDebt,795000000.0,USD,2017-01-01,2017-03-31,2017-05-03,10-Q,duration
cash_flow,investment_sales,ProceedsFromSaleOfAvailableForSaleSecuritiesDebt,795000000.0,USD,2017-01-01,2017-03-31,2018-05-02,10-Q,duration
cash_flow,investment_sales,ProceedsFromSaleOfAvailableForSaleSecuritiesDebt,1723000000.0,USD,2017-01-01,2017-06-30,2017-08-02,10-Q,duration
cash_flow,investment_sales,ProceedsFromSaleOfAvailableForSaleSecuritiesDebt,1723000000.0,USD,2017-01-01,2017-06-30,2018-08-01,10-Q,duration
cash_flow,investment_sales,ProceedsFromSaleOfAvailableForSaleSecuritiesDebt,2028000000.0,USD,2017-01-01,2017-09-30,2017-11-08,10-Q,duration
cash_flow,investment_sales,ProceedsFromSaleOfAvailableForSaleSecuritiesDebt,2028000000.0,USD,2017-01-01,2017-09-30,2018-11-07,10-Q,duration
cash_flow,investment_sales,ProceedsFromSaleOfAvailableForSaleSecuritiesDebt,2768000000.0,USD,2017-01-01,2017-12-31,2018-02-16,10-K,duration
cash_flow,investment_sales,ProceedsFromSaleOfAvailableForSaleSecuritiesDebt,2768000000.0,USD,2017-01-01,2017-12-31,2019-02-21,10-K,duration
cash_flow,investment_sales,ProceedsFromSaleOfAvailableForSaleSecuritiesDebt,2768000000.0,USD,2017-01-01,2017-12-31,2020-02-20,10-K,duration
cash_flow,investment_sales,ProceedsFromSaleOfAvailableForSaleSecuritiesDebt,1392000000.0,USD,2018-01-01,2018-03-31,2018-05-02,10-Q,duration
cash_flow,investment_sales,ProceedsFromSaleOfAvailableForSaleSecuritiesDebt,1392000000.0,USD,2018-01-01,2018-03-31,2019-05-01,10-Q,duration
cash_flow,investment_sales,ProceedsFromSaleOfAvailableForSaleSecuritiesDebt,2408000000.0,USD,2018-01-01,2018-06-30,2018-08-01,10-Q,duration
cash_flow,investment_sales,ProceedsFromSaleOfAvailableForSaleSecuritiesDebt,2408000000.0,USD,2018-01-01,2018-06-30,2019-07-31,10-Q,duration
cash_flow,investment_sales,ProceedsFromSaleOfAvailableForSaleSecuritiesDebt,2614000000.0,USD,2018-01-01,2018-09-30,2018-11-07,10-Q,duration
cash_flow,investment_sales,ProceedsFromSaleOfAvailableForSaleSecuritiesDebt,2614000000.0,USD,2018-01-01,2018-09-30,2019-11-06,10-Q,duration
cash_flow,investment_sales,ProceedsFromSaleOfAvailableForSaleSecuritiesDebt,3494000000.0,USD,2018-01-01,2018-12-31,2019-02-21,10-K,duration
cash_flow,investment_sales,ProceedsFromSaleOfAvailableForSaleSecuritiesDebt,3494000000.0,USD,2018-01-01,2018-12-31,2020-02-20,10-K,duration
cash_flow,investment_sales,ProceedsFromSaleOfAvailableForSaleSecuritiesDebt,3494000000.0,USD,2018-01-01,2018-12-31,2021-02-18,10-K,duration
cash_flow,investment_sales,ProceedsFromSaleOfAvailableForSaleSecuritiesDebt,2062000000.0,USD,2019-01-01,2019-03-31,2019-05-01,10-Q,duration
cash_flow,investment_sales,ProceedsFromSaleOfAvailableForSaleSecuritiesDebt,2062000000.0,USD,2019-01-01,2019-03-31,2020-04-29,10-Q,duration
cash_flow,investment_sales,ProceedsFromSaleOfAvailableForSaleSecuritiesDebt,2626000000.0,USD,2019-01-01,2019-06-30,2019-07-31,10-Q,duration
cash_flow,investment_sales,ProceedsFromSaleOfAvailableForSaleSecuritiesDebt,2626000000.0,USD,2019-01-01,2019-06-30,2020-08-05,10-Q,duration
cash_flow,investment_sales,ProceedsFromSaleOfAvailableForSaleSecuritiesDebt,2878000000.0,USD,2019-01-01,2019-09-30,2019-11-06,10-Q,duration
cash_flow,investment_sales,ProceedsFromSaleOfAvailableForSaleSecuritiesDebt,2878000000.0,USD,2019-01-01,2019-09-30,2020-11-03,10-Q,duration
cash_flow,investment_sales,ProceedsFromSaleOfAvailableForSaleSecuritiesDebt,4086000000.0,USD,2019-01-01,2019-12-31,2020-02-20,10-K,duration
cash_flow,investment_sales,ProceedsFromSaleOfAvailableForSaleSecuritiesDebt,4086000000.0,USD,2019-01-01,2019-12-31,2021-02-18,10-K,duration
cash_flow,investment_sales,ProceedsFromSaleOfAvailableForSaleSecuritiesDebt,4086000000.0,USD,2019-01-01,2019-12-31,2022-02-17,10-K,duration
cash_flow,investment_sales,ProceedsFromSaleOfAvailableForSaleSecuritiesDebt,1415000000.0,USD,2020-01-01,2020-03-31,2020-04-29,10-Q,duration
cash_flow,investment_sales,ProceedsFromSaleOfAvailableForSaleSecuritiesDebt,1415000000.0,USD,2020-01-01,2020-03-31,2021-04-28,10-Q,duration
cash_flow,investment_sales,ProceedsFromSaleOfAvailableForSaleSecuritiesDebt,2084000000.0,USD,2020-01-01,2020-06-30,2020-08-05,10-Q,duration
cash_flow,investment_sales,ProceedsFromSaleOfAvailableForSaleSecuritiesDebt,2084000000.0,USD,2020-01-01,2020-06-30,2021-07-28,10-Q,duration
cash_flow,investment_sales,ProceedsFromSaleOfAvailableForSaleSecuritiesDebt,2097000000.0,USD,2020-01-01,2020-09-30,2020-11-03,10-Q,duration
cash_flow,investment_sales,ProceedsFromSaleOfAvailableForSaleSecuritiesDebt,2097000000.0,USD,2020-01-01,2020-09-30,2021-11-03,10-Q,duration
cash_flow,investment_sales,ProceedsFromSaleOfAvailableForSaleSecuritiesDebt,2747000000.0,USD,2020-01-01,2020-12-31,2021-02-18,10-K,duration
cash_flow,investment_sales,ProceedsFromSaleOfAvailableForSaleSecuritiesDebt,2747000000.0,USD,2020-01-01,2020-12-31,2022-02-17,10-K,duration
cash_flow,investment_sales,ProceedsFromSaleOfAvailableForSaleSecuritiesDebt,2747000000.0,USD,2020-01-01,2020-12-31,2023-02-16,10-K,duration
cash_flow,investment_sales,ProceedsFromSaleOfAvailableForSaleSecuritiesDebt,1953000000.0,USD,2021-01-01,2021-03-31,2021-04-28,10-Q,duration
cash_flow,investment_sales,ProceedsFromSaleOfAvailableForSaleSecuritiesDebt,1953000000.0,USD,2021-01-01,2021-03-31,2022-04-27,10-Q,duration
cash_flow,investment_sales,ProceedsFromSaleOfAvailableForSaleSecuritiesDebt,2421000000.0,USD,2021-01-01,2021-06-30,2021-07-28,10-Q,duration
cash_flow,investment_sales,ProceedsFromSaleOfAvailableForSaleSecuritiesDebt,2421000000.0,USD,2021-01-01,2021-06-30,2022-07-27,10-Q,duration
cash_flow,investment_sales,ProceedsFromSaleOfAvailableForSaleSecuritiesDebt,2920000000.0,USD,2021-01-01,2021-09-30,2021-11-03,10-Q,duration
cash_flow,investment_sales,ProceedsFromSaleOfAvailableForSaleSecuritiesDebt,2920000000.0,USD,2021-01-01,2021-09-30,2022-11-02,10-Q,duration
cash_flow,investment_sales,ProceedsFromSaleOfAvailableForSaleSecuritiesDebt,3547000000.0,USD,2021-01-01,2021-12-31,2022-02-17,10-K,duration
cash_flow,investment_sales,ProceedsFromSaleOfAvailableForSaleSecuritiesDebt,3547000000.0,USD,2021-01-01,2021-12-31,2023-02-16,10-K,duration
cash_flow,investment_sales,ProceedsFromSaleOfAvailableForSaleSecuritiesDebt,3547000000.0,USD,2021-01-01,2021-12-31,2024-02-15,10-K,duration
cash_flow,investment_sales,ProceedsFromSaleOfAvailableForSaleSecuritiesDebt,1294000000.0,USD,2022-01-01,2022-03-31,2022-04-27,10-Q,duration
cash_flow,investment_sales,ProceedsFromSaleOfAvailableForSaleSecuritiesDebt,1294000000.0,USD,2022-01-01,2022-03-31,2023-04-26,10-Q,duration
cash_flow,investment_sales,ProceedsFromSaleOfAvailableForSaleSecuritiesDebt,1363000000.0,USD,2022-01-01,2022-06-30,2022-07-27,10-Q,duration
cash_flow,investment_sales,ProceedsFromSaleOfAvailableForSaleSecuritiesDebt,1363000000.0,USD,2022-01-01,2022-06-30,2023-08-02,10-Q,duration
cash_flow,investment_sales,ProceedsFromSaleOfAvailableForSaleSecuritiesDebt,1979000000.0,USD,2022-01-01,2022-09-30,2022-11-02,10-Q,duration
cash_flow,investment_sales,ProceedsFromSaleOfAvailableForSaleSecuritiesDebt,1979000000.0,USD,2022-01-01,2022-09-30,2023-11-01,10-Q,duration
cash_flow,investment_sales,ProceedsFromSaleOfAvailableForSaleSecuritiesDebt,2434000000.0,USD,2022-01-01,2022-12-31,2023-02-16,10-K,duration
cash_flow,investment_sales,ProceedsFromSaleOfAvailableForSaleSecuritiesDebt,2434000000.0,USD,2022-01-01,2022-12-31,2024-02-15,10-K,duration
cash_flow,investment_sales,ProceedsFromSaleOfAvailableForSaleSecuritiesDebt,2434000000.0,USD,2022-01-01,2022-12-31,2025-02-20,10-K,duration
cash_flow,investment_sales,ProceedsFromSaleOfAvailableForSaleSecuritiesDebt,50000000.0,USD,2023-01-01,2023-03-31,2023-04-26,10-Q,duration
cash_flow,investment_sales,ProceedsFromSaleOfAvailableForSaleSecuritiesDebt,50000000.0,USD,2023-01-01,2023-03-31,2024-04-24,10-Q,duration
cash_flow,investment_sales,ProceedsFromSaleOfAvailableForSaleSecuritiesDebt,811000000.0,USD,2023-01-01,2023-06-30,2023-08-02,10-Q,duration
cash_flow,investment_sales,ProceedsFromSaleOfAvailableForSaleSecuritiesDebt,811000000.0,USD,2023-01-01,2023-06-30,2024-07-31,10-Q,duration
cash_flow,investment_sales,ProceedsFromSaleOfAvailableForSaleSecuritiesDebt,815000000.0,USD,2023-01-01,2023-09-30,2023-11-01,10-Q,duration
cash_flow,investment_sales,ProceedsFromSaleOfAvailableForSaleSecuritiesDebt,815000000.0,USD,2023-01-01,2023-09-30,2024-10-30,10-Q,duration
cash_flow,investment_sales,ProceedsFromSaleOfAvailableForSaleSecuritiesDebt,3795000000.0,USD,2023-01-01,2023-12-31,2024-02-15,10-K,duration
cash_flow,investment_sales,ProceedsFromSaleOfAvailableForSaleSecuritiesDebt,3795000000.0,USD,2023-01-01,2023-12-31,2025-02-20,10-K,duration
cash_flow,investment_sales,ProceedsFromSaleOfAvailableForSaleSecuritiesDebt,3795000000.0,USD,2023-01-01,2023-12-31,2026-02-19,10-K,duration
cash_flow,investment_sales,ProceedsFromSaleOfAvailableForSaleSecuritiesDebt,391000000.0,USD,2024-01-01,2024-03-31,2024-04-24,10-Q,duration
cash_flow,investment_sales,ProceedsFromSaleOfAvailableForSaleSecuritiesDebt,391000000.0,USD,2024-01-01,2024-03-31,2025-04-30,10-Q,duration
cash_flow,investment_sales,ProceedsFromSaleOfAvailableForSaleSecuritiesDebt,499000000.0,USD,2024-01-01,2024-06-30,2024-07-31,10-Q,duration
cash_flow,investment_sales,ProceedsFromSaleOfAvailableForSaleSecuritiesDebt,499000000.0,USD,2024-01-01,2024-06-30,2025-07-30,10-Q,duration
cash_flow,investment_sales,ProceedsFromSaleOfAvailableForSaleSecuritiesDebt,1758000000.0,USD,2024-01-01,2024-09-30,2024-10-30,10-Q,duration
cash_flow,investment_sales,ProceedsFromSaleOfAvailableForSaleSecuritiesDebt,1758000000.0,USD,2024-01-01,2024-09-30,2025-11-05,10-Q,duration
cash_flow,investment_sales,ProceedsFromSaleOfAvailableForSaleSecuritiesDebt,3376000000.0,USD,2024-01-01,2024-12-31,2025-02-20,10-K,duration
cash_flow,investment_sales,ProceedsFromSaleOfAvailableForSaleSecuritiesDebt,3376000000.0,USD,2024-01-01,2024-12-31,2026-02-19,10-K,duration
cash_flow,investment_sales,ProceedsFromSaleOfAvailableForSaleSecuritiesDebt,522000000.0,USD,2025-01-01,2025-03-31,2025-04-30,10-Q,duration
cash_flow,investment_sales,ProceedsFromSaleOfAvailableForSaleSecuritiesDebt,522000000.0,USD,2025-01-01,2025-03-31,2026-04-29,10-Q,duration
cash_flow,investment_sales,ProceedsFromSaleOfAvailableForSaleSecuritiesDebt,1243000000.0,USD,2025-01-01,2025-06-30,2025-07-30,10-Q,duration
cash_flow,investment_sales,ProceedsFromSaleOfAvailableForSaleSecuritiesDebt,5066000000.0,USD,2025-01-01,2025-09-30,2025-11-05,10-Q,duration
cash_flow,investment_sales,ProceedsFromSaleOfAvailableForSaleSecuritiesDebt,6510000000.0,USD,2025-01-01,2025-12-31,2026-02-19,10-K,duration
cash_flow,investment_sales,ProceedsFromSaleOfAvailableForSaleSecuritiesDebt,395000000.0,USD,2026-01-01,2026-03-31,2026-04-29,10-Q,duration
cash_flow,lease_payments,OperatingLeasePayments,39000000.0,USD,2019-01-01,2019-03-31,2019-05-01,10-Q,duration
cash_flow,lease_payments,LesseeOperatingLeaseLiabilityPaymentsDue,505000000.0,USD,,2019-03-31,2019-05-01,10-Q,instant
cash_flow,lease_payments,LesseeOperatingLeaseLiabilityPaymentsDueAfterYearFive,69000000.0,USD,,2019-03-31,2019-05-01,10-Q,instant
cash_flow,lease_payments,LesseeOperatingLeaseLiabilityPaymentsDueYearFive,36000000.0,USD,,2019-03-31,2019-05-01,10-Q,instant
cash_flow,lease_payments,LesseeOperatingLeaseLiabilityPaymentsDueYearFour,78000000.0,USD,,2019-03-31,2019-05-01,10-Q,instant
cash_flow,lease_payments,LesseeOperatingLeaseLiabilityPaymentsDueYearThree,97000000.0,USD,,2019-03-31,2019-05-01,10-Q,instant
cash_flow,lease_payments,LesseeOperatingLeaseLiabilityPaymentsDueYearTwo,117000000.0,USD,,2019-03-31,2019-05-01,10-Q,instant
cash_flow,lease_payments,LesseeOperatingLeaseLiabilityPaymentsRemainderOfFiscalYear,108000000.0,USD,,2019-03-31,2019-05-01,10-Q,instant
cash_flow,lease_payments,OperatingLeasePayments,75000000.0,USD,2019-01-01,2019-06-30,2019-07-31,10-Q,duration
cash_flow,lease_payments,LesseeOperatingLeaseLiabilityPaymentsDue,494000000.0,USD,,2019-06-30,2019-07-31,10-Q,instant
cash_flow,lease_payments,LesseeOperatingLeaseLiabilityPaymentsDueAfterYearFive,74000000.0,USD,,2019-06-30,2019-07-31,10-Q,instant
cash_flow,lease_payments,LesseeOperatingLeaseLiabilityPaymentsDueYearFive,39000000.0,USD,,2019-06-30,2019-07-31,10-Q,instant
cash_flow,lease_payments,LesseeOperatingLeaseLiabilityPaymentsDueYearFour,84000000.0,USD,,2019-06-30,2019-07-31,10-Q,instant
cash_flow,lease_payments,LesseeOperatingLeaseLiabilityPaymentsDueYearThree,103000000.0,USD,,2019-06-30,2019-07-31,10-Q,instant
cash_flow,lease_payments,LesseeOperatingLeaseLiabilityPaymentsDueYearTwo,122000000.0,USD,,2019-06-30,2019-07-31,10-Q,instant
cash_flow,lease_payments,LesseeOperatingLeaseLiabilityPaymentsRemainderOfFiscalYear,72000000.0,USD,,2019-06-30,2019-07-31,10-Q,instant
cash_flow,lease_payments,OperatingLeasePayments,112000000.0,USD,2019-01-01,2019-09-30,2019-11-06,10-Q,duration
cash_flow,lease_payments,LesseeOperatingLeaseLiabilityPaymentsDue,490000000.0,USD,,2019-09-30,2019-11-06,10-Q,instant
cash_flow,lease_payments,LesseeOperatingLeaseLiabilityPaymentsDueAfterYearFive,82000000.0,USD,,2019-09-30,2019-11-06,10-Q,instant
cash_flow,lease_payments,LesseeOperatingLeaseLiabilityPaymentsDueYearFive,45000000.0,USD,,2019-09-30,2019-11-06,10-Q,instant
cash_flow,lease_payments,LesseeOperatingLeaseLiabilityPaymentsDueYearFour,89000000.0,USD,,2019-09-30,2019-11-06,10-Q,instant
cash_flow,lease_payments,LesseeOperatingLeaseLiabilityPaymentsDueYearThree,110000000.0,USD,,2019-09-30,2019-11-06,10-Q,instant
cash_flow,lease_payments,LesseeOperatingLeaseLiabilityPaymentsDueYearTwo,128000000.0,USD,,2019-09-30,2019-11-06,10-Q,instant
cash_flow,lease_payments,LesseeOperatingLeaseLiabilityPaymentsRemainderOfFiscalYear,36000000.0,USD,,2019-09-30,2019-11-06,10-Q,instant
cash_flow,lease_payments,OperatingLeasePayments,151000000.0,USD,2019-01-01,2019-12-31,2020-02-20,10-K,duration
cash_flow,lease_payments,OperatingLeasePayments,151000000.0,USD,2019-01-01,2019-12-31,2021-02-18,10-K,duration
cash_flow,lease_payments,LesseeOperatingLeaseLiabilityPaymentsDue,500000000.0,USD,,2019-12-31,2020-02-20,10-K,instant
cash_flow,lease_payments,LesseeOperatingLeaseLiabilityPaymentsDueAfterYearFive,70000000.0,USD,,2019-12-31,2020-02-20,10-K,instant
cash_flow,lease_payments,LesseeOperatingLeaseLiabilityPaymentsDueNextTwelveMonths,133000000.0,USD,,2019-12-31,2020-02-20,10-K,instant
cash_flow,lease_payments,LesseeOperatingLeaseLiabilityPaymentsDueYearFive,31000000.0,USD,,2019-12-31,2020-02-20,10-K,instant
cash_flow,lease_payments,LesseeOperatingLeaseLiabilityPaymentsDueYearFour,52000000.0,USD,,2019-12-31,2020-02-20,10-K,instant
cash_flow,lease_payments,LesseeOperatingLeaseLiabilityPaymentsDueYearThree,97000000.0,USD,,2019-12-31,2020-02-20,10-K,instant
cash_flow,lease_payments,LesseeOperatingLeaseLiabilityPaymentsDueYearTwo,117000000.0,USD,,2019-12-31,2020-02-20,10-K,instant
cash_flow,lease_payments,OperatingLeasePayments,146000000.0,USD,2020-01-01,2020-12-31,2021-02-18,10-K,duration
cash_flow,lease_payments,OperatingLeasePayments,146000000.0,USD,2020-01-01,2020-12-31,2022-02-17,10-K,duration
cash_flow,lease_payments,OperatingLeasePayments,146000000.0,USD,2020-01-01,2020-12-31,2023-02-16,10-K,duration
cash_flow,lease_payments,LesseeOperatingLeaseLiabilityPaymentsDue,544000000.0,USD,,2020-12-31,2021-02-18,10-K,instant
cash_flow,lease_payments,LesseeOperatingLeaseLiabilityPaymentsDueAfterYearFive,87000000.0,USD,,2020-12-31,2021-02-18,10-K,instant
cash_flow,lease_payments,LesseeOperatingLeaseLiabilityPaymentsDueNextTwelveMonths,146000000.0,USD,,2020-12-31,2021-02-18,10-K,instant
cash_flow,lease_payments,LesseeOperatingLeaseLiabilityPaymentsDueYearFive,41000000.0,USD,,2020-12-31,2021-02-18,10-K,instant
cash_flow,lease_payments,LesseeOperatingLeaseLiabilityPaymentsDueYearFour,59000000.0,USD,,2020-12-31,2021-02-18,10-K,instant
cash_flow,lease_payments,LesseeOperatingLeaseLiabilityPaymentsDueYearThree,82000000.0,USD,,2020-12-31,2021-02-18,10-K,instant
cash_flow,lease_payments,LesseeOperatingLeaseLiabilityPaymentsDueYearTwo,129000000.0,USD,,2020-12-31,2021-02-18,10-K,instant
cash_flow,lease_payments,OperatingLeasePayments,165000000.0,USD,2021-01-01,2021-12-31,2022-02-17,10-K,duration
cash_flow,lease_payments,OperatingLeasePayments,165000000.0,USD,2021-01-01,2021-12-31,2023-02-16,10-K,duration
cash_flow,lease_payments,OperatingLeasePayments,165000000.0,USD,2021-01-01,2021-12-31,2024-02-15,10-K,duration
cash_flow,lease_payments,LesseeOperatingLeaseLiabilityPaymentsDue,805000000.0,USD,,2021-12-31,2022-02-17,10-K,instant
cash_flow,lease_payments,LesseeOperatingLeaseLiabilityPaymentsDueAfterYearFive,129000000.0,USD,,2021-12-31,2022-02-17,10-K,instant
cash_flow,lease_payments,LesseeOperatingLeaseLiabilityPaymentsDueNextTwelveMonths,210000000.0,USD,,2021-12-31,2022-02-17,10-K,instant
cash_flow,lease_payments,LesseeOperatingLeaseLiabilityPaymentsDueYearFive,58000000.0,USD,,2021-12-31,2022-02-17,10-K,instant
cash_flow,lease_payments,LesseeOperatingLeaseLiabilityPaymentsDueYearFour,105000000.0,USD,,2021-12-31,2022-02-17,10-K,instant
cash_flow,lease_payments,LesseeOperatingLeaseLiabilityPaymentsDueYearThree,133000000.0,USD,,2021-12-31,2022-02-17,10-K,instant
cash_flow,lease_payments,LesseeOperatingLeaseLiabilityPaymentsDueYearTwo,170000000.0,USD,,2021-12-31,2022-02-17,10-K,instant
cash_flow,lease_payments,OperatingLeasePayments,191000000.0,USD,2022-01-01,2022-12-31,2023-02-16,10-K,duration
cash_flow,lease_payments,OperatingLeasePayments,191000000.0,USD,2022-01-01,2022-12-31,2024-02-15,10-K,duration
cash_flow,lease_payments,OperatingLeasePayments,191000000.0,USD,2022-01-01,2022-12-31,2025-02-20,10-K,duration
cash_flow,lease_payments,LesseeOperatingLeaseLiabilityPaymentsDue,663000000.0,USD,,2022-12-31,2023-02-16,10-K,instant
cash_flow,lease_payments,LesseeOperatingLeaseLiabilityPaymentsDueAfterYearFive,116000000.0,USD,,2022-12-31,2023-02-16,10-K,instant
cash_flow,lease_payments,LesseeOperatingLeaseLiabilityPaymentsDueNextTwelveMonths,171000000.0,USD,,2022-12-31,2023-02-16,10-K,instant
cash_flow,lease_payments,LesseeOperatingLeaseLiabilityPaymentsDueYearFive,49000000.0,USD,,2022-12-31,2023-02-16,10-K,instant
cash_flow,lease_payments,LesseeOperatingLeaseLiabilityPaymentsDueYearFour,72000000.0,USD,,2022-12-31,2023-02-16,10-K,instant
cash_flow,lease_payments,LesseeOperatingLeaseLiabilityPaymentsDueYearThree,114000000.0,USD,,2022-12-31,2023-02-16,10-K,instant
cash_flow,lease_payments,LesseeOperatingLeaseLiabilityPaymentsDueYearTwo,141000000.0,USD,,2022-12-31,2023-02-16,10-K,instant
cash_flow,lease_payments,OperatingLeasePayments,166000000.0,USD,2023-01-01,2023-12-31,2024-02-15,10-K,duration
cash_flow,lease_payments,OperatingLeasePayments,166000000.0,USD,2023-01-01,2023-12-31,2025-02-20,10-K,duration
cash_flow,lease_payments,OperatingLeasePayments,166000000.0,USD,2023-01-01,2023-12-31,2026-02-19,10-K,duration
cash_flow,lease_payments,LesseeOperatingLeaseLiabilityPaymentsDue,653000000.0,USD,,2023-12-31,2024-02-15,10-K,instant
cash_flow,lease_payments,LesseeOperatingLeaseLiabilityPaymentsDueAfterYearFive,108000000.0,USD,,2023-12-31,2024-02-15,10-K,instant
cash_flow,lease_payments,LesseeOperatingLeaseLiabilityPaymentsDueNextTwelveMonths,169000000.0,USD,,2023-12-31,2024-02-15,10-K,instant
cash_flow,lease_payments,LesseeOperatingLeaseLiabilityPaymentsDueYearFive,54000000.0,USD,,2023-12-31,2024-02-15,10-K,instant
cash_flow,lease_payments,LesseeOperatingLeaseLiabilityPaymentsDueYearFour,75000000.0,USD,,2023-12-31,2024-02-15,10-K,instant
cash_flow,lease_payments,LesseeOperatingLeaseLiabilityPaymentsDueYearThree,102000000.0,USD,,2023-12-31,2024-02-15,10-K,instant
cash_flow,lease_payments,LesseeOperatingLeaseLiabilityPaymentsDueYearTwo,145000000.0,USD,,2023-12-31,2024-02-15,10-K,instant
cash_flow,lease_payments,OperatingLeasePayments,143000000.0,USD,2024-01-01,2024-12-31,2025-02-20,10-K,duration
cash_flow,lease_payments,OperatingLeasePayments,143000000.0,USD,2024-01-01,2024-12-31,2026-02-19,10-K,duration
cash_flow,lease_payments,LesseeOperatingLeaseLiabilityPaymentsDue,562000000.0,USD,,2024-12-31,2025-02-20,10-K,instant
cash_flow,lease_payments,LesseeOperatingLeaseLiabilityPaymentsDueAfterYearFive,69000000.0,USD,,2024-12-31,2025-02-20,10-K,instant
cash_flow,lease_payments,LesseeOperatingLeaseLiabilityPaymentsDueNextTwelveMonths,147000000.0,USD,,2024-12-31,2025-02-20,10-K,instant
cash_flow,lease_payments,LesseeOperatingLeaseLiabilityPaymentsDueYearFive,40000000.0,USD,,2024-12-31,2025-02-20,10-K,instant
cash_flow,lease_payments,LesseeOperatingLeaseLiabilityPaymentsDueYearFour,78000000.0,USD,,2024-12-31,2025-02-20,10-K,instant
cash_flow,lease_payments,LesseeOperatingLeaseLiabilityPaymentsDueYearThree,103000000.0,USD,,2024-12-31,2025-02-20,10-K,instant
cash_flow,lease_payments,LesseeOperatingLeaseLiabilityPaymentsDueYearTwo,125000000.0,USD,,2024-12-31,2025-02-20,10-K,instant
cash_flow,lease_payments,OperatingLeasePayments,140000000.0,USD,2025-01-01,2025-12-31,2026-02-19,10-K,duration
cash_flow,lease_payments,LesseeOperatingLeaseLiabilityPaymentsDue,632000000.0,USD,,2025-12-31,2026-02-19,10-K,instant
cash_flow,lease_payments,LesseeOperatingLeaseLiabilityPaymentsDueAfterYearFive,138000000.0,USD,,2025-12-31,2026-02-19,10-K,instant
cash_flow,lease_payments,LesseeOperatingLeaseLiabilityPaymentsDueNextTwelveMonths,150000000.0,USD,,2025-12-31,2026-02-19,10-K,instant
cash_flow,lease_payments,LesseeOperatingLeaseLiabilityPaymentsDueYearFive,46000000.0,USD,,2025-12-31,2026-02-19,10-K,instant
cash_flow,lease_payments,LesseeOperatingLeaseLiabilityPaymentsDueYearFour,67000000.0,USD,,2025-12-31,2026-02-19,10-K,instant
cash_flow,lease_payments,LesseeOperatingLeaseLiabilityPaymentsDueYearThree,104000000.0,USD,,2025-12-31,2026-02-19,10-K,instant
cash_flow,lease_payments,LesseeOperatingLeaseLiabilityPaymentsDueYearTwo,127000000.0,USD,,2025-12-31,2026-02-19,10-K,instant
cash_flow,operating_cash_flow,NetCashProvidedByUsedInOperatingActivities,1224262000.0,USD,2007-01-01,2007-12-31,2010-02-19,10-K,duration
cash_flow,operating_cash_flow,NetCashProvidedByUsedInOperatingActivities,108462000.0,USD,2008-01-01,2008-06-30,2009-08-03,10-Q,duration
cash_flow,operating_cash_flow,NetCashProvidedByUsedInOperatingActivities,685737000.0,USD,2008-01-01,2008-09-30,2009-11-03,10-Q,duration
cash_flow,operating_cash_flow,NetCashProvidedByUsedInOperatingActivities,982310000.0,USD,2008-01-01,2008-12-31,2010-02-19,10-K,duration
cash_flow,operating_cash_flow,NetCashProvidedByUsedInOperatingActivities,982310000.0,USD,2008-01-01,2008-12-31,2011-02-18,10-K,duration
cash_flow,operating_cash_flow,NetCashProvidedByUsedInOperatingActivities,982310000.0,USD,2008-01-01,2008-12-31,2011-10-20,8-K,duration
cash_flow,operating_cash_flow,NetCashProvidedByUsedInOperatingActivities,45520000.0,USD,2009-01-01,2009-03-31,2010-04-27,10-Q,duration
cash_flow,operating_cash_flow,NetCashProvidedByUsedInOperatingActivities,207380000.0,USD,2009-01-01,2009-06-30,2009-08-03,10-Q,duration
cash_flow,operating_cash_flow,NetCashProvidedByUsedInOperatingActivities,207380000.0,USD,2009-01-01,2009-06-30,2010-08-02,10-Q,duration
cash_flow,operating_cash_flow,NetCashProvidedByUsedInOperatingActivities,1147491000.0,USD,2009-01-01,2009-09-30,2009-11-03,10-Q,duration
cash_flow,operating_cash_flow,NetCashProvidedByUsedInOperatingActivities,1147491000.0,USD,2009-01-01,2009-09-30,2010-11-01,10-Q,duration
cash_flow,operating_cash_flow,NetCashProvidedByUsedInOperatingActivities,1421582000.0,USD,2009-01-01,2009-12-31,2010-02-19,10-K,duration
cash_flow,operating_cash_flow,NetCashProvidedByUsedInOperatingActivities,1421582000.0,USD,2009-01-01,2009-12-31,2011-02-18,10-K,duration
cash_flow,operating_cash_flow,NetCashProvidedByUsedInOperatingActivities,1421582000.0,USD,2009-01-01,2009-12-31,2011-10-20,8-K,duration
cash_flow,operating_cash_flow,NetCashProvidedByUsedInOperatingActivities,1422000000.0,USD,2009-01-01,2009-12-31,2012-02-24,10-K,duration
cash_flow,operating_cash_flow,NetCashProvidedByUsedInOperatingActivities,754651000.0,USD,2010-01-01,2010-03-31,2010-04-27,10-Q,duration
cash_flow,operating_cash_flow,NetCashProvidedByUsedInOperatingActivities,754651000.0,USD,2010-01-01,2010-03-31,2011-05-03,10-Q,duration
cash_flow,operating_cash_flow,NetCashProvidedByUsedInOperatingActivities,1079962000.0,USD,2010-01-01,2010-06-30,2010-08-02,10-Q,duration
cash_flow,operating_cash_flow,NetCashProvidedByUsedInOperatingActivities,1079962000.0,USD,2010-01-01,2010-06-30,2011-08-01,10-Q,duration
cash_flow,operating_cash_flow,NetCashProvidedByUsedInOperatingActivities,2289171000.0,USD,2010-01-01,2010-09-30,2010-11-01,10-Q,duration
cash_flow,operating_cash_flow,NetCashProvidedByUsedInOperatingActivities,2289171000.0,USD,2010-01-01,2010-09-30,2011-10-31,10-Q,duration
cash_flow,operating_cash_flow,NetCashProvidedByUsedInOperatingActivities,2241794000.0,USD,2010-01-01,2010-12-31,2011-02-18,10-K,duration
cash_flow,operating_cash_flow,NetCashProvidedByUsedInOperatingActivities,2241794000.0,USD,2010-01-01,2010-12-31,2011-10-20,8-K,duration
cash_flow,operating_cash_flow,NetCashProvidedByUsedInOperatingActivities,2242000000.0,USD,2010-01-01,2010-12-31,2012-02-24,10-K,duration
cash_flow,operating_cash_flow,NetCashProvidedByUsedInOperatingActivities,2242000000.0,USD,2010-01-01,2010-12-31,2013-02-22,10-K,duration
cash_flow,operating_cash_flow,NetCashProvidedByUsedInOperatingActivities,795452000.0,USD,2011-01-01,2011-03-31,2011-05-03,10-Q,duration
cash_flow,operating_cash_flow,NetCashProvidedByUsedInOperatingActivities,796000000.0,USD,2011-01-01,2011-03-31,2012-04-30,10-Q,duration
cash_flow,operating_cash_flow,NetCashProvidedByUsedInOperatingActivities,956665000.0,USD,2011-01-01,2011-06-30,2011-08-01,10-Q,duration
cash_flow,operating_cash_flow,NetCashProvidedByUsedInOperatingActivities,957000000.0,USD,2011-01-01,2011-06-30,2012-08-01,10-Q,duration
cash_flow,operating_cash_flow,NetCashProvidedByUsedInOperatingActivities,3875980000.0,USD,2011-01-01,2011-09-30,2011-10-31,10-Q,duration
cash_flow,operating_cash_flow,NetCashProvidedByUsedInOperatingActivities,3876000000.0,USD,2011-01-01,2011-09-30,2012-11-05,10-Q,duration
cash_flow,operating_cash_flow,NetCashProvidedByUsedInOperatingActivities,2079000000.0,USD,2011-01-01,2011-12-31,2012-02-24,10-K,duration
cash_flow,operating_cash_flow,NetCashProvidedByUsedInOperatingActivities,2079000000.0,USD,2011-01-01,2011-12-31,2013-02-22,10-K,duration
cash_flow,operating_cash_flow,NetCashProvidedByUsedInOperatingActivities,2079000000.0,USD,2011-01-01,2011-12-31,2014-02-19,10-K,duration
cash_flow,operating_cash_flow,NetCashProvidedByUsedInOperatingActivitiesContinuingOperations,2079000000.0,USD,2011-01-01,2011-12-31,2014-09-16,8-K,duration
cash_flow,operating_cash_flow,NetCashProvidedByUsedInOperatingActivities,2346000000.0,USD,2012-01-01,2012-03-31,2012-04-30,10-Q,duration
cash_flow,operating_cash_flow,NetCashProvidedByUsedInOperatingActivities,2346000000.0,USD,2012-01-01,2012-03-31,2013-05-01,10-Q,duration
cash_flow,operating_cash_flow,NetCashProvidedByUsedInOperatingActivities,3052000000.0,USD,2012-01-01,2012-06-30,2012-08-01,10-Q,duration
cash_flow,operating_cash_flow,NetCashProvidedByUsedInOperatingActivities,3052000000.0,USD,2012-01-01,2012-06-30,2013-07-31,10-Q,duration
cash_flow,operating_cash_flow,NetCashProvidedByUsedInOperatingActivities,1718000000.0,USD,2012-01-01,2012-09-30,2012-11-05,10-Q,duration
cash_flow,operating_cash_flow,NetCashProvidedByUsedInOperatingActivities,1718000000.0,USD,2012-01-01,2012-09-30,2013-11-06,10-Q,duration
cash_flow,operating_cash_flow,NetCashProvidedByUsedInOperatingActivities,1923000000.0,USD,2012-01-01,2012-12-31,2013-02-22,10-K,duration
cash_flow,operating_cash_flow,NetCashProvidedByUsedInOperatingActivities,1923000000.0,USD,2012-01-01,2012-12-31,2014-02-19,10-K,duration
cash_flow,operating_cash_flow,NetCashProvidedByUsedInOperatingActivitiesContinuingOperations,1923000000.0,USD,2012-01-01,2012-12-31,2014-09-16,8-K,duration
cash_flow,operating_cash_flow,NetCashProvidedByUsedInOperatingActivities,1923000000.0,USD,2012-01-01,2012-12-31,2015-02-18,10-K,duration
cash_flow,operating_cash_flow,NetCashProvidedByUsedInOperatingActivities,1923000000.0,USD,2012-01-01,2012-12-31,2015-08-10,8-K,duration
cash_flow,operating_cash_flow,NetCashProvidedByUsedInOperatingActivities,412000000.0,USD,2013-01-01,2013-03-31,2013-05-01,10-Q,duration
cash_flow,operating_cash_flow,NetCashProvidedByUsedInOperatingActivities,412000000.0,USD,2013-01-01,2013-03-31,2014-05-07,10-Q,duration
cash_flow,operating_cash_flow,NetCashProvidedByUsedInOperatingActivities,585000000.0,USD,2013-01-01,2013-06-30,2013-07-31,10-Q,duration
cash_flow,operating_cash_flow,NetCashProvidedByUsedInOperatingActivitiesContinuingOperations,585000000.0,USD,2013-01-01,2013-06-30,2014-07-30,10-Q,duration
cash_flow,operating_cash_flow,NetCashProvidedByUsedInOperatingActivities,1732000000.0,USD,2013-01-01,2013-09-30,2013-11-06,10-Q,duration
cash_flow,operating_cash_flow,NetCashProvidedByUsedInOperatingActivities,1732000000.0,USD,2013-01-01,2013-09-30,2014-11-07,10-Q,duration
cash_flow,operating_cash_flow,NetCashProvidedByUsedInOperatingActivities,1716000000.0,USD,2013-01-01,2013-12-31,2014-02-19,10-K,duration
cash_flow,operating_cash_flow,NetCashProvidedByUsedInOperatingActivitiesContinuingOperations,1716000000.0,USD,2013-01-01,2013-12-31,2014-09-16,8-K,duration
cash_flow,operating_cash_flow,NetCashProvidedByUsedInOperatingActivities,1716000000.0,USD,2013-01-01,2013-12-31,2015-02-18,10-K,duration
cash_flow,operating_cash_flow,NetCashProvidedByUsedInOperatingActivities,1716000000.0,USD,2013-01-01,2013-12-31,2015-08-10,8-K,duration
cash_flow,operating_cash_flow,NetCashProvidedByUsedInOperatingActivities,1716000000.0,USD,2013-01-01,2013-12-31,2016-02-18,10-K,duration
cash_flow,operating_cash_flow,NetCashProvidedByUsedInOperatingActivities,671000000.0,USD,2014-01-01,2014-03-31,2014-05-07,10-Q,duration
cash_flow,operating_cash_flow,NetCashProvidedByUsedInOperatingActivities,671000000.0,USD,2014-01-01,2014-03-31,2015-04-29,10-Q,duration
cash_flow,operating_cash_flow,NetCashProvidedByUsedInOperatingActivitiesContinuingOperations,471000000.0,USD,2014-01-01,2014-06-30,2014-07-30,10-Q,duration
cash_flow,operating_cash_flow,NetCashProvidedByUsedInOperatingActivities,471000000.0,USD,2014-01-01,2014-06-30,2015-07-29,10-Q,duration
cash_flow,operating_cash_flow,NetCashProvidedByUsedInOperatingActivities,1425000000.0,USD,2014-01-01,2014-09-30,2014-11-07,10-Q,duration
cash_flow,operating_cash_flow,NetCashProvidedByUsedInOperatingActivities,1425000000.0,USD,2014-01-01,2014-09-30,2015-11-06,10-Q,duration
cash_flow,operating_cash_flow,NetCashProvidedByUsedInOperatingActivities,1618000000.0,USD,2014-01-01,2014-12-31,2015-02-18,10-K,duration
cash_flow,operating_cash_flow,NetCashProvidedByUsedInOperatingActivities,1618000000.0,USD,2014-01-01,2014-12-31,2015-08-10,8-K,duration
cash_flow,operating_cash_flow,NetCashProvidedByUsedInOperatingActivities,1618000000.0,USD,2014-01-01,2014-12-31,2016-02-18,10-K,duration
cash_flow,operating_cash_flow,NetCashProvidedByUsedInOperatingActivities,1618000000.0,USD,2014-01-01,2014-12-31,2017-02-17,10-K,duration
cash_flow,operating_cash_flow,NetCashProvidedByUsedInOperatingActivities,1618000000.0,USD,2014-01-01,2014-12-31,2017-12-14,8-K,duration
cash_flow,operating_cash_flow,NetCashProvidedByUsedInOperatingActivities,107000000.0,USD,2015-01-01,2015-03-31,2015-04-29,10-Q,duration
cash_flow,operating_cash_flow,NetCashProvidedByUsedInOperatingActivities,107000000.0,USD,2015-01-01,2015-03-31,2016-05-04,10-Q,duration
cash_flow,operating_cash_flow,NetCashProvidedByUsedInOperatingActivities,-501000000.0,USD,2015-01-01,2015-06-30,2015-07-29,10-Q,duration
cash_flow,operating_cash_flow,NetCashProvidedByUsedInOperatingActivities,-501000000.0,USD,2015-01-01,2015-06-30,2016-08-03,10-Q,duration
cash_flow,operating_cash_flow,NetCashProvidedByUsedInOperatingActivities,531000000.0,USD,2015-01-01,2015-09-30,2015-11-06,10-Q,duration
cash_flow,operating_cash_flow,NetCashProvidedByUsedInOperatingActivities,531000000.0,USD,2015-01-01,2015-09-30,2016-11-04,10-Q,duration
cash_flow,operating_cash_flow,NetCashProvidedByUsedInOperatingActivities,868000000.0,USD,2015-01-01,2015-12-31,2016-02-18,10-K,duration
cash_flow,operating_cash_flow,NetCashProvidedByUsedInOperatingActivities,868000000.0,USD,2015-01-01,2015-12-31,2017-02-17,10-K,duration
cash_flow,operating_cash_flow,NetCashProvidedByUsedInOperatingActivities,868000000.0,USD,2015-01-01,2015-12-31,2017-12-14,8-K,duration
cash_flow,operating_cash_flow,NetCashProvidedByUsedInOperatingActivities,868000000.0,USD,2015-01-01,2015-12-31,2018-02-16,10-K,duration
cash_flow,operating_cash_flow,NetCashProvidedByUsedInOperatingActivities,482000000.0,USD,2016-01-01,2016-03-31,2016-05-04,10-Q,duration
cash_flow,operating_cash_flow,NetCashProvidedByUsedInOperatingActivities,502000000.0,USD,2016-01-01,2016-03-31,2017-05-03,10-Q,duration
cash_flow,operating_cash_flow,NetCashProvidedByUsedInOperatingActivities,206000000.0,USD,2016-01-01,2016-06-30,2016-08-03,10-Q,duration
cash_flow,operating_cash_flow,NetCashProvidedByUsedInOperatingActivities,206000000.0,USD,2016-01-01,2016-06-30,2017-08-02,10-Q,duration
cash_flow,operating_cash_flow,NetCashProvidedByUsedInOperatingActivities,4709000000.0,USD,2016-01-01,2016-09-30,2016-11-04,10-Q,duration
cash_flow,operating_cash_flow,NetCashProvidedByUsedInOperatingActivities,4709000000.0,USD,2016-01-01,2016-09-30,2017-11-08,10-Q,duration
cash_flow,operating_cash_flow,NetCashProvidedByUsedInOperatingActivities,1936000000.0,USD,2016-01-01,2016-12-31,2017-02-17,10-K,duration
cash_flow,operating_cash_flow,NetCashProvidedByUsedInOperatingActivities,1936000000.0,USD,2016-01-01,2016-12-31,2017-12-14,8-K,duration
cash_flow,operating_cash_flow,NetCashProvidedByUsedInOperatingActivities,1936000000.0,USD,2016-01-01,2016-12-31,2018-02-16,10-K,duration
cash_flow,operating_cash_flow,NetCashProvidedByUsedInOperatingActivities,1936000000.0,USD,2016-01-01,2016-12-31,2019-02-21,10-K,duration
cash_flow,operating_cash_flow,NetCashProvidedByUsedInOperatingActivities,4205000000.0,USD,2017-01-01,2017-03-31,2017-05-03,10-Q,duration
cash_flow,operating_cash_flow,NetCashProvidedByUsedInOperatingActivities,4205000000.0,USD,2017-01-01,2017-03-31,2018-05-02,10-Q,duration
cash_flow,operating_cash_flow,NetCashProvidedByUsedInOperatingActivities,4099000000.0,USD,2017-01-01,2017-06-30,2017-08-02,10-Q,duration
cash_flow,operating_cash_flow,NetCashProvidedByUsedInOperatingActivities,4099000000.0,USD,2017-01-01,2017-06-30,2018-08-01,10-Q,duration
cash_flow,operating_cash_flow,NetCashProvidedByUsedInOperatingActivities,6962000000.0,USD,2017-01-01,2017-09-30,2017-11-08,10-Q,duration
cash_flow,operating_cash_flow,NetCashProvidedByUsedInOperatingActivities,6962000000.0,USD,2017-01-01,2017-09-30,2018-11-07,10-Q,duration
cash_flow,operating_cash_flow,NetCashProvidedByUsedInOperatingActivities,4051000000.0,USD,2017-01-01,2017-12-31,2018-02-16,10-K,duration
cash_flow,operating_cash_flow,NetCashProvidedByUsedInOperatingActivities,4051000000.0,USD,2017-01-01,2017-12-31,2019-02-21,10-K,duration
cash_flow,operating_cash_flow,NetCashProvidedByUsedInOperatingActivities,4051000000.0,USD,2017-01-01,2017-12-31,2020-02-20,10-K,duration
cash_flow,operating_cash_flow,NetCashProvidedByUsedInOperatingActivities,3686000000.0,USD,2018-01-01,2018-03-31,2018-05-02,10-Q,duration
cash_flow,operating_cash_flow,NetCashProvidedByUsedInOperatingActivities,3686000000.0,USD,2018-01-01,2018-03-31,2019-05-01,10-Q,duration
cash_flow,operating_cash_flow,NetCashProvidedByUsedInOperatingActivities,3561000000.0,USD,2018-01-01,2018-06-30,2018-08-01,10-Q,duration
cash_flow,operating_cash_flow,NetCashProvidedByUsedInOperatingActivities,3561000000.0,USD,2018-01-01,2018-06-30,2019-07-31,10-Q,duration
cash_flow,operating_cash_flow,NetCashProvidedByUsedInOperatingActivities,2506000000.0,USD,2018-01-01,2018-09-30,2018-11-07,10-Q,duration
cash_flow,operating_cash_flow,NetCashProvidedByUsedInOperatingActivities,2506000000.0,USD,2018-01-01,2018-09-30,2019-11-06,10-Q,duration
cash_flow,operating_cash_flow,NetCashProvidedByUsedInOperatingActivities,2173000000.0,USD,2018-01-01,2018-12-31,2019-02-21,10-K,duration
cash_flow,operating_cash_flow,NetCashProvidedByUsedInOperatingActivities,2173000000.0,USD,2018-01-01,2018-12-31,2020-02-20,10-K,duration
cash_flow,operating_cash_flow,NetCashProvidedByUsedInOperatingActivities,2173000000.0,USD,2018-01-01,2018-12-31,2021-02-18,10-K,duration
cash_flow,operating_cash_flow,NetCashProvidedByUsedInOperatingActivities,896000000.0,USD,2019-01-01,2019-03-31,2019-05-01,10-Q,duration
cash_flow,operating_cash_flow,NetCashProvidedByUsedInOperatingActivities,896000000.0,USD,2019-01-01,2019-03-31,2020-04-29,10-Q,duration
cash_flow,operating_cash_flow,NetCashProvidedByUsedInOperatingActivities,2330000000.0,USD,2019-01-01,2019-06-30,2019-07-31,10-Q,duration
cash_flow,operating_cash_flow,NetCashProvidedByUsedInOperatingActivities,2330000000.0,USD,2019-01-01,2019-06-30,2020-08-05,10-Q,duration
cash_flow,operating_cash_flow,NetCashProvidedByUsedInOperatingActivities,4772000000.0,USD,2019-01-01,2019-09-30,2019-11-06,10-Q,duration
cash_flow,operating_cash_flow,NetCashProvidedByUsedInOperatingActivities,4772000000.0,USD,2019-01-01,2019-09-30,2020-11-03,10-Q,duration
cash_flow,operating_cash_flow,NetCashProvidedByUsedInOperatingActivities,5284000000.0,USD,2019-01-01,2019-12-31,2020-02-20,10-K,duration
cash_flow,operating_cash_flow,NetCashProvidedByUsedInOperatingActivities,5284000000.0,USD,2019-01-01,2019-12-31,2021-02-18,10-K,duration
cash_flow,operating_cash_flow,NetCashProvidedByUsedInOperatingActivities,5284000000.0,USD,2019-01-01,2019-12-31,2022-02-17,10-K,duration
cash_flow,operating_cash_flow,NetCashProvidedByUsedInOperatingActivities,474000000.0,USD,2020-01-01,2020-03-31,2020-04-29,10-Q,duration
cash_flow,operating_cash_flow,NetCashProvidedByUsedInOperatingActivities,474000000.0,USD,2020-01-01,2020-03-31,2021-04-28,10-Q,duration
cash_flow,operating_cash_flow,NetCashProvidedByUsedInOperatingActivities,3541000000.0,USD,2020-01-01,2020-06-30,2020-08-05,10-Q,duration
cash_flow,operating_cash_flow,NetCashProvidedByUsedInOperatingActivities,3541000000.0,USD,2020-01-01,2020-06-30,2021-07-28,10-Q,duration
cash_flow,operating_cash_flow,NetCashProvidedByUsedInOperatingActivities,5356000000.0,USD,2020-01-01,2020-09-30,2020-11-03,10-Q,duration
cash_flow,operating_cash_flow,NetCashProvidedByUsedInOperatingActivities,5356000000.0,USD,2020-01-01,2020-09-30,2021-11-03,10-Q,duration
cash_flow,operating_cash_flow,NetCashProvidedByUsedInOperatingActivities,5639000000.0,USD,2020-01-01,2020-12-31,2021-02-18,10-K,duration
cash_flow,operating_cash_flow,NetCashProvidedByUsedInOperatingActivities,5639000000.0,USD,2020-01-01,2020-12-31,2022-02-17,10-K,duration
cash_flow,operating_cash_flow,NetCashProvidedByUsedInOperatingActivities,5639000000.0,USD,2020-01-01,2020-12-31,2023-02-16,10-K,duration
cash_flow,operating_cash_flow,NetCashProvidedByUsedInOperatingActivities,-837000000.0,USD,2021-01-01,2021-03-31,2021-04-28,10-Q,duration
cash_flow,operating_cash_flow,NetCashProvidedByUsedInOperatingActivities,-837000000.0,USD,2021-01-01,2021-03-31,2022-04-27,10-Q,duration
cash_flow,operating_cash_flow,NetCashProvidedByUsedInOperatingActivities,-477000000.0,USD,2021-01-01,2021-06-30,2021-07-28,10-Q,duration
cash_flow,operating_cash_flow,NetCashProvidedByUsedInOperatingActivities,-477000000.0,USD,2021-01-01,2021-06-30,2022-07-27,10-Q,duration
cash_flow,operating_cash_flow,NetCashProvidedByUsedInOperatingActivities,2358000000.0,USD,2021-01-01,2021-09-30,2021-11-03,10-Q,duration
cash_flow,operating_cash_flow,NetCashProvidedByUsedInOperatingActivities,2358000000.0,USD,2021-01-01,2021-09-30,2022-11-02,10-Q,duration
cash_flow,operating_cash_flow,NetCashProvidedByUsedInOperatingActivities,2262000000.0,USD,2021-01-01,2021-12-31,2022-02-17,10-K,duration
cash_flow,operating_cash_flow,NetCashProvidedByUsedInOperatingActivities,2262000000.0,USD,2021-01-01,2021-12-31,2023-02-16,10-K,duration
cash_flow,operating_cash_flow,NetCashProvidedByUsedInOperatingActivities,2262000000.0,USD,2021-01-01,2021-12-31,2024-02-15,10-K,duration
cash_flow,operating_cash_flow,NetCashProvidedByUsedInOperatingActivities,302000000.0,USD,2022-01-01,2022-03-31,2022-04-27,10-Q,duration
cash_flow,operating_cash_flow,NetCashProvidedByUsedInOperatingActivities,302000000.0,USD,2022-01-01,2022-03-31,2023-04-26,10-Q,duration
cash_flow,operating_cash_flow,NetCashProvidedByUsedInOperatingActivities,1261000000.0,USD,2022-01-01,2022-06-30,2022-07-27,10-Q,duration
cash_flow,operating_cash_flow,NetCashProvidedByUsedInOperatingActivities,1261000000.0,USD,2022-01-01,2022-06-30,2023-08-02,10-Q,duration
cash_flow,operating_cash_flow,NetCashProvidedByUsedInOperatingActivities,9714000000.0,USD,2022-01-01,2022-09-30,2022-11-02,10-Q,duration
cash_flow,operating_cash_flow,NetCashProvidedByUsedInOperatingActivities,9714000000.0,USD,2022-01-01,2022-09-30,2023-11-01,10-Q,duration
cash_flow,operating_cash_flow,NetCashProvidedByUsedInOperatingActivities,4587000000.0,USD,2022-01-01,2022-12-31,2023-02-16,10-K,duration
cash_flow,operating_cash_flow,NetCashProvidedByUsedInOperatingActivities,4587000000.0,USD,2022-01-01,2022-12-31,2024-02-15,10-K,duration
cash_flow,operating_cash_flow,NetCashProvidedByUsedInOperatingActivities,4587000000.0,USD,2022-01-01,2022-12-31,2025-02-20,10-K,duration
cash_flow,operating_cash_flow,NetCashProvidedByUsedInOperatingActivities,6687000000.0,USD,2023-01-01,2023-03-31,2023-04-26,10-Q,duration
cash_flow,operating_cash_flow,NetCashProvidedByUsedInOperatingActivities,6687000000.0,USD,2023-01-01,2023-03-31,2024-04-24,10-Q,duration
cash_flow,operating_cash_flow,NetCashProvidedByUsedInOperatingActivities,9863000000.0,USD,2023-01-01,2023-06-30,2023-08-02,10-Q,duration
cash_flow,operating_cash_flow,NetCashProvidedByUsedInOperatingActivities,9863000000.0,USD,2023-01-01,2023-06-30,2024-07-31,10-Q,duration
cash_flow,operating_cash_flow,NetCashProvidedByUsedInOperatingActivities,11115000000.0,USD,2023-01-01,2023-09-30,2023-11-01,10-Q,duration
cash_flow,operating_cash_flow,NetCashProvidedByUsedInOperatingActivities,11115000000.0,USD,2023-01-01,2023-09-30,2024-10-30,10-Q,duration
cash_flow,operating_cash_flow,NetCashProvidedByUsedInOperatingActivities,3981000000.0,USD,2023-01-01,2023-12-31,2024-02-15,10-K,duration
cash_flow,operating_cash_flow,NetCashProvidedByUsedInOperatingActivities,3981000000.0,USD,2023-01-01,2023-12-31,2025-02-20,10-K,duration
cash_flow,operating_cash_flow,NetCashProvidedByUsedInOperatingActivities,3981000000.0,USD,2023-01-01,2023-12-31,2026-02-19,10-K,duration
cash_flow,operating_cash_flow,NetCashProvidedByUsedInOperatingActivities,423000000.0,USD,2024-01-01,2024-03-31,2024-04-24,10-Q,duration
cash_flow,operating_cash_flow,NetCashProvidedByUsedInOperatingActivities,423000000.0,USD,2024-01-01,2024-03-31,2025-04-30,10-Q,duration
cash_flow,operating_cash_flow,NetCashProvidedByUsedInOperatingActivities,1636000000.0,USD,2024-01-01,2024-06-30,2024-07-31,10-Q,duration
cash_flow,operating_cash_flow,NetCashProvidedByUsedInOperatingActivities,1636000000.0,USD,2024-01-01,2024-06-30,2025-07-30,10-Q,duration
cash_flow,operating_cash_flow,NetCashProvidedByUsedInOperatingActivities,3494000000.0,USD,2024-01-01,2024-09-30,2024-10-30,10-Q,duration
cash_flow,operating_cash_flow,NetCashProvidedByUsedInOperatingActivities,3494000000.0,USD,2024-01-01,2024-09-30,2025-11-05,10-Q,duration
cash_flow,operating_cash_flow,NetCashProvidedByUsedInOperatingActivities,2966000000.0,USD,2024-01-01,2024-12-31,2025-02-20,10-K,duration
cash_flow,operating_cash_flow,NetCashProvidedByUsedInOperatingActivities,2966000000.0,USD,2024-01-01,2024-12-31,2026-02-19,10-K,duration
cash_flow,operating_cash_flow,NetCashProvidedByUsedInOperatingActivities,331000000.0,USD,2025-01-01,2025-03-31,2025-04-30,10-Q,duration
cash_flow,operating_cash_flow,NetCashProvidedByUsedInOperatingActivities,331000000.0,USD,2025-01-01,2025-03-31,2026-04-29,10-Q,duration
cash_flow,operating_cash_flow,NetCashProvidedByUsedInOperatingActivities,1602000000.0,USD,2025-01-01,2025-06-30,2025-07-30,10-Q,duration
cash_flow,operating_cash_flow,NetCashProvidedByUsedInOperatingActivities,2573000000.0,USD,2025-01-01,2025-09-30,2025-11-05,10-Q,duration
cash_flow,operating_cash_flow,NetCashProvidedByUsedInOperatingActivities,921000000.0,USD,2025-01-01,2025-12-31,2026-02-19,10-K,duration
cash_flow,operating_cash_flow,NetCashProvidedByUsedInOperatingActivities,1254000000.0,USD,2026-01-01,2026-03-31,2026-04-29,10-Q,duration
cash_flow,other_financing_activity,ProceedsFromRepaymentsOfBankOverdrafts,-24379000.0,USD,2007-01-01,2007-12-31,2010-02-19,10-K,duration
cash_flow,other_financing_activity,ProceedsFromRepaymentsOfBankOverdrafts,28739000.0,USD,2008-01-01,2008-06-30,2009-08-03,10-Q,duration
cash_flow,other_financing_activity,ProceedsFromRepaymentsOfBankOverdrafts,-11546000.0,USD,2008-01-01,2008-09-30,2009-11-03,10-Q,duration
cash_flow,other_financing_activity,ProceedsFromRepaymentsOfBankOverdrafts,-44684000.0,USD,2008-01-01,2008-12-31,2010-02-19,10-K,duration
cash_flow,other_financing_activity,ProceedsFromRepaymentsOfBankOverdrafts,33520000.0,USD,2009-01-01,2009-03-31,2010-04-27,10-Q,duration
cash_flow,other_financing_activity,ProceedsFromRepaymentsOfBankOverdrafts,-70689000.0,USD,2009-01-01,2009-06-30,2009-08-03,10-Q,duration
cash_flow,other_financing_activity,ProceedsFromRepaymentsOfBankOverdrafts,-25158000.0,USD,2009-01-01,2009-09-30,2009-11-03,10-Q,duration
cash_flow,other_financing_activity,ProceedsFromRepaymentsOfBankOverdrafts,149922000.0,USD,2009-01-01,2009-12-31,2010-02-19,10-K,duration
cash_flow,other_financing_activity,ProceedsFromRepaymentsOfBankOverdrafts,-138426000.0,USD,2010-01-01,2010-03-31,2010-04-27,10-Q,duration
cash_flow,other_financing_activity,ProceedsFromPaymentsForOtherFinancingActivities,49000000.0,USD,2020-01-01,2020-12-31,2023-02-16,10-K,duration
cash_flow,other_financing_activity,ProceedsFromPaymentsForOtherFinancingActivities,1000000.0,USD,2021-01-01,2021-03-31,2022-04-27,10-Q,duration
cash_flow,other_financing_activity,ProceedsFromPaymentsForOtherFinancingActivities,5000000.0,USD,2021-01-01,2021-06-30,2022-07-27,10-Q,duration
cash_flow,other_financing_activity,ProceedsFromPaymentsForOtherFinancingActivities,3000000.0,USD,2021-01-01,2021-09-30,2022-11-02,10-Q,duration
cash_flow,other_financing_activity,ProceedsFromPaymentsForOtherFinancingActivities,21000000.0,USD,2021-01-01,2021-12-31,2023-02-16,10-K,duration
cash_flow,other_financing_activity,ProceedsFromPaymentsForOtherFinancingActivities,21000000.0,USD,2021-01-01,2021-12-31,2024-02-15,10-K,duration
cash_flow,other_financing_activity,ProceedsFromPaymentsForOtherFinancingActivities,-13000000.0,USD,2022-01-01,2022-03-31,2022-04-27,10-Q,duration
cash_flow,other_financing_activity,ProceedsFromPaymentsForOtherFinancingActivities,-13000000.0,USD,2022-01-01,2022-03-31,2023-04-26,10-Q,duration
cash_flow,other_financing_activity,ProceedsFromPaymentsForOtherFinancingActivities,-11000000.0,USD,2022-01-01,2022-06-30,2022-07-27,10-Q,duration
cash_flow,other_financing_activity,ProceedsFromPaymentsForOtherFinancingActivities,-11000000.0,USD,2022-01-01,2022-06-30,2023-08-02,10-Q,duration
cash_flow,other_financing_activity,ProceedsFromPaymentsForOtherFinancingActivities,-13000000.0,USD,2022-01-01,2022-09-30,2022-11-02,10-Q,duration
cash_flow,other_financing_activity,ProceedsFromPaymentsForOtherFinancingActivities,-13000000.0,USD,2022-01-01,2022-09-30,2023-11-01,10-Q,duration
cash_flow,other_financing_activity,ProceedsFromPaymentsForOtherFinancingActivities,9000000.0,USD,2022-01-01,2022-12-31,2023-02-16,10-K,duration
cash_flow,other_financing_activity,ProceedsFromPaymentsForOtherFinancingActivities,9000000.0,USD,2022-01-01,2022-12-31,2024-02-15,10-K,duration
cash_flow,other_financing_activity,ProceedsFromPaymentsForOtherFinancingActivities,9000000.0,USD,2022-01-01,2022-12-31,2025-02-20,10-K,duration
cash_flow,other_financing_activity,ProceedsFromPaymentsForOtherFinancingActivities,-106000000.0,USD,2023-01-01,2023-03-31,2023-04-26,10-Q,duration
cash_flow,other_financing_activity,ProceedsFromPaymentsForOtherFinancingActivities,-106000000.0,USD,2023-01-01,2023-03-31,2024-04-24,10-Q,duration
cash_flow,other_financing_activity,ProceedsFromPaymentsForOtherFinancingActivities,-120000000.0,USD,2023-01-01,2023-06-30,2023-08-02,10-Q,duration
cash_flow,other_financing_activity,ProceedsFromPaymentsForOtherFinancingActivities,-120000000.0,USD,2023-01-01,2023-06-30,2024-07-31,10-Q,duration
cash_flow,other_financing_activity,ProceedsFromPaymentsForOtherFinancingActivities,-135000000.0,USD,2023-01-01,2023-09-30,2023-11-01,10-Q,duration
cash_flow,other_financing_activity,ProceedsFromPaymentsForOtherFinancingActivities,-135000000.0,USD,2023-01-01,2023-09-30,2024-10-30,10-Q,duration
cash_flow,other_financing_activity,ProceedsFromPaymentsForOtherFinancingActivities,-151000000.0,USD,2023-01-01,2023-12-31,2024-02-15,10-K,duration
cash_flow,other_financing_activity,ProceedsFromPaymentsForOtherFinancingActivities,-151000000.0,USD,2023-01-01,2023-12-31,2025-02-20,10-K,duration
cash_flow,other_financing_activity,ProceedsFromPaymentsForOtherFinancingActivities,-151000000.0,USD,2023-01-01,2023-12-31,2026-02-19,10-K,duration
cash_flow,other_financing_activity,ProceedsFromPaymentsForOtherFinancingActivities,-29000000.0,USD,2024-01-01,2024-03-31,2024-04-24,10-Q,duration
cash_flow,other_financing_activity,ProceedsFromPaymentsForOtherFinancingActivities,-29000000.0,USD,2024-01-01,2024-03-31,2025-04-30,10-Q,duration
cash_flow,other_financing_activity,ProceedsFromPaymentsForOtherFinancingActivities,-14000000.0,USD,2024-01-01,2024-06-30,2024-07-31,10-Q,duration
cash_flow,other_financing_activity,ProceedsFromPaymentsForOtherFinancingActivities,-93000000.0,USD,2024-01-01,2024-06-30,2025-07-30,10-Q,duration
cash_flow,other_financing_activity,ProceedsFromPaymentsForOtherFinancingActivities,261000000.0,USD,2024-01-01,2024-09-30,2024-10-30,10-Q,duration
cash_flow,other_financing_activity,ProceedsFromPaymentsForOtherFinancingActivities,-100000000.0,USD,2024-01-01,2024-09-30,2025-11-05,10-Q,duration
cash_flow,other_financing_activity,ProceedsFromPaymentsForOtherFinancingActivities,-108000000.0,USD,2024-01-01,2024-12-31,2025-02-20,10-K,duration
cash_flow,other_financing_activity,ProceedsFromPaymentsForOtherFinancingActivities,-108000000.0,USD,2024-01-01,2024-12-31,2026-02-19,10-K,duration
cash_flow,other_financing_activity,ProceedsFromPaymentsForOtherFinancingActivities,-12000000.0,USD,2025-01-01,2025-03-31,2025-04-30,10-Q,duration
cash_flow,other_financing_activity,ProceedsFromPaymentsForOtherFinancingActivities,-12000000.0,USD,2025-01-01,2025-03-31,2026-04-29,10-Q,duration
cash_flow,other_financing_activity,ProceedsFromPaymentsForOtherFinancingActivities,-62000000.0,USD,2025-01-01,2025-06-30,2025-07-30,10-Q,duration
cash_flow,other_financing_activity,ProceedsFromPaymentsForOtherFinancingActivities,-76000000.0,USD,2025-01-01,2025-09-30,2025-11-05,10-Q,duration
cash_flow,other_financing_activity,ProceedsFromPaymentsForOtherFinancingActivities,-81000000.0,USD,2025-01-01,2025-12-31,2026-02-19,10-K,duration
cash_flow,other_financing_activity,ProceedsFromPaymentsForOtherFinancingActivities,-18000000.0,USD,2026-01-01,2026-03-31,2026-04-29,10-Q,duration
cash_flow,other_operating_cash_flow,PaymentsForLegalSettlements,2200000.0,USD,2012-03-05,2012-03-06,2012-04-30,10-Q,duration
cash_flow,other_operating_cash_flow,PaymentsForLegalSettlements,46000000.0,USD,2012-01-01,2012-06-30,2012-08-01,10-Q,duration
cash_flow,other_operating_cash_flow,PaymentsForLegalSettlements,46000000.0,USD,2012-04-01,2012-06-30,2012-08-01,10-Q,duration
cash_flow,other_operating_cash_flow,PaymentsForLegalSettlements,46000000.0,USD,2012-04-01,2012-06-30,2013-02-22,10-K,duration
cash_flow,other_operating_cash_flow,PaymentsForLegalSettlements,46000000.0,USD,2012-01-01,2012-09-30,2012-11-05,10-Q,duration
cash_flow,other_operating_cash_flow,OtherOperatingActivitiesCashFlowStatement,155000000.0,USD,2017-01-01,2017-12-31,2020-02-20,10-K,duration
cash_flow,other_operating_cash_flow,OtherOperatingActivitiesCashFlowStatement,107000000.0,USD,2018-01-01,2018-12-31,2020-02-20,10-K,duration
cash_flow,other_operating_cash_flow,OtherOperatingActivitiesCashFlowStatement,107000000.0,USD,2018-01-01,2018-12-31,2021-02-18,10-K,duration
cash_flow,other_operating_cash_flow,OtherOperatingActivitiesCashFlowStatement,18000000.0,USD,2019-01-01,2019-03-31,2020-04-29,10-Q,duration
cash_flow,other_operating_cash_flow,OtherOperatingActivitiesCashFlowStatement,45000000.0,USD,2019-01-01,2019-06-30,2020-08-05,10-Q,duration
cash_flow,other_operating_cash_flow,OtherOperatingActivitiesCashFlowStatement,53000000.0,USD,2019-01-01,2019-09-30,2020-11-03,10-Q,duration
cash_flow,other_operating_cash_flow,OtherOperatingActivitiesCashFlowStatement,90000000.0,USD,2019-01-01,2019-12-31,2020-02-20,10-K,duration
cash_flow,other_operating_cash_flow,OtherOperatingActivitiesCashFlowStatement,90000000.0,USD,2019-01-01,2019-12-31,2021-02-18,10-K,duration
cash_flow,other_operating_cash_flow,OtherOperatingActivitiesCashFlowStatement,90000000.0,USD,2019-01-01,2019-12-31,2022-02-17,10-K,duration
cash_flow,other_operating_cash_flow,OtherOperatingActivitiesCashFlowStatement,-13000000.0,USD,2020-01-01,2020-03-31,2020-04-29,10-Q,duration
cash_flow,other_operating_cash_flow,OtherOperatingActivitiesCashFlowStatement,-13000000.0,USD,2020-01-01,2020-03-31,2021-04-28,10-Q,duration
cash_flow,other_operating_cash_flow,OtherOperatingActivitiesCashFlowStatement,-3000000.0,USD,2020-01-01,2020-06-30,2020-08-05,10-Q,duration
cash_flow,other_operating_cash_flow,OtherOperatingActivitiesCashFlowStatement,-3000000.0,USD,2020-01-01,2020-06-30,2021-07-28,10-Q,duration
cash_flow,other_operating_cash_flow,OtherOperatingActivitiesCashFlowStatement,25000000.0,USD,2020-01-01,2020-09-30,2020-11-03,10-Q,duration
cash_flow,other_operating_cash_flow,OtherOperatingActivitiesCashFlowStatement,25000000.0,USD,2020-01-01,2020-09-30,2021-11-03,10-Q,duration
cash_flow,other_operating_cash_flow,OtherOperatingActivitiesCashFlowStatement,49000000.0,USD,2020-01-01,2020-12-31,2021-02-18,10-K,duration
cash_flow,other_operating_cash_flow,OtherOperatingActivitiesCashFlowStatement,49000000.0,USD,2020-01-01,2020-12-31,2022-02-17,10-K,duration
cash_flow,other_operating_cash_flow,OtherOperatingActivitiesCashFlowStatement,49000000.0,USD,2020-01-01,2020-12-31,2023-02-16,10-K,duration
cash_flow,other_operating_cash_flow,OtherOperatingActivitiesCashFlowStatement,-19000000.0,USD,2021-01-01,2021-03-31,2021-04-28,10-Q,duration
cash_flow,other_operating_cash_flow,OtherOperatingActivitiesCashFlowStatement,-19000000.0,USD,2021-01-01,2021-03-31,2022-04-27,10-Q,duration
cash_flow,other_operating_cash_flow,OtherOperatingActivitiesCashFlowStatement,-15000000.0,USD,2021-01-01,2021-06-30,2021-07-28,10-Q,duration
cash_flow,other_operating_cash_flow,OtherOperatingActivitiesCashFlowStatement,-15000000.0,USD,2021-01-01,2021-06-30,2022-07-27,10-Q,duration
cash_flow,other_operating_cash_flow,OtherOperatingActivitiesCashFlowStatement,14000000.0,USD,2021-01-01,2021-09-30,2021-11-03,10-Q,duration
cash_flow,other_operating_cash_flow,OtherOperatingActivitiesCashFlowStatement,14000000.0,USD,2021-01-01,2021-09-30,2022-11-02,10-Q,duration
cash_flow,other_operating_cash_flow,OtherOperatingActivitiesCashFlowStatement,40000000.0,USD,2021-01-01,2021-12-31,2022-02-17,10-K,duration
cash_flow,other_operating_cash_flow,OtherOperatingActivitiesCashFlowStatement,40000000.0,USD,2021-01-01,2021-12-31,2023-02-16,10-K,duration
cash_flow,other_operating_cash_flow,OtherOperatingActivitiesCashFlowStatement,40000000.0,USD,2021-01-01,2021-12-31,2024-02-15,10-K,duration
cash_flow,other_operating_cash_flow,OtherOperatingActivitiesCashFlowStatement,12000000.0,USD,2022-01-01,2022-03-31,2022-04-27,10-Q,duration
cash_flow,other_operating_cash_flow,OtherOperatingActivitiesCashFlowStatement,12000000.0,USD,2022-01-01,2022-03-31,2023-04-26,10-Q,duration
cash_flow,other_operating_cash_flow,OtherOperatingActivitiesCashFlowStatement,31000000.0,USD,2022-01-01,2022-06-30,2022-07-27,10-Q,duration
cash_flow,other_operating_cash_flow,OtherOperatingActivitiesCashFlowStatement,31000000.0,USD,2022-01-01,2022-06-30,2023-08-02,10-Q,duration
cash_flow,other_operating_cash_flow,OtherOperatingActivitiesCashFlowStatement,30000000.0,USD,2022-01-01,2022-09-30,2022-11-02,10-Q,duration
cash_flow,other_operating_cash_flow,OtherOperatingActivitiesCashFlowStatement,30000000.0,USD,2022-01-01,2022-09-30,2023-11-01,10-Q,duration
cash_flow,other_operating_cash_flow,OtherOperatingActivitiesCashFlowStatement,70000000.0,USD,2022-01-01,2022-12-31,2023-02-16,10-K,duration
cash_flow,other_operating_cash_flow,OtherOperatingActivitiesCashFlowStatement,70000000.0,USD,2022-01-01,2022-12-31,2024-02-15,10-K,duration
cash_flow,other_operating_cash_flow,OtherOperatingActivitiesCashFlowStatement,70000000.0,USD,2022-01-01,2022-12-31,2025-02-20,10-K,duration
cash_flow,other_operating_cash_flow,OtherOperatingActivitiesCashFlowStatement,6000000.0,USD,2023-01-01,2023-03-31,2023-04-26,10-Q,duration
cash_flow,other_operating_cash_flow,OtherOperatingActivitiesCashFlowStatement,6000000.0,USD,2023-01-01,2023-03-31,2024-04-24,10-Q,duration
cash_flow,other_operating_cash_flow,OtherOperatingActivitiesCashFlowStatement,36000000.0,USD,2023-01-01,2023-06-30,2023-08-02,10-Q,duration
cash_flow,other_operating_cash_flow,OtherOperatingActivitiesCashFlowStatement,36000000.0,USD,2023-01-01,2023-06-30,2024-07-31,10-Q,duration
cash_flow,other_operating_cash_flow,OtherOperatingActivitiesCashFlowStatement,53000000.0,USD,2023-01-01,2023-09-30,2023-11-01,10-Q,duration
cash_flow,other_operating_cash_flow,OtherOperatingActivitiesCashFlowStatement,53000000.0,USD,2023-01-01,2023-09-30,2024-10-30,10-Q,duration
cash_flow,other_operating_cash_flow,OtherOperatingActivitiesCashFlowStatement,113000000.0,USD,2023-01-01,2023-12-31,2024-02-15,10-K,duration
cash_flow,other_operating_cash_flow,OtherOperatingActivitiesCashFlowStatement,113000000.0,USD,2023-01-01,2023-12-31,2025-02-20,10-K,duration
cash_flow,other_operating_cash_flow,OtherOperatingActivitiesCashFlowStatement,113000000.0,USD,2023-01-01,2023-12-31,2026-02-19,10-K,duration
cash_flow,other_operating_cash_flow,OtherOperatingActivitiesCashFlowStatement,33000000.0,USD,2024-01-01,2024-03-31,2024-04-24,10-Q,duration
cash_flow,other_operating_cash_flow,OtherOperatingActivitiesCashFlowStatement,33000000.0,USD,2024-01-01,2024-03-31,2025-04-30,10-Q,duration
cash_flow,other_operating_cash_flow,OtherOperatingActivitiesCashFlowStatement,44000000.0,USD,2024-01-01,2024-06-30,2024-07-31,10-Q,duration
cash_flow,other_operating_cash_flow,OtherOperatingActivitiesCashFlowStatement,44000000.0,USD,2024-01-01,2024-06-30,2025-07-30,10-Q,duration
cash_flow,other_operating_cash_flow,OtherOperatingActivitiesCashFlowStatement,76000000.0,USD,2024-01-01,2024-09-30,2024-10-30,10-Q,duration
cash_flow,other_operating_cash_flow,OtherOperatingActivitiesCashFlowStatement,76000000.0,USD,2024-01-01,2024-09-30,2025-11-05,10-Q,duration
cash_flow,other_operating_cash_flow,OtherOperatingActivitiesCashFlowStatement,108000000.0,USD,2024-01-01,2024-12-31,2025-02-20,10-K,duration
cash_flow,other_operating_cash_flow,OtherOperatingActivitiesCashFlowStatement,108000000.0,USD,2024-01-01,2024-12-31,2026-02-19,10-K,duration
cash_flow,other_operating_cash_flow,OtherOperatingActivitiesCashFlowStatement,7000000.0,USD,2025-01-01,2025-03-31,2025-04-30,10-Q,duration
cash_flow,other_operating_cash_flow,OtherOperatingActivitiesCashFlowStatement,7000000.0,USD,2025-01-01,2025-03-31,2026-04-29,10-Q,duration
cash_flow,other_operating_cash_flow,OtherOperatingActivitiesCashFlowStatement,0.0,USD,2025-01-01,2025-06-30,2025-07-30,10-Q,duration
cash_flow,other_operating_cash_flow,OtherOperatingActivitiesCashFlowStatement,27000000.0,USD,2025-01-01,2025-09-30,2025-11-05,10-Q,duration
cash_flow,other_operating_cash_flow,OtherOperatingActivitiesCashFlowStatement,0.0,USD,2025-01-01,2025-12-31,2026-02-19,10-K,duration
cash_flow,other_operating_cash_flow,OtherOperatingActivitiesCashFlowStatement,21000000.0,USD,2026-01-01,2026-03-31,2026-04-29,10-Q,duration
cash_flow,property_sales,ProceedsFromSaleOfPropertyPlantAndEquipment,26514000.0,USD,2007-01-01,2007-12-31,2010-02-19,10-K,duration
cash_flow,property_sales,ProceedsFromSaleOfPropertyPlantAndEquipment,6000.0,USD,2008-01-01,2008-12-31,2010-02-19,10-K,duration
cash_flow,property_sales,ProceedsFromSaleOfPropertyPlantAndEquipment,6000.0,USD,2008-01-01,2008-12-31,2011-02-18,10-K,duration
cash_flow,property_sales,ProceedsFromSaleOfPropertyPlantAndEquipment,6000.0,USD,2008-01-01,2008-12-31,2011-10-20,8-K,duration
cash_flow,property_sales,ProceedsFromSaleOfPropertyPlantAndEquipment,1509000.0,USD,2009-01-01,2009-12-31,2010-02-19,10-K,duration
cash_flow,property_sales,ProceedsFromSaleOfPropertyPlantAndEquipment,1509000.0,USD,2009-01-01,2009-12-31,2011-02-18,10-K,duration
cash_flow,property_sales,ProceedsFromSaleOfPropertyPlantAndEquipment,1509000.0,USD,2009-01-01,2009-12-31,2011-10-20,8-K,duration
cash_flow,property_sales,ProceedsFromSaleOfPropertyPlantAndEquipment,1000000.0,USD,2009-01-01,2009-12-31,2012-02-24,10-K,duration
cash_flow,property_sales,ProceedsFromSaleOfPropertyPlantAndEquipment,66000.0,USD,2010-01-01,2010-12-31,2011-02-18,10-K,duration
cash_flow,property_sales,ProceedsFromSaleOfPropertyPlantAndEquipment,66000.0,USD,2010-01-01,2010-12-31,2011-10-20,8-K,duration
cash_flow,property_sales,ProceedsFromSaleOfPropertyPlantAndEquipment,0.0,USD,2010-01-01,2010-12-31,2012-02-24,10-K,duration
cash_flow,property_sales,ProceedsFromSaleOfPropertyPlantAndEquipment,0.0,USD,2010-01-01,2010-12-31,2013-02-22,10-K,duration
cash_flow,property_sales,ProceedsFromSaleOfPropertyPlantAndEquipment,10000000.0,USD,2011-01-01,2011-12-31,2012-02-24,10-K,duration
cash_flow,property_sales,ProceedsFromSaleOfPropertyPlantAndEquipment,10000000.0,USD,2011-01-01,2011-12-31,2013-02-22,10-K,duration
cash_flow,property_sales,ProceedsFromSaleOfPropertyPlantAndEquipment,10000000.0,USD,2011-01-01,2011-12-31,2014-02-19,10-K,duration
cash_flow,property_sales,ProceedsFromSaleOfPropertyPlantAndEquipment,10000000.0,USD,2011-01-01,2011-12-31,2014-09-16,8-K,duration
cash_flow,property_sales,ProceedsFromSaleOfPropertyPlantAndEquipment,0.0,USD,2012-01-01,2012-12-31,2013-02-22,10-K,duration
cash_flow,property_sales,ProceedsFromSaleOfPropertyPlantAndEquipment,0.0,USD,2012-01-01,2012-12-31,2014-02-19,10-K,duration
cash_flow,property_sales,ProceedsFromSaleOfPropertyPlantAndEquipment,0.0,USD,2012-01-01,2012-12-31,2014-09-16,8-K,duration
cash_flow,property_sales,ProceedsFromSaleOfPropertyPlantAndEquipment,0.0,USD,2012-01-01,2012-12-31,2015-02-18,10-K,duration
cash_flow,property_sales,ProceedsFromSaleOfPropertyPlantAndEquipment,0.0,USD,2012-01-01,2012-12-31,2015-08-10,8-K,duration
cash_flow,property_sales,ProceedsFromSaleOfPropertyPlantAndEquipment,4000000.0,USD,2013-01-01,2013-12-31,2014-02-19,10-K,duration
cash_flow,property_sales,ProceedsFromSaleOfPropertyPlantAndEquipment,4000000.0,USD,2013-01-01,2013-12-31,2014-09-16,8-K,duration
cash_flow,property_sales,ProceedsFromSaleOfPropertyPlantAndEquipment,4000000.0,USD,2013-01-01,2013-12-31,2015-02-18,10-K,duration
cash_flow,property_sales,ProceedsFromSaleOfPropertyPlantAndEquipment,4000000.0,USD,2013-01-01,2013-12-31,2015-08-10,8-K,duration
cash_flow,property_sales,ProceedsFromSaleOfPropertyPlantAndEquipment,4000000.0,USD,2013-01-01,2013-12-31,2016-02-18,10-K,duration
cash_flow,property_sales,ProceedsFromSaleOfPropertyPlantAndEquipment,0.0,USD,2014-01-01,2014-12-31,2015-02-18,10-K,duration
cash_flow,property_sales,ProceedsFromSaleOfPropertyPlantAndEquipment,0.0,USD,2014-01-01,2014-12-31,2015-08-10,8-K,duration
cash_flow,property_sales,ProceedsFromSaleOfPropertyPlantAndEquipment,0.0,USD,2014-01-01,2014-12-31,2016-02-18,10-K,duration
cash_flow,property_sales,ProceedsFromSaleOfPropertyPlantAndEquipment,0.0,USD,2014-01-01,2014-12-31,2017-02-17,10-K,duration
cash_flow,property_sales,ProceedsFromSaleOfPropertyPlantAndEquipment,0.0,USD,2014-01-01,2014-12-31,2017-12-14,8-K,duration
cash_flow,property_sales,ProceedsFromSaleOfPropertyPlantAndEquipment,1000000.0,USD,2015-01-01,2015-12-31,2016-02-18,10-K,duration
cash_flow,property_sales,ProceedsFromSaleOfPropertyPlantAndEquipment,1000000.0,USD,2015-01-01,2015-12-31,2017-02-17,10-K,duration
cash_flow,property_sales,ProceedsFromSaleOfPropertyPlantAndEquipment,1000000.0,USD,2015-01-01,2015-12-31,2017-12-14,8-K,duration
cash_flow,property_sales,ProceedsFromSaleOfPropertyPlantAndEquipment,1000000.0,USD,2015-01-01,2015-12-31,2018-02-16,10-K,duration
cash_flow,property_sales,ProceedsFromSaleOfPropertyPlantAndEquipment,0.0,USD,2016-01-01,2016-12-31,2017-02-17,10-K,duration
cash_flow,property_sales,ProceedsFromSaleOfPropertyPlantAndEquipment,0.0,USD,2016-01-01,2016-12-31,2017-12-14,8-K,duration
cash_flow,property_sales,ProceedsFromSaleOfPropertyPlantAndEquipment,0.0,USD,2016-01-01,2016-12-31,2018-02-16,10-K,duration
cash_flow,property_sales,ProceedsFromSaleOfPropertyPlantAndEquipment,2000000.0,USD,2017-01-01,2017-12-31,2018-02-16,10-K,duration
cash_flow,property_sales,ProceedsFromSaleOfPropertyPlantAndEquipment,26000000.0,USD,2021-01-01,2021-12-31,2024-02-15,10-K,duration
cash_flow,property_sales,ProceedsFromSaleOfPropertyPlantAndEquipment,17000000.0,USD,2022-01-01,2022-12-31,2024-02-15,10-K,duration
cash_flow,property_sales,ProceedsFromSaleOfPropertyPlantAndEquipment,17000000.0,USD,2022-01-01,2022-12-31,2025-02-20,10-K,duration
cash_flow,property_sales,ProceedsFromSaleOfPropertyPlantAndEquipment,210000000.0,USD,2023-01-01,2023-12-31,2024-02-15,10-K,duration
cash_flow,property_sales,ProceedsFromSaleOfPropertyPlantAndEquipment,210000000.0,USD,2023-01-01,2023-12-31,2025-02-20,10-K,duration
cash_flow,property_sales,ProceedsFromSaleOfPropertyPlantAndEquipment,210000000.0,USD,2023-01-01,2023-12-31,2026-02-19,10-K,duration
cash_flow,property_sales,ProceedsFromSaleOfPropertyPlantAndEquipment,7000000.0,USD,2024-01-01,2024-12-31,2025-02-20,10-K,duration
cash_flow,property_sales,ProceedsFromSaleOfPropertyPlantAndEquipment,7000000.0,USD,2024-01-01,2024-12-31,2026-02-19,10-K,duration
cash_flow,property_sales,ProceedsFromSaleOfPropertyPlantAndEquipment,23000000.0,USD,2025-01-01,2025-12-31,2026-02-19,10-K,duration
cash_flow,restricted_cash_changes,IncreaseDecreaseInCollateralHeldUnderSecuritiesLending,-871681000.0,USD,2008-01-01,2008-12-31,2011-10-20,8-K,duration
cash_flow,restricted_cash_changes,IncreaseDecreaseInCollateralHeldUnderSecuritiesLending,-312272000.0,USD,2009-01-01,2009-12-31,2011-10-20,8-K,duration
cash_flow,restricted_cash_changes,IncreaseDecreaseInCollateralHeldUnderSecuritiesLending,-312000000.0,USD,2009-01-01,2009-12-31,2012-02-24,10-K,duration
cash_flow,restricted_cash_changes,IncreaseDecreaseInCollateralHeldUnderSecuritiesLending,-74809000.0,USD,2010-01-01,2010-06-30,2011-08-01,10-Q,duration
cash_flow,restricted_cash_changes,IncreaseDecreaseInCollateralHeldUnderSecuritiesLending,-88321000.0,USD,2010-01-01,2010-09-30,2011-10-31,10-Q,duration
cash_flow,restricted_cash_changes,IncreaseDecreaseInCollateralHeldUnderSecuritiesLending,-70734000.0,USD,2010-01-01,2010-12-31,2011-10-20,8-K,duration
cash_flow,restricted_cash_changes,IncreaseDecreaseInCollateralHeldUnderSecuritiesLending,-71000000.0,USD,2010-01-01,2010-12-31,2012-02-24,10-K,duration
cash_flow,restricted_cash_changes,IncreaseDecreaseInCollateralHeldUnderSecuritiesLending,-20157000.0,USD,2011-01-01,2011-06-30,2011-08-01,10-Q,duration
cash_flow,restricted_cash_changes,IncreaseDecreaseInCollateralHeldUnderSecuritiesLending,-44211000.0,USD,2011-01-01,2011-09-30,2011-10-31,10-Q,duration
cash_flow,restricted_cash_changes,IncreaseDecreaseInCollateralHeldUnderSecuritiesLending,-54000000.0,USD,2011-01-01,2011-12-31,2012-02-24,10-K,duration
cash_flow,restricted_cash_changes,IncreaseDecreaseInCollateralHeldUnderSecuritiesLending,0.0,USD,2022-01-01,2022-12-31,2025-02-20,10-K,duration
cash_flow,restricted_cash_changes,IncreaseDecreaseInCollateralHeldUnderSecuritiesLending,0.0,USD,2023-01-01,2023-12-31,2025-02-20,10-K,duration
cash_flow,restricted_cash_changes,IncreaseDecreaseInCollateralHeldUnderSecuritiesLending,0.0,USD,2023-01-01,2023-12-31,2026-02-19,10-K,duration
cash_flow,restricted_cash_changes,IncreaseDecreaseInCollateralHeldUnderSecuritiesLending,0.0,USD,2024-01-01,2024-03-31,2025-04-30,10-Q,duration
cash_flow,restricted_cash_changes,IncreaseDecreaseInCollateralHeldUnderSecuritiesLending,79000000.0,USD,2024-01-01,2024-06-30,2025-07-30,10-Q,duration
cash_flow,restricted_cash_changes,IncreaseDecreaseInCollateralHeldUnderSecuritiesLending,361000000.0,USD,2024-01-01,2024-09-30,2025-11-05,10-Q,duration
cash_flow,restricted_cash_changes,IncreaseDecreaseInCollateralHeldUnderSecuritiesLending,418000000.0,USD,2024-01-01,2024-12-31,2025-02-20,10-K,duration
cash_flow,restricted_cash_changes,IncreaseDecreaseInCollateralHeldUnderSecuritiesLending,418000000.0,USD,2024-01-01,2024-12-31,2026-02-19,10-K,duration
cash_flow,restricted_cash_changes,IncreaseDecreaseInCollateralHeldUnderSecuritiesLending,175000000.0,USD,2025-01-01,2025-03-31,2025-04-30,10-Q,duration
cash_flow,restricted_cash_changes,IncreaseDecreaseInCollateralHeldUnderSecuritiesLending,175000000.0,USD,2025-01-01,2025-03-31,2026-04-29,10-Q,duration
cash_flow,restricted_cash_changes,IncreaseDecreaseInCollateralHeldUnderSecuritiesLending,48000000.0,USD,2025-01-01,2025-06-30,2025-07-30,10-Q,duration
cash_flow,restricted_cash_changes,IncreaseDecreaseInCollateralHeldUnderSecuritiesLending,141000000.0,USD,2025-01-01,2025-09-30,2025-11-05,10-Q,duration
cash_flow,restricted_cash_changes,IncreaseDecreaseInCollateralHeldUnderSecuritiesLending,220000000.0,USD,2025-01-01,2025-12-31,2026-02-19,10-K,duration
cash_flow,restricted_cash_changes,IncreaseDecreaseInCollateralHeldUnderSecuritiesLending,-55000000.0,USD,2026-01-01,2026-03-31,2026-04-29,10-Q,duration
cash_flow,stock_activity,PaymentsForRepurchaseOfCommonStock,27412000.0,USD,2007-01-01,2007-12-31,2010-02-19,10-K,duration
cash_flow,stock_activity,ProceedsFromStockOptionsExercised,61638000.0,USD,2007-01-01,2007-12-31,2010-02-19,10-K,duration
cash_flow,stock_activity,TreasuryStockValueAcquiredCostMethod,27412000.0,USD,2007-01-01,2007-12-31,2010-02-19,10-K,duration
cash_flow,stock_activity,PaymentsForRepurchaseOfCommonStock,94661000.0,USD,2008-01-01,2008-06-30,2009-08-03,10-Q,duration
cash_flow,stock_activity,ProceedsFromStockOptionsExercised,7486000.0,USD,2008-01-01,2008-06-30,2009-08-03,10-Q,duration
cash_flow,stock_activity,PaymentsForRepurchaseOfCommonStock,105767000.0,USD,2008-01-01,2008-09-30,2009-11-03,10-Q,duration
cash_flow,stock_activity,ProceedsFromStockOptionsExercised,9045000.0,USD,2008-01-01,2008-09-30,2009-11-03,10-Q,duration
cash_flow,stock_activity,PaymentsForRepurchaseOfCommonStock,106070000.0,USD,2008-01-01,2008-12-31,2010-02-19,10-K,duration
cash_flow,stock_activity,ProceedsFromStockOptionsExercised,10965000.0,USD,2008-01-01,2008-12-31,2010-02-19,10-K,duration
cash_flow,stock_activity,TreasuryStockValueAcquiredCostMethod,106070000.0,USD,2008-01-01,2008-12-31,2010-02-19,10-K,duration
cash_flow,stock_activity,PaymentsForRepurchaseOfCommonStock,106070000.0,USD,2008-01-01,2008-12-31,2011-02-18,10-K,duration
cash_flow,stock_activity,ProceedsFromStockOptionsExercised,10965000.0,USD,2008-01-01,2008-12-31,2011-02-18,10-K,duration
cash_flow,stock_activity,TreasuryStockAcquiredAverageCostPerShare,44.19,USD/shares,2008-01-01,2008-12-31,2011-02-18,10-K,duration
cash_flow,stock_activity,TreasuryStockValueAcquiredCostMethod,92800000.0,USD,2008-01-01,2008-12-31,2011-02-18,10-K,duration
cash_flow,stock_activity,PaymentsForRepurchaseOfCommonStock,106070000.0,USD,2008-01-01,2008-12-31,2011-10-20,8-K,duration
cash_flow,stock_activity,ProceedsFromStockOptionsExercised,10965000.0,USD,2008-01-01,2008-12-31,2011-10-20,8-K,duration
cash_flow,stock_activity,TreasuryStockAcquiredAverageCostPerShare,44.19,USD/shares,2008-01-01,2008-12-31,2011-10-20,8-K,duration
cash_flow,stock_activity,TreasuryStockValueAcquiredCostMethod,92800000.0,USD,2008-01-01,2008-12-31,2011-10-20,8-K,duration
cash_flow,stock_activity,PaymentsForRepurchaseOfCommonStock,5999000.0,USD,2009-01-01,2009-03-31,2010-04-27,10-Q,duration
cash_flow,stock_activity,ProceedsFromStockOptionsExercised,1234000.0,USD,2009-01-01,2009-03-31,2010-04-27,10-Q,duration
cash_flow,stock_activity,PaymentsForRepurchaseOfCommonStock,5999000.0,USD,2009-01-01,2009-06-30,2009-08-03,10-Q,duration
cash_flow,stock_activity,ProceedsFromStockOptionsExercised,1289000.0,USD,2009-01-01,2009-06-30,2009-08-03,10-Q,duration
cash_flow,stock_activity,PaymentsForRepurchaseOfCommonStock,5999000.0,USD,2009-01-01,2009-06-30,2010-08-02,10-Q,duration
cash_flow,stock_activity,ProceedsFromStockOptionsExercised,1289000.0,USD,2009-01-01,2009-06-30,2010-08-02,10-Q,duration
cash_flow,stock_activity,PaymentsForRepurchaseOfCommonStock,8270000.0,USD,2009-01-01,2009-09-30,2009-11-03,10-Q,duration
cash_flow,stock_activity,ProceedsFromStockOptionsExercised,4833000.0,USD,2009-01-01,2009-09-30,2009-11-03,10-Q,duration
cash_flow,stock_activity,PaymentsForRepurchaseOfCommonStock,8270000.0,USD,2009-01-01,2009-09-30,2010-11-01,10-Q,duration
cash_flow,stock_activity,ProceedsFromStockOptionsExercised,4833000.0,USD,2009-01-01,2009-09-30,2010-11-01,10-Q,duration
cash_flow,stock_activity,PaymentsForRepurchaseOfCommonStock,22841000.0,USD,2009-01-01,2009-12-31,2010-02-19,10-K,duration
cash_flow,stock_activity,ProceedsFromStockOptionsExercised,17206000.0,USD,2009-01-01,2009-12-31,2010-02-19,10-K,duration
cash_flow,stock_activity,TreasuryStockValueAcquiredCostMethod,22841000.0,USD,2009-01-01,2009-12-31,2010-02-19,10-K,duration
cash_flow,stock_activity,PaymentsForRepurchaseOfCommonStock,22841000.0,USD,2009-01-01,2009-12-31,2011-02-18,10-K,duration
cash_flow,stock_activity,ProceedsFromStockOptionsExercised,17206000.0,USD,2009-01-01,2009-12-31,2011-02-18,10-K,duration
cash_flow,stock_activity,PaymentsForRepurchaseOfCommonStock,22841000.0,USD,2009-01-01,2009-12-31,2011-10-20,8-K,duration
cash_flow,stock_activity,ProceedsFromStockOptionsExercised,17206000.0,USD,2009-01-01,2009-12-31,2011-10-20,8-K,duration
cash_flow,stock_activity,PaymentsForRepurchaseOfCommonStock,23000000.0,USD,2009-01-01,2009-12-31,2012-02-24,10-K,duration
cash_flow,stock_activity,ProceedsFromStockOptionsExercised,17000000.0,USD,2009-01-01,2009-12-31,2012-02-24,10-K,duration
cash_flow,stock_activity,PaymentsForRepurchaseOfCommonStock,7670000.0,USD,2010-01-01,2010-03-31,2010-04-27,10-Q,duration
cash_flow,stock_activity,ProceedsFromStockOptionsExercised,5080000.0,USD,2010-01-01,2010-03-31,2010-04-27,10-Q,duration
cash_flow,stock_activity,PaymentsForRepurchaseOfCommonStock,7670000.0,USD,2010-01-01,2010-03-31,2011-05-03,10-Q,duration
cash_flow,stock_activity,ProceedsFromStockOptionsExercised,5080000.0,USD,2010-01-01,2010-03-31,2011-05-03,10-Q,duration
cash_flow,stock_activity,PaymentsForRepurchaseOfCommonStock,57869000.0,USD,2010-01-01,2010-06-30,2010-08-02,10-Q,duration
cash_flow,stock_activity,ProceedsFromStockOptionsExercised,7259000.0,USD,2010-01-01,2010-06-30,2010-08-02,10-Q,duration
cash_flow,stock_activity,TreasuryStockAcquiredAverageCostPerShare,48.76,USD/shares,2010-01-01,2010-06-30,2010-08-02,10-Q,duration
cash_flow,stock_activity,PaymentsForRepurchaseOfCommonStock,57869000.0,USD,2010-01-01,2010-06-30,2011-08-01,10-Q,duration
cash_flow,stock_activity,ProceedsFromStockOptionsExercised,7259000.0,USD,2010-01-01,2010-06-30,2011-08-01,10-Q,duration
cash_flow,stock_activity,PaymentsForRepurchaseOfCommonStock,108170000.0,USD,2010-01-01,2010-09-30,2010-11-01,10-Q,duration
cash_flow,stock_activity,ProceedsFromStockOptionsExercised,11264000.0,USD,2010-01-01,2010-09-30,2010-11-01,10-Q,duration
cash_flow,stock_activity,TreasuryStockAcquiredAverageCostPerShare,50.17,USD/shares,2010-01-01,2010-09-30,2010-11-01,10-Q,duration
cash_flow,stock_activity,PaymentsForRepurchaseOfCommonStock,108170000.0,USD,2010-01-01,2010-09-30,2011-10-31,10-Q,duration
cash_flow,stock_activity,ProceedsFromStockOptionsExercised,11264000.0,USD,2010-01-01,2010-09-30,2011-10-31,10-Q,duration
cash_flow,stock_activity,PaymentsForRepurchaseOfCommonStock,108545000.0,USD,2010-01-01,2010-12-31,2011-02-18,10-K,duration
cash_flow,stock_activity,ProceedsFromStockOptionsExercised,16089000.0,USD,2010-01-01,2010-12-31,2011-02-18,10-K,duration
cash_flow,stock_activity,TreasuryStockAcquiredAverageCostPerShare,50.17,USD/shares,2010-01-01,2010-12-31,2011-02-18,10-K,duration
cash_flow,stock_activity,TreasuryStockValueAcquiredCostMethod,100000000.0,USD,2010-01-01,2010-12-31,2011-02-18,10-K,duration
cash_flow,stock_activity,PaymentsForRepurchaseOfCommonStock,108545000.0,USD,2010-01-01,2010-12-31,2011-10-20,8-K,duration
cash_flow,stock_activity,ProceedsFromStockOptionsExercised,16089000.0,USD,2010-01-01,2010-12-31,2011-10-20,8-K,duration
cash_flow,stock_activity,TreasuryStockAcquiredAverageCostPerShare,50.17,USD/shares,2010-01-01,2010-12-31,2011-10-20,8-K,duration
cash_flow,stock_activity,TreasuryStockValueAcquiredCostMethod,100000000.0,USD,2010-01-01,2010-12-31,2011-10-20,8-K,duration
cash_flow,stock_activity,PaymentsForRepurchaseOfCommonStock,108000000.0,USD,2010-01-01,2010-12-31,2012-02-24,10-K,duration
cash_flow,stock_activity,ProceedsFromStockOptionsExercised,8000000.0,USD,2010-01-01,2010-12-31,2012-02-24,10-K,duration
cash_flow,stock_activity,PaymentsForRepurchaseOfCommonStock,108000000.0,USD,2010-01-01,2010-12-31,2013-02-22,10-K,duration
cash_flow,stock_activity,ProceedsFromStockOptionsExercised,-63000000.0,USD,2010-01-01,2010-12-31,2013-02-22,10-K,duration
cash_flow,stock_activity,TreasuryStockValueAcquiredCostMethod,108000000.0,USD,2010-01-01,2010-12-31,2013-02-22,10-K,duration
cash_flow,stock_activity,PaymentsForRepurchaseOfCommonStock,88904000.0,USD,2011-01-01,2011-03-31,2011-05-03,10-Q,duration
cash_flow,stock_activity,ProceedsFromStockOptionsExercised,55000000.0,USD,2011-01-01,2011-03-31,2011-05-03,10-Q,duration
cash_flow,stock_activity,TreasuryStockAcquiredAverageCostPerShare,63.73,USD/shares,2011-01-01,2011-03-31,2011-05-03,10-Q,duration
cash_flow,stock_activity,TreasuryStockValueAcquiredCostMethod,52600000.0,USD,2011-01-01,2011-03-31,2011-05-03,10-Q,duration
cash_flow,stock_activity,PaymentsForRepurchaseOfCommonStock,89000000.0,USD,2011-01-01,2011-03-31,2012-04-30,10-Q,duration
cash_flow,stock_activity,ProceedsFromStockOptionsExercised,36000000.0,USD,2011-01-01,2011-03-31,2012-04-30,10-Q,duration
cash_flow,stock_activity,PaymentsForRepurchaseOfCommonStock,300788000.0,USD,2011-01-01,2011-06-30,2011-08-01,10-Q,duration
cash_flow,stock_activity,ProceedsFromStockOptionsExercised,110258000.0,USD,2011-01-01,2011-06-30,2011-08-01,10-Q,duration
cash_flow,stock_activity,PaymentsForRepurchaseOfCommonStock,301000000.0,USD,2011-01-01,2011-06-30,2012-08-01,10-Q,duration
cash_flow,stock_activity,ProceedsFromStockOptionsExercised,91000000.0,USD,2011-01-01,2011-06-30,2012-08-01,10-Q,duration
cash_flow,stock_activity,PaymentsForRepurchaseOfCommonStock,540234000.0,USD,2011-01-01,2011-09-30,2011-10-31,10-Q,duration
cash_flow,stock_activity,ProceedsFromStockOptionsExercised,112530000.0,USD,2011-01-01,2011-09-30,2011-10-31,10-Q,duration
cash_flow,stock_activity,PaymentsForRepurchaseOfCommonStock,541000000.0,USD,2011-01-01,2011-09-30,2012-11-05,10-Q,duration
cash_flow,stock_activity,ProceedsFromStockOptionsExercised,68000000.0,USD,2011-01-01,2011-09-30,2012-11-05,10-Q,duration
cash_flow,stock_activity,PaymentsForRepurchaseOfCommonStock,541000000.0,USD,2011-01-01,2011-12-31,2012-02-24,10-K,duration
cash_flow,stock_activity,ProceedsFromStockOptionsExercised,128000000.0,USD,2011-01-01,2011-12-31,2012-02-24,10-K,duration
cash_flow,stock_activity,PaymentsForRepurchaseOfCommonStock,541000000.0,USD,2011-01-01,2011-12-31,2013-02-22,10-K,duration
cash_flow,stock_activity,ProceedsFromStockOptionsExercised,72000000.0,USD,2011-01-01,2011-12-31,2013-02-22,10-K,duration
cash_flow,stock_activity,TreasuryStockValueAcquiredCostMethod,541000000.0,USD,2011-01-01,2011-12-31,2013-02-22,10-K,duration
cash_flow,stock_activity,PaymentsForRepurchaseOfCommonStock,541000000.0,USD,2011-01-01,2011-12-31,2014-02-19,10-K,duration
cash_flow,stock_activity,ProceedsFromStockOptionsExercised,72000000.0,USD,2011-01-01,2011-12-31,2014-02-19,10-K,duration
cash_flow,stock_activity,TreasuryStockValueAcquiredCostMethod,541000000.0,USD,2011-01-01,2011-12-31,2014-02-19,10-K,duration
cash_flow,stock_activity,PaymentsForRepurchaseOfCommonStock,541000000.0,USD,2011-01-01,2011-12-31,2014-09-16,8-K,duration
cash_flow,stock_activity,ProceedsFromStockOptionsExercised,72000000.0,USD,2011-01-01,2011-12-31,2014-09-16,8-K,duration
cash_flow,stock_activity,TreasuryStockValueAcquiredCostMethod,541000000.0,USD,2011-01-01,2011-12-31,2014-09-16,8-K,duration
cash_flow,stock_activity,PaymentsForRepurchaseOfCommonStock,151000000.0,USD,2012-01-01,2012-03-31,2012-04-30,10-Q,duration
cash_flow,stock_activity,ProceedsFromStockOptionsExercised,45000000.0,USD,2012-01-01,2012-03-31,2012-04-30,10-Q,duration
cash_flow,stock_activity,PaymentsForRepurchaseOfCommonStock,151000000.0,USD,2012-01-01,2012-03-31,2013-05-01,10-Q,duration
cash_flow,stock_activity,ProceedsFromStockOptionsExercised,45000000.0,USD,2012-01-01,2012-03-31,2013-05-01,10-Q,duration
cash_flow,stock_activity,PaymentsForRepurchaseOfCommonStock,278000000.0,USD,2012-01-01,2012-06-30,2012-08-01,10-Q,duration
cash_flow,stock_activity,ProceedsFromStockOptionsExercised,48000000.0,USD,2012-01-01,2012-06-30,2012-08-01,10-Q,duration
cash_flow,stock_activity,PaymentsForRepurchaseOfCommonStock,278000000.0,USD,2012-01-01,2012-06-30,2013-07-31,10-Q,duration
cash_flow,stock_activity,ProceedsFromStockOptionsExercised,48000000.0,USD,2012-01-01,2012-06-30,2013-07-31,10-Q,duration
cash_flow,stock_activity,PaymentsForRepurchaseOfCommonStock,513000000.0,USD,2012-01-01,2012-09-30,2012-11-05,10-Q,duration
cash_flow,stock_activity,ProceedsFromStockOptionsExercised,49000000.0,USD,2012-01-01,2012-09-30,2012-11-05,10-Q,duration
cash_flow,stock_activity,PaymentsForRepurchaseOfCommonStock,513000000.0,USD,2012-01-01,2012-09-30,2013-11-06,10-Q,duration
cash_flow,stock_activity,ProceedsFromStockOptionsExercised,49000000.0,USD,2012-01-01,2012-09-30,2013-11-06,10-Q,duration
cash_flow,stock_activity,PaymentsForRepurchaseOfCommonStock,518000000.0,USD,2012-01-01,2012-12-31,2013-02-22,10-K,duration
cash_flow,stock_activity,ProceedsFromStockOptionsExercised,57000000.0,USD,2012-01-01,2012-12-31,2013-02-22,10-K,duration
cash_flow,stock_activity,TreasuryStockValueAcquiredCostMethod,518000000.0,USD,2012-01-01,2012-12-31,2013-02-22,10-K,duration
cash_flow,stock_activity,PaymentsForRepurchaseOfCommonStock,518000000.0,USD,2012-01-01,2012-12-31,2014-02-19,10-K,duration
cash_flow,stock_activity,ProceedsFromStockOptionsExercised,57000000.0,USD,2012-01-01,2012-12-31,2014-02-19,10-K,duration
cash_flow,stock_activity,TreasuryStockValueAcquiredCostMethod,518000000.0,USD,2012-01-01,2012-12-31,2014-02-19,10-K,duration
cash_flow,stock_activity,PaymentsForRepurchaseOfCommonStock,518000000.0,USD,2012-01-01,2012-12-31,2014-09-16,8-K,duration
cash_flow,stock_activity,ProceedsFromStockOptionsExercised,57000000.0,USD,2012-01-01,2012-12-31,2014-09-16,8-K,duration
cash_flow,stock_activity,TreasuryStockValueAcquiredCostMethod,518000000.0,USD,2012-01-01,2012-12-31,2014-09-16,8-K,duration
cash_flow,stock_activity,PaymentsForRepurchaseOfCommonStock,518000000.0,USD,2012-01-01,2012-12-31,2015-02-18,10-K,duration
cash_flow,stock_activity,ProceedsFromStockOptionsExercised,57000000.0,USD,2012-01-01,2012-12-31,2015-02-18,10-K,duration
cash_flow,stock_activity,TreasuryStockValueAcquiredCostMethod,518000000.0,USD,2012-01-01,2012-12-31,2015-02-18,10-K,duration
cash_flow,stock_activity,PaymentsForRepurchaseOfCommonStock,518000000.0,USD,2012-01-01,2012-12-31,2015-08-10,8-K,duration
cash_flow,stock_activity,ProceedsFromStockOptionsExercised,57000000.0,USD,2012-01-01,2012-12-31,2015-08-10,8-K,duration
cash_flow,stock_activity,TreasuryStockValueAcquiredCostMethod,518000000.0,USD,2012-01-01,2012-12-31,2015-08-10,8-K,duration
cash_flow,stock_activity,PaymentsForRepurchaseOfCommonStock,94000000.0,USD,2013-01-01,2013-03-31,2013-05-01,10-Q,duration
cash_flow,stock_activity,ProceedsFromStockOptionsExercised,5000000.0,USD,2013-01-01,2013-03-31,2013-05-01,10-Q,duration
cash_flow,stock_activity,PaymentsForRepurchaseOfCommonStock,94000000.0,USD,2013-01-01,2013-03-31,2014-05-07,10-Q,duration
cash_flow,stock_activity,ProceedsFromStockOptionsExercised,5000000.0,USD,2013-01-01,2013-03-31,2014-05-07,10-Q,duration
cash_flow,stock_activity,PaymentsForRepurchaseOfCommonStock,231000000.0,USD,2013-01-01,2013-06-30,2013-07-31,10-Q,duration
cash_flow,stock_activity,ProceedsFromStockOptionsExercised,36000000.0,USD,2013-01-01,2013-06-30,2013-07-31,10-Q,duration
cash_flow,stock_activity,PaymentsForRepurchaseOfCommonStock,231000000.0,USD,2013-01-01,2013-06-30,2014-07-30,10-Q,duration
cash_flow,stock_activity,ProceedsFromStockOptionsExercised,36000000.0,USD,2013-01-01,2013-06-30,2014-07-30,10-Q,duration
cash_flow,stock_activity,PaymentsForRepurchaseOfCommonStock,325000000.0,USD,2013-01-01,2013-09-30,2013-11-06,10-Q,duration
cash_flow,stock_activity,ProceedsFromStockOptionsExercised,56000000.0,USD,2013-01-01,2013-09-30,2013-11-06,10-Q,duration
cash_flow,stock_activity,PaymentsForRepurchaseOfCommonStock,325000000.0,USD,2013-01-01,2013-09-30,2014-11-07,10-Q,duration
cash_flow,stock_activity,ProceedsFromStockOptionsExercised,56000000.0,USD,2013-01-01,2013-09-30,2014-11-07,10-Q,duration
cash_flow,stock_activity,PaymentsForRepurchaseOfCommonStock,531000000.0,USD,2013-01-01,2013-12-31,2014-02-19,10-K,duration
cash_flow,stock_activity,ProceedsFromContributionsFromParent,181000000.0,USD,2013-01-01,2013-12-31,2014-02-19,10-K,duration
cash_flow,stock_activity,ProceedsFromStockOptionsExercised,60000000.0,USD,2013-01-01,2013-12-31,2014-02-19,10-K,duration
cash_flow,stock_activity,TreasuryStockValueAcquiredCostMethod,531000000.0,USD,2013-01-01,2013-12-31,2014-02-19,10-K,duration
cash_flow,stock_activity,PaymentsForRepurchaseOfCommonStock,531000000.0,USD,2013-01-01,2013-12-31,2014-09-16,8-K,duration
cash_flow,stock_activity,ProceedsFromStockOptionsExercised,60000000.0,USD,2013-01-01,2013-12-31,2014-09-16,8-K,duration
cash_flow,stock_activity,TreasuryStockValueAcquiredCostMethod,531000000.0,USD,2013-01-01,2013-12-31,2014-09-16,8-K,duration
cash_flow,stock_activity,PaymentsForRepurchaseOfCommonStock,531000000.0,USD,2013-01-01,2013-12-31,2015-02-18,10-K,duration
cash_flow,stock_activity,ProceedsFromStockOptionsExercised,60000000.0,USD,2013-01-01,2013-12-31,2015-02-18,10-K,duration
cash_flow,stock_activity,TreasuryStockValueAcquiredCostMethod,531000000.0,USD,2013-01-01,2013-12-31,2015-02-18,10-K,duration
cash_flow,stock_activity,PaymentsForRepurchaseOfCommonStock,531000000.0,USD,2013-01-01,2013-12-31,2015-08-10,8-K,duration
cash_flow,stock_activity,ProceedsFromStockOptionsExercised,60000000.0,USD,2013-01-01,2013-12-31,2015-08-10,8-K,duration
cash_flow,stock_activity,TreasuryStockValueAcquiredCostMethod,531000000.0,USD,2013-01-01,2013-12-31,2015-08-10,8-K,duration
cash_flow,stock_activity,PaymentsForRepurchaseOfCommonStock,531000000.0,USD,2013-01-01,2013-12-31,2016-02-18,10-K,duration
cash_flow,stock_activity,ProceedsFromStockOptionsExercised,60000000.0,USD,2013-01-01,2013-12-31,2016-02-18,10-K,duration
cash_flow,stock_activity,TreasuryStockValueAcquiredCostMethod,531000000.0,USD,2013-01-01,2013-12-31,2016-02-18,10-K,duration
cash_flow,stock_activity,PaymentsForRepurchaseOfCommonStock,49000000.0,USD,2014-01-01,2014-03-31,2014-05-07,10-Q,duration
cash_flow,stock_activity,ProceedsFromStockOptionsExercised,25000000.0,USD,2014-01-01,2014-03-31,2014-05-07,10-Q,duration
cash_flow,stock_activity,PaymentsForRepurchaseOfCommonStock,49000000.0,USD,2014-01-01,2014-03-31,2015-04-29,10-Q,duration
cash_flow,stock_activity,ProceedsFromStockOptionsExercised,25000000.0,USD,2014-01-01,2014-03-31,2015-04-29,10-Q,duration
cash_flow,stock_activity,TreasuryStockValueAcquiredCostMethod,11000000.0,USD,2014-01-01,2014-03-31,2015-04-29,10-Q,duration
cash_flow,stock_activity,PaymentsForRepurchaseOfCommonStock,152000000.0,USD,2014-01-01,2014-06-30,2014-07-30,10-Q,duration
cash_flow,stock_activity,ProceedsFromStockOptionsExercised,45000000.0,USD,2014-01-01,2014-06-30,2014-07-30,10-Q,duration
cash_flow,stock_activity,PaymentsForRepurchaseOfCommonStock,152000000.0,USD,2014-01-01,2014-06-30,2015-07-29,10-Q,duration
cash_flow,stock_activity,ProceedsFromStockOptionsExercised,45000000.0,USD,2014-01-01,2014-06-30,2015-07-29,10-Q,duration
cash_flow,stock_activity,TreasuryStockValueAcquiredCostMethod,112000000.0,USD,2014-01-01,2014-06-30,2015-07-29,10-Q,duration
cash_flow,stock_activity,PaymentsForRepurchaseOfCommonStock,270000000.0,USD,2014-01-01,2014-09-30,2014-11-07,10-Q,duration
cash_flow,stock_activity,ProceedsFromStockOptionsExercised,45000000.0,USD,2014-01-01,2014-09-30,2014-11-07,10-Q,duration
cash_flow,stock_activity,PaymentsForRepurchaseOfCommonStock,270000000.0,USD,2014-01-01,2014-09-30,2015-11-06,10-Q,duration
cash_flow,stock_activity,ProceedsFromStockOptionsExercised,45000000.0,USD,2014-01-01,2014-09-30,2015-11-06,10-Q,duration
cash_flow,stock_activity,TreasuryStockValueAcquiredCostMethod,230000000.0,USD,2014-01-01,2014-09-30,2015-11-06,10-Q,duration
cash_flow,stock_activity,PaymentsForRepurchaseOfCommonStock,872000000.0,USD,2014-01-01,2014-12-31,2015-02-18,10-K,duration
cash_flow,stock_activity,ProceedsFromStockOptionsExercised,29000000.0,USD,2014-01-01,2014-12-31,2015-02-18,10-K,duration
cash_flow,stock_activity,TreasuryStockValueAcquiredCostMethod,872000000.0,USD,2014-01-01,2014-12-31,2015-02-18,10-K,duration
cash_flow,stock_activity,PaymentsForRepurchaseOfCommonStock,872000000.0,USD,2014-01-01,2014-12-31,2015-08-10,8-K,duration
cash_flow,stock_activity,ProceedsFromStockOptionsExercised,29000000.0,USD,2014-01-01,2014-12-31,2015-08-10,8-K,duration
cash_flow,stock_activity,TreasuryStockValueAcquiredCostMethod,872000000.0,USD,2014-01-01,2014-12-31,2015-08-10,8-K,duration
cash_flow,stock_activity,PaymentsForRepurchaseOfCommonStock,872000000.0,USD,2014-01-01,2014-12-31,2016-02-18,10-K,duration
cash_flow,stock_activity,ProceedsFromStockOptionsExercised,29000000.0,USD,2014-01-01,2014-12-31,2016-02-18,10-K,duration
cash_flow,stock_activity,TreasuryStockValueAcquiredCostMethod,872000000.0,USD,2014-01-01,2014-12-31,2016-02-18,10-K,duration
cash_flow,stock_activity,PaymentsForRepurchaseOfCommonStock,872000000.0,USD,2014-01-01,2014-12-31,2017-02-17,10-K,duration
cash_flow,stock_activity,ProceedsFromStockOptionsExercised,29000000.0,USD,2014-01-01,2014-12-31,2017-02-17,10-K,duration
cash_flow,stock_activity,TreasuryStockValueAcquiredCostMethod,872000000.0,USD,2014-01-01,2014-12-31,2017-02-17,10-K,duration
cash_flow,stock_activity,PaymentsForRepurchaseOfCommonStock,872000000.0,USD,2014-01-01,2014-12-31,2017-12-14,8-K,duration
cash_flow,stock_activity,ProceedsFromStockOptionsExercised,29000000.0,USD,2014-01-01,2014-12-31,2017-12-14,8-K,duration
cash_flow,stock_activity,TreasuryStockValueAcquiredCostMethod,872000000.0,USD,2014-01-01,2014-12-31,2017-12-14,8-K,duration
cash_flow,stock_activity,PaymentsForRepurchaseOfCommonStock,66000000.0,USD,2015-01-01,2015-03-31,2015-04-29,10-Q,duration
cash_flow,stock_activity,ProceedsFromStockOptionsExercised,18000000.0,USD,2015-01-01,2015-03-31,2015-04-29,10-Q,duration
cash_flow,stock_activity,TreasuryStockValueAcquiredCostMethod,26000000.0,USD,2015-01-01,2015-03-31,2015-04-29,10-Q,duration
cash_flow,stock_activity,PaymentsForRepurchaseOfCommonStock,66000000.0,USD,2015-01-01,2015-03-31,2016-05-04,10-Q,duration
cash_flow,stock_activity,ProceedsFromStockOptionsExercised,18000000.0,USD,2015-01-01,2015-03-31,2016-05-04,10-Q,duration
cash_flow,stock_activity,PaymentsForRepurchaseOfCommonStock,371000000.0,USD,2015-01-01,2015-06-30,2015-07-29,10-Q,duration
cash_flow,stock_activity,ProceedsFromStockOptionsExercised,21000000.0,USD,2015-01-01,2015-06-30,2015-07-29,10-Q,duration
cash_flow,stock_activity,TreasuryStockValueAcquiredCostMethod,329000000.0,USD,2015-01-01,2015-06-30,2015-07-29,10-Q,duration
cash_flow,stock_activity,PaymentsForRepurchaseOfCommonStock,371000000.0,USD,2015-01-01,2015-06-30,2016-08-03,10-Q,duration
cash_flow,stock_activity,ProceedsFromStockOptionsExercised,21000000.0,USD,2015-01-01,2015-06-30,2016-08-03,10-Q,duration
cash_flow,stock_activity,PaymentsForRepurchaseOfCommonStock,380000000.0,USD,2015-01-01,2015-09-30,2015-11-06,10-Q,duration
cash_flow,stock_activity,ProceedsFromStockOptionsExercised,20000000.0,USD,2015-01-01,2015-09-30,2015-11-06,10-Q,duration
cash_flow,stock_activity,TreasuryStockValueAcquiredCostMethod,329000000.0,USD,2015-01-01,2015-09-30,2015-11-06,10-Q,duration
cash_flow,stock_activity,PaymentsForRepurchaseOfCommonStock,380000000.0,USD,2015-01-01,2015-09-30,2016-11-04,10-Q,duration
cash_flow,stock_activity,ProceedsFromStockOptionsExercised,20000000.0,USD,2015-01-01,2015-09-30,2016-11-04,10-Q,duration
cash_flow,stock_activity,PaymentsForRepurchaseOfCommonStock,385000000.0,USD,2015-01-01,2015-12-31,2016-02-18,10-K,duration
cash_flow,stock_activity,ProceedsFromStockOptionsExercised,21000000.0,USD,2015-01-01,2015-12-31,2016-02-18,10-K,duration
cash_flow,stock_activity,TreasuryStockValueAcquiredCostMethod,385000000.0,USD,2015-01-01,2015-12-31,2016-02-18,10-K,duration
cash_flow,stock_activity,PaymentsForRepurchaseOfCommonStock,385000000.0,USD,2015-01-01,2015-12-31,2017-02-17,10-K,duration
cash_flow,stock_activity,ProceedsFromStockOptionsExercised,21000000.0,USD,2015-01-01,2015-12-31,2017-02-17,10-K,duration
cash_flow,stock_activity,TreasuryStockValueAcquiredCostMethod,385000000.0,USD,2015-01-01,2015-12-31,2017-02-17,10-K,duration
cash_flow,stock_activity,PaymentsForRepurchaseOfCommonStock,385000000.0,USD,2015-01-01,2015-12-31,2017-12-14,8-K,duration
cash_flow,stock_activity,ProceedsFromStockOptionsExercised,21000000.0,USD,2015-01-01,2015-12-31,2017-12-14,8-K,duration
cash_flow,stock_activity,TreasuryStockValueAcquiredCostMethod,385000000.0,USD,2015-01-01,2015-12-31,2017-12-14,8-K,duration
cash_flow,stock_activity,PaymentsForRepurchaseOfCommonStock,385000000.0,USD,2015-01-01,2015-12-31,2018-02-16,10-K,duration
cash_flow,stock_activity,ProceedsFromStockOptionsExercised,23000000.0,USD,2015-01-01,2015-12-31,2018-02-16,10-K,duration
cash_flow,stock_activity,TreasuryStockValueAcquiredCostMethod,385000000.0,USD,2015-01-01,2015-12-31,2018-02-16,10-K,duration
cash_flow,stock_activity,PaymentsForRepurchaseOfCommonStock,71000000.0,USD,2016-01-01,2016-03-31,2016-05-04,10-Q,duration
cash_flow,stock_activity,ProceedsFromStockOptionsExercised,0.0,USD,2016-01-01,2016-03-31,2016-05-04,10-Q,duration
cash_flow,stock_activity,PaymentsForRepurchaseOfCommonStock,71000000.0,USD,2016-01-01,2016-03-31,2017-05-03,10-Q,duration
cash_flow,stock_activity,ProceedsFromStockOptionsExercised,0.0,USD,2016-01-01,2016-03-31,2017-05-03,10-Q,duration
cash_flow,stock_activity,PaymentsForRepurchaseOfCommonStock,73000000.0,USD,2016-01-01,2016-06-30,2016-08-03,10-Q,duration
cash_flow,stock_activity,ProceedsFromStockOptionsExercised,0.0,USD,2016-01-01,2016-06-30,2016-08-03,10-Q,duration
cash_flow,stock_activity,PaymentsForRepurchaseOfCommonStock,73000000.0,USD,2016-01-01,2016-06-30,2017-08-02,10-Q,duration
cash_flow,stock_activity,ProceedsFromStockOptionsExercised,0.0,USD,2016-01-01,2016-06-30,2017-08-02,10-Q,duration
cash_flow,stock_activity,PaymentsForRepurchaseOfCommonStock,75000000.0,USD,2016-01-01,2016-09-30,2016-11-04,10-Q,duration
cash_flow,stock_activity,ProceedsFromStockOptionsExercised,0.0,USD,2016-01-01,2016-09-30,2016-11-04,10-Q,duration
cash_flow,stock_activity,PaymentsForRepurchaseOfCommonStock,75000000.0,USD,2016-01-01,2016-09-30,2017-11-08,10-Q,duration
cash_flow,stock_activity,ProceedsFromStockOptionsExercised,0.0,USD,2016-01-01,2016-09-30,2017-11-08,10-Q,duration
cash_flow,stock_activity,PaymentsForRepurchaseOfCommonStock,104000000.0,USD,2016-01-01,2016-12-31,2017-02-17,10-K,duration
cash_flow,stock_activity,ProceedsFromStockOptionsExercised,11000000.0,USD,2016-01-01,2016-12-31,2017-02-17,10-K,duration
cash_flow,stock_activity,TreasuryStockValueAcquiredCostMethod,104000000.0,USD,2016-01-01,2016-12-31,2017-02-17,10-K,duration
cash_flow,stock_activity,PaymentsForRepurchaseOfCommonStock,104000000.0,USD,2016-01-01,2016-12-31,2017-12-14,8-K,duration
cash_flow,stock_activity,ProceedsFromStockOptionsExercised,11000000.0,USD,2016-01-01,2016-12-31,2017-12-14,8-K,duration
cash_flow,stock_activity,TreasuryStockValueAcquiredCostMethod,104000000.0,USD,2016-01-01,2016-12-31,2017-12-14,8-K,duration
cash_flow,stock_activity,PaymentsForRepurchaseOfCommonStock,104000000.0,USD,2016-01-01,2016-12-31,2018-02-16,10-K,duration
cash_flow,stock_activity,ProceedsFromStockOptionsExercised,14000000.0,USD,2016-01-01,2016-12-31,2018-02-16,10-K,duration
cash_flow,stock_activity,TreasuryStockValueAcquiredCostMethod,104000000.0,USD,2016-01-01,2016-12-31,2018-02-16,10-K,duration
cash_flow,stock_activity,PaymentsForRepurchaseOfCommonStock,104000000.0,USD,2016-01-01,2016-12-31,2019-02-21,10-K,duration
cash_flow,stock_activity,ProceedsFromStockOptionsExercised,14000000.0,USD,2016-01-01,2016-12-31,2019-02-21,10-K,duration
cash_flow,stock_activity,TreasuryStockValueAcquiredCostMethod,104000000.0,USD,2016-01-01,2016-12-31,2019-02-21,10-K,duration
cash_flow,stock_activity,PaymentsForRepurchaseOfCommonStock,1574000000.0,USD,2017-01-01,2017-03-31,2017-05-03,10-Q,duration
cash_flow,stock_activity,ProceedsFromStockOptionsExercised,34000000.0,USD,2017-01-01,2017-03-31,2017-05-03,10-Q,duration
cash_flow,stock_activity,PaymentsForRepurchaseOfCommonStock,1574000000.0,USD,2017-01-01,2017-03-31,2018-05-02,10-Q,duration
cash_flow,stock_activity,ProceedsFromStockOptionsExercised,34000000.0,USD,2017-01-01,2017-03-31,2018-05-02,10-Q,duration
cash_flow,stock_activity,PaymentsForRepurchaseOfCommonStock,1578000000.0,USD,2017-01-01,2017-06-30,2017-08-02,10-Q,duration
cash_flow,stock_activity,ProceedsFromStockOptionsExercised,54000000.0,USD,2017-01-01,2017-06-30,2017-08-02,10-Q,duration
cash_flow,stock_activity,PaymentsForRepurchaseOfCommonStock,1578000000.0,USD,2017-01-01,2017-06-30,2018-08-01,10-Q,duration
cash_flow,stock_activity,ProceedsFromStockOptionsExercised,54000000.0,USD,2017-01-01,2017-06-30,2018-08-01,10-Q,duration
cash_flow,stock_activity,TreasuryStockValueAcquiredCostMethod,0.0,USD,2017-01-01,2017-06-30,2018-08-01,10-Q,duration
cash_flow,stock_activity,PaymentsForRepurchaseOfCommonStock,1819000000.0,USD,2017-01-01,2017-09-30,2017-11-08,10-Q,duration
cash_flow,stock_activity,ProceedsFromStockOptionsExercised,61000000.0,USD,2017-01-01,2017-09-30,2017-11-08,10-Q,duration
cash_flow,stock_activity,PaymentsForRepurchaseOfCommonStock,1819000000.0,USD,2017-01-01,2017-09-30,2018-11-07,10-Q,duration
cash_flow,stock_activity,ProceedsFromStockOptionsExercised,61000000.0,USD,2017-01-01,2017-09-30,2018-11-07,10-Q,duration
cash_flow,stock_activity,TreasuryStockValueAcquiredCostMethod,1819000000.0,USD,2017-01-01,2017-09-30,2018-11-07,10-Q,duration
cash_flow,stock_activity,TreasuryStockValueAcquiredCostMethod,241000000.0,USD,2017-07-01,2017-09-30,2018-11-07,10-Q,duration
cash_flow,stock_activity,PaymentsForRepurchaseOfCommonStock,3365000000.0,USD,2017-01-01,2017-12-31,2018-02-16,10-K,duration
cash_flow,stock_activity,ProceedsFromStockOptionsExercised,63000000.0,USD,2017-01-01,2017-12-31,2018-02-16,10-K,duration
cash_flow,stock_activity,TreasuryStockValueAcquiredCostMethod,3365000000.0,USD,2017-01-01,2017-12-31,2018-02-16,10-K,duration
cash_flow,stock_activity,PaymentsForRepurchaseOfCommonStock,3365000000.0,USD,2017-01-01,2017-12-31,2019-02-21,10-K,duration
cash_flow,stock_activity,ProceedsFromStockOptionsExercised,63000000.0,USD,2017-01-01,2017-12-31,2019-02-21,10-K,duration
cash_flow,stock_activity,TreasuryStockValueAcquiredCostMethod,3365000000.0,USD,2017-01-01,2017-12-31,2019-02-21,10-K,duration
cash_flow,stock_activity,PaymentsForRepurchaseOfCommonStock,3365000000.0,USD,2017-01-01,2017-12-31,2020-02-20,10-K,duration
cash_flow,stock_activity,ProceedsFromStockOptionsExercised,63000000.0,USD,2017-01-01,2017-12-31,2020-02-20,10-K,duration
cash_flow,stock_activity,TreasuryStockValueAcquiredCostMethod,3365000000.0,USD,2017-01-01,2017-12-31,2020-02-20,10-K,duration
cash_flow,stock_activity,TreasuryStockValueAcquiredCostMethod,750000000.0,USD,2017-08-29,2017-12-31,2020-02-20,10-K,duration
cash_flow,stock_activity,PaymentsForRepurchaseOfCommonStock,51000000.0,USD,2018-01-01,2018-03-31,2018-05-02,10-Q,duration
cash_flow,stock_activity,ProceedsFromStockOptionsExercised,11000000.0,USD,2018-01-01,2018-03-31,2018-05-02,10-Q,duration
cash_flow,stock_activity,PaymentsForRepurchaseOfCommonStock,51000000.0,USD,2018-01-01,2018-03-31,2019-05-01,10-Q,duration
cash_flow,stock_activity,ProceedsFromStockOptionsExercised,11000000.0,USD,2018-01-01,2018-03-31,2019-05-01,10-Q,duration
cash_flow,stock_activity,TreasuryStockValueAcquiredCostMethod,51000000.0,USD,2018-01-01,2018-03-31,2019-05-01,10-Q,duration
cash_flow,stock_activity,PaymentsForRepurchaseOfCommonStock,93000000.0,USD,2018-01-01,2018-06-30,2018-08-01,10-Q,duration
cash_flow,stock_activity,ProceedsFromStockOptionsExercised,43000000.0,USD,2018-01-01,2018-06-30,2018-08-01,10-Q,duration
cash_flow,stock_activity,TreasuryStockValueAcquiredCostMethod,24000000.0,USD,2018-01-01,2018-06-30,2018-08-01,10-Q,duration
cash_flow,stock_activity,PaymentsForRepurchaseOfCommonStock,93000000.0,USD,2018-01-01,2018-06-30,2019-07-31,10-Q,duration
cash_flow,stock_activity,ProceedsFromStockOptionsExercised,43000000.0,USD,2018-01-01,2018-06-30,2019-07-31,10-Q,duration
cash_flow,stock_activity,TreasuryStockValueAcquiredCostMethod,93000000.0,USD,2018-01-01,2018-06-30,2019-07-31,10-Q,duration
cash_flow,stock_activity,TreasuryStockValueAcquiredCostMethod,42000000.0,USD,2018-04-01,2018-06-30,2019-07-31,10-Q,duration
cash_flow,stock_activity,PaymentsForRepurchaseOfCommonStock,294000000.0,USD,2018-01-01,2018-09-30,2018-11-07,10-Q,duration
cash_flow,stock_activity,ProceedsFromStockOptionsExercised,47000000.0,USD,2018-01-01,2018-09-30,2018-11-07,10-Q,duration
cash_flow,stock_activity,TreasuryStockValueAcquiredCostMethod,294000000.0,USD,2018-01-01,2018-09-30,2018-11-07,10-Q,duration
cash_flow,stock_activity,PaymentsForRepurchaseOfCommonStock,294000000.0,USD,2018-01-01,2018-09-30,2019-11-06,10-Q,duration
cash_flow,stock_activity,ProceedsFromStockOptionsExercised,47000000.0,USD,2018-01-01,2018-09-30,2019-11-06,10-Q,duration
cash_flow,stock_activity,TreasuryStockValueAcquiredCostMethod,294000000.0,USD,2018-01-01,2018-09-30,2019-11-06,10-Q,duration
cash_flow,stock_activity,TreasuryStockValueAcquiredCostMethod,201000000.0,USD,2018-07-01,2018-09-30,2018-11-07,10-Q,duration
cash_flow,stock_activity,TreasuryStockValueAcquiredCostMethod,201000000.0,USD,2018-07-01,2018-09-30,2019-11-06,10-Q,duration
cash_flow,stock_activity,PaymentsForRepurchaseOfCommonStock,1090000000.0,USD,2018-01-01,2018-12-31,2019-02-21,10-K,duration
cash_flow,stock_activity,ProceedsFromStockOptionsExercised,50000000.0,USD,2018-01-01,2018-12-31,2019-02-21,10-K,duration
cash_flow,stock_activity,TreasuryStockValueAcquiredCostMethod,1090000000.0,USD,2018-01-01,2018-12-31,2019-02-21,10-K,duration
cash_flow,stock_activity,PaymentsForRepurchaseOfCommonStock,1090000000.0,USD,2018-01-01,2018-12-31,2020-02-20,10-K,duration
cash_flow,stock_activity,ProceedsFromStockOptionsExercised,50000000.0,USD,2018-01-01,2018-12-31,2020-02-20,10-K,duration
cash_flow,stock_activity,TreasuryStockValueAcquiredCostMethod,1090000000.0,USD,2018-01-01,2018-12-31,2020-02-20,10-K,duration
cash_flow,stock_activity,PaymentsForRepurchaseOfCommonStock,1090000000.0,USD,2018-01-01,2018-12-31,2021-02-18,10-K,duration
cash_flow,stock_activity,ProceedsFromStockOptionsExercised,50000000.0,USD,2018-01-01,2018-12-31,2021-02-18,10-K,duration
cash_flow,stock_activity,TreasuryStockValueAcquiredCostMethod,1090000000.0,USD,2018-01-01,2018-12-31,2021-02-18,10-K,duration
cash_flow,stock_activity,PaymentsForRepurchaseOfCommonStock,10000000.0,USD,2019-01-01,2019-03-31,2019-05-01,10-Q,duration
cash_flow,stock_activity,ProceedsFromStockOptionsExercised,17000000.0,USD,2019-01-01,2019-03-31,2019-05-01,10-Q,duration
cash_flow,stock_activity,TreasuryStockValueAcquiredCostMethod,10000000.0,USD,2019-01-01,2019-03-31,2019-05-01,10-Q,duration
cash_flow,stock_activity,PaymentsForRepurchaseOfCommonStock,10000000.0,USD,2019-01-01,2019-03-31,2020-04-29,10-Q,duration
cash_flow,stock_activity,TreasuryStockValueAcquiredCostMethod,10000000.0,USD,2019-01-01,2019-03-31,2020-04-29,10-Q,duration
cash_flow,stock_activity,PaymentsForRepurchaseOfCommonStock,10000000.0,USD,2019-01-01,2019-06-30,2019-07-31,10-Q,duration
cash_flow,stock_activity,ProceedsFromStockOptionsExercised,18000000.0,USD,2019-01-01,2019-06-30,2019-07-31,10-Q,duration
cash_flow,stock_activity,TreasuryStockValueAcquiredCostMethod,10000000.0,USD,2019-01-01,2019-06-30,2019-07-31,10-Q,duration
cash_flow,stock_activity,PaymentsForRepurchaseOfCommonStock,10000000.0,USD,2019-01-01,2019-06-30,2020-08-05,10-Q,duration
cash_flow,stock_activity,TreasuryStockValueAcquiredCostMethod,10000000.0,USD,2019-01-01,2019-06-30,2020-08-05,10-Q,duration
cash_flow,stock_activity,TreasuryStockValueAcquiredCostMethod,0.0,USD,2019-04-01,2019-06-30,2019-07-31,10-Q,duration
cash_flow,stock_activity,TreasuryStockValueAcquiredCostMethod,0.0,USD,2019-04-01,2019-06-30,2020-08-05,10-Q,duration
cash_flow,stock_activity,PaymentsForRepurchaseOfCommonStock,1010000000.0,USD,2019-01-01,2019-09-30,2019-11-06,10-Q,duration
cash_flow,stock_activity,ProceedsFromStockOptionsExercised,23000000.0,USD,2019-01-01,2019-09-30,2019-11-06,10-Q,duration
cash_flow,stock_activity,TreasuryStockValueAcquiredCostMethod,1010000000.0,USD,2019-01-01,2019-09-30,2019-11-06,10-Q,duration
cash_flow,stock_activity,PaymentsForRepurchaseOfCommonStock,1010000000.0,USD,2019-01-01,2019-09-30,2020-11-03,10-Q,duration
cash_flow,stock_activity,TreasuryStockValueAcquiredCostMethod,1010000000.0,USD,2019-01-01,2019-09-30,2020-11-03,10-Q,duration
cash_flow,stock_activity,TreasuryStockValueAcquiredCostMethod,1000000000.0,USD,2019-07-01,2019-09-30,2019-11-06,10-Q,duration
cash_flow,stock_activity,TreasuryStockValueAcquiredCostMethod,1000000000.0,USD,2019-07-01,2019-09-30,2020-11-03,10-Q,duration
cash_flow,stock_activity,PaymentsForRepurchaseOfCommonStock,1070000000.0,USD,2019-01-01,2019-12-31,2020-02-20,10-K,duration
cash_flow,stock_activity,ProceedsFromStockOptionsExercised,58000000.0,USD,2019-01-01,2019-12-31,2020-02-20,10-K,duration
cash_flow,stock_activity,TreasuryStockValueAcquiredCostMethod,1070000000.0,USD,2019-01-01,2019-12-31,2020-02-20,10-K,duration
cash_flow,stock_activity,PaymentsForRepurchaseOfCommonStock,1070000000.0,USD,2019-01-01,2019-12-31,2021-02-18,10-K,duration
cash_flow,stock_activity,ProceedsFromStockOptionsExercised,58000000.0,USD,2019-01-01,2019-12-31,2021-02-18,10-K,duration
cash_flow,stock_activity,TreasuryStockValueAcquiredCostMethod,1070000000.0,USD,2019-01-01,2019-12-31,2021-02-18,10-K,duration
cash_flow,stock_activity,PaymentsForRepurchaseOfCommonStock,1070000000.0,USD,2019-01-01,2019-12-31,2022-02-17,10-K,duration
cash_flow,stock_activity,ProceedsFromStockOptionsExercised,58000000.0,USD,2019-01-01,2019-12-31,2022-02-17,10-K,duration
cash_flow,stock_activity,TreasuryStockValueAcquiredCostMethod,1070000000.0,USD,2019-01-01,2019-12-31,2022-02-17,10-K,duration
cash_flow,stock_activity,PaymentsForRepurchaseOfCommonStock,17000000.0,USD,2020-01-01,2020-03-31,2020-04-29,10-Q,duration
cash_flow,stock_activity,TreasuryStockValueAcquiredCostMethod,17000000.0,USD,2020-01-01,2020-03-31,2020-04-29,10-Q,duration
cash_flow,stock_activity,PaymentsForRepurchaseOfCommonStock,17000000.0,USD,2020-01-01,2020-03-31,2021-04-28,10-Q,duration
cash_flow,stock_activity,TreasuryStockValueAcquiredCostMethod,17000000.0,USD,2020-01-01,2020-03-31,2021-04-28,10-Q,duration
cash_flow,stock_activity,PaymentsForRepurchaseOfCommonStock,25000000.0,USD,2020-01-01,2020-06-30,2020-08-05,10-Q,duration
cash_flow,stock_activity,TreasuryStockValueAcquiredCostMethod,25000000.0,USD,2020-01-01,2020-06-30,2020-08-05,10-Q,duration
cash_flow,stock_activity,PaymentsForRepurchaseOfCommonStock,25000000.0,USD,2020-01-01,2020-06-30,2021-07-28,10-Q,duration
cash_flow,stock_activity,TreasuryStockValueAcquiredCostMethod,25000000.0,USD,2020-01-01,2020-06-30,2021-07-28,10-Q,duration
cash_flow,stock_activity,TreasuryStockValueAcquiredCostMethod,8000000.0,USD,2020-04-01,2020-06-30,2020-08-05,10-Q,duration
cash_flow,stock_activity,TreasuryStockValueAcquiredCostMethod,8000000.0,USD,2020-04-01,2020-06-30,2021-07-28,10-Q,duration
cash_flow,stock_activity,PaymentsForRepurchaseOfCommonStock,30000000.0,USD,2020-01-01,2020-09-30,2020-11-03,10-Q,duration
cash_flow,stock_activity,TreasuryStockValueAcquiredCostMethod,30000000.0,USD,2020-01-01,2020-09-30,2020-11-03,10-Q,duration
cash_flow,stock_activity,PaymentsForRepurchaseOfCommonStock,30000000.0,USD,2020-01-01,2020-09-30,2021-11-03,10-Q,duration
cash_flow,stock_activity,TreasuryStockValueAcquiredCostMethod,30000000.0,USD,2020-01-01,2020-09-30,2021-11-03,10-Q,duration
cash_flow,stock_activity,TreasuryStockValueAcquiredCostMethod,5000000.0,USD,2020-07-01,2020-09-30,2020-11-03,10-Q,duration
cash_flow,stock_activity,TreasuryStockValueAcquiredCostMethod,5000000.0,USD,2020-07-01,2020-09-30,2021-11-03,10-Q,duration
cash_flow,stock_activity,PaymentsForRepurchaseOfCommonStock,1820000000.0,USD,2020-01-01,2020-12-31,2021-02-18,10-K,duration
cash_flow,stock_activity,ProceedsFromStockOptionsExercised,61000000.0,USD,2020-01-01,2020-12-31,2021-02-18,10-K,duration
cash_flow,stock_activity,TreasuryStockValueAcquiredCostMethod,1820000000.0,USD,2020-01-01,2020-12-31,2021-02-18,10-K,duration
cash_flow,stock_activity,PaymentsForRepurchaseOfCommonStock,1820000000.0,USD,2020-01-01,2020-12-31,2022-02-17,10-K,duration
cash_flow,stock_activity,ProceedsFromStockOptionsExercised,61000000.0,USD,2020-01-01,2020-12-31,2022-02-17,10-K,duration
cash_flow,stock_activity,TreasuryStockValueAcquiredCostMethod,1820000000.0,USD,2020-01-01,2020-12-31,2022-02-17,10-K,duration
cash_flow,stock_activity,PaymentsForRepurchaseOfCommonStock,1820000000.0,USD,2020-01-01,2020-12-31,2023-02-16,10-K,duration
cash_flow,stock_activity,ProceedsFromStockOptionsExercised,61000000.0,USD,2020-01-01,2020-12-31,2023-02-16,10-K,duration
cash_flow,stock_activity,TreasuryStockValueAcquiredCostMethod,1820000000.0,USD,2020-01-01,2020-12-31,2023-02-16,10-K,duration
cash_flow,stock_activity,PaymentsForRepurchaseOfCommonStock,30000000.0,USD,2021-01-01,2021-03-31,2021-04-28,10-Q,duration
cash_flow,stock_activity,TreasuryStockValueAcquiredCostMethod,30000000.0,USD,2021-01-01,2021-03-31,2021-04-28,10-Q,duration
cash_flow,stock_activity,PaymentsForRepurchaseOfCommonStock,30000000.0,USD,2021-01-01,2021-03-31,2022-04-27,10-Q,duration
cash_flow,stock_activity,TreasuryStockValueAcquiredCostMethod,30000000.0,USD,2021-01-01,2021-03-31,2022-04-27,10-Q,duration
cash_flow,stock_activity,PaymentsForRepurchaseOfCommonStock,33000000.0,USD,2021-01-01,2021-06-30,2021-07-28,10-Q,duration
cash_flow,stock_activity,TreasuryStockValueAcquiredCostMethod,33000000.0,USD,2021-01-01,2021-06-30,2021-07-28,10-Q,duration
cash_flow,stock_activity,PaymentsForRepurchaseOfCommonStock,33000000.0,USD,2021-01-01,2021-06-30,2022-07-27,10-Q,duration
cash_flow,stock_activity,TreasuryStockValueAcquiredCostMethod,33000000.0,USD,2021-01-01,2021-06-30,2022-07-27,10-Q,duration
cash_flow,stock_activity,TreasuryStockValueAcquiredCostMethod,2000000.0,USD,2021-04-01,2021-06-30,2021-07-28,10-Q,duration
cash_flow,stock_activity,TreasuryStockValueAcquiredCostMethod,2000000.0,USD,2021-04-01,2021-06-30,2022-07-27,10-Q,duration
cash_flow,stock_activity,PaymentsForRepurchaseOfCommonStock,36000000.0,USD,2021-01-01,2021-09-30,2021-11-03,10-Q,duration
cash_flow,stock_activity,TreasuryStockValueAcquiredCostMethod,36000000.0,USD,2021-01-01,2021-09-30,2021-11-03,10-Q,duration
cash_flow,stock_activity,PaymentsForRepurchaseOfCommonStock,36000000.0,USD,2021-01-01,2021-09-30,2022-11-02,10-Q,duration
cash_flow,stock_activity,TreasuryStockValueAcquiredCostMethod,36000000.0,USD,2021-01-01,2021-09-30,2022-11-02,10-Q,duration
cash_flow,stock_activity,TreasuryStockValueAcquiredCostMethod,3000000.0,USD,2021-07-01,2021-09-30,2021-11-03,10-Q,duration
cash_flow,stock_activity,TreasuryStockValueAcquiredCostMethod,3000000.0,USD,2021-07-01,2021-09-30,2022-11-02,10-Q,duration
cash_flow,stock_activity,PaymentsForRepurchaseOfCommonStock,79000000.0,USD,2021-01-01,2021-12-31,2022-02-17,10-K,duration
cash_flow,stock_activity,ProceedsFromStockOptionsExercised,30000000.0,USD,2021-01-01,2021-12-31,2022-02-17,10-K,duration
cash_flow,stock_activity,TreasuryStockValueAcquiredCostMethod,79000000.0,USD,2021-01-01,2021-12-31,2022-02-17,10-K,duration
cash_flow,stock_activity,PaymentsForRepurchaseOfCommonStock,79000000.0,USD,2021-01-01,2021-12-31,2023-02-16,10-K,duration
cash_flow,stock_activity,ProceedsFromStockOptionsExercised,30000000.0,USD,2021-01-01,2021-12-31,2023-02-16,10-K,duration
cash_flow,stock_activity,TreasuryStockValueAcquiredCostMethod,79000000.0,USD,2021-01-01,2021-12-31,2023-02-16,10-K,duration
cash_flow,stock_activity,PaymentsForRepurchaseOfCommonStock,79000000.0,USD,2021-01-01,2021-12-31,2024-02-15,10-K,duration
cash_flow,stock_activity,ProceedsFromStockOptionsExercised,30000000.0,USD,2021-01-01,2021-12-31,2024-02-15,10-K,duration
cash_flow,stock_activity,TreasuryStockValueAcquiredCostMethod,79000000.0,USD,2021-01-01,2021-12-31,2024-02-15,10-K,duration
cash_flow,stock_activity,PaymentsForRepurchaseOfCommonStock,1024000000.0,USD,2022-01-01,2022-03-31,2022-04-27,10-Q,duration
cash_flow,stock_activity,TreasuryStockValueAcquiredCostMethod,1024000000.0,USD,2022-01-01,2022-03-31,2022-04-27,10-Q,duration
cash_flow,stock_activity,PaymentsForRepurchaseOfCommonStock,1024000000.0,USD,2022-01-01,2022-03-31,2023-04-26,10-Q,duration
cash_flow,stock_activity,TreasuryStockValueAcquiredCostMethod,1024000000.0,USD,2022-01-01,2022-03-31,2023-04-26,10-Q,duration
cash_flow,stock_activity,PaymentsForRepurchaseOfCommonStock,1028000000.0,USD,2022-01-01,2022-06-30,2022-07-27,10-Q,duration
cash_flow,stock_activity,TreasuryStockValueAcquiredCostMethod,1028000000.0,USD,2022-01-01,2022-06-30,2022-07-27,10-Q,duration
cash_flow,stock_activity,PaymentsForRepurchaseOfCommonStock,1028000000.0,USD,2022-01-01,2022-06-30,2023-08-02,10-Q,duration
cash_flow,stock_activity,TreasuryStockValueAcquiredCostMethod,1028000000.0,USD,2022-01-01,2022-06-30,2023-08-02,10-Q,duration
cash_flow,stock_activity,TreasuryStockValueAcquiredCostMethod,4000000.0,USD,2022-04-01,2022-06-30,2022-07-27,10-Q,duration
cash_flow,stock_activity,TreasuryStockValueAcquiredCostMethod,4000000.0,USD,2022-04-01,2022-06-30,2023-08-02,10-Q,duration
cash_flow,stock_activity,PaymentsForRepurchaseOfCommonStock,1032000000.0,USD,2022-01-01,2022-09-30,2022-11-02,10-Q,duration
cash_flow,stock_activity,TreasuryStockValueAcquiredCostMethod,1032000000.0,USD,2022-01-01,2022-09-30,2022-11-02,10-Q,duration
cash_flow,stock_activity,PaymentsForRepurchaseOfCommonStock,1032000000.0,USD,2022-01-01,2022-09-30,2023-11-01,10-Q,duration
cash_flow,stock_activity,TreasuryStockValueAcquiredCostMethod,1032000000.0,USD,2022-01-01,2022-09-30,2023-11-01,10-Q,duration
cash_flow,stock_activity,TreasuryStockValueAcquiredCostMethod,4000000.0,USD,2022-07-01,2022-09-30,2022-11-02,10-Q,duration
cash_flow,stock_activity,TreasuryStockValueAcquiredCostMethod,4000000.0,USD,2022-07-01,2022-09-30,2023-11-01,10-Q,duration
cash_flow,stock_activity,PaymentsForRepurchaseOfCommonStock,2096000000.0,USD,2022-01-01,2022-12-31,2023-02-16,10-K,duration
cash_flow,stock_activity,ProceedsFromStockOptionsExercised,51000000.0,USD,2022-01-01,2022-12-31,2023-02-16,10-K,duration
cash_flow,stock_activity,TreasuryStockValueAcquiredCostMethod,2096000000.0,USD,2022-01-01,2022-12-31,2023-02-16,10-K,duration
cash_flow,stock_activity,PaymentsForRepurchaseOfCommonStock,2096000000.0,USD,2022-01-01,2022-12-31,2024-02-15,10-K,duration
cash_flow,stock_activity,ProceedsFromStockOptionsExercised,51000000.0,USD,2022-01-01,2022-12-31,2024-02-15,10-K,duration
cash_flow,stock_activity,TreasuryStockValueAcquiredCostMethod,2096000000.0,USD,2022-01-01,2022-12-31,2024-02-15,10-K,duration
cash_flow,stock_activity,PaymentsForRepurchaseOfCommonStock,2096000000.0,USD,2022-01-01,2022-12-31,2025-02-20,10-K,duration
cash_flow,stock_activity,ProceedsFromStockOptionsExercised,51000000.0,USD,2022-01-01,2022-12-31,2025-02-20,10-K,duration
cash_flow,stock_activity,TreasuryStockValueAcquiredCostMethod,2096000000.0,USD,2022-01-01,2022-12-31,2025-02-20,10-K,duration
cash_flow,stock_activity,PaymentsForRepurchaseOfCommonStock,94000000.0,USD,2023-01-01,2023-03-31,2023-04-26,10-Q,duration
cash_flow,stock_activity,TreasuryStockValueAcquiredCostMethod,94000000.0,USD,2023-01-01,2023-03-31,2023-04-26,10-Q,duration
cash_flow,stock_activity,PaymentsForRepurchaseOfCommonStock,94000000.0,USD,2023-01-01,2023-03-31,2024-04-24,10-Q,duration
cash_flow,stock_activity,TreasuryStockValueAcquiredCostMethod,94000000.0,USD,2023-01-01,2023-03-31,2024-04-24,10-Q,duration
cash_flow,stock_activity,PaymentsForRepurchaseOfCommonStock,623000000.0,USD,2023-01-01,2023-06-30,2023-08-02,10-Q,duration
cash_flow,stock_activity,TreasuryStockValueAcquiredCostMethod,628000000.0,USD,2023-01-01,2023-06-30,2023-08-02,10-Q,duration
cash_flow,stock_activity,PaymentsForRepurchaseOfCommonStock,623000000.0,USD,2023-01-01,2023-06-30,2024-07-31,10-Q,duration
cash_flow,stock_activity,TreasuryStockValueAcquiredCostMethod,628000000.0,USD,2023-01-01,2023-06-30,2024-07-31,10-Q,duration
cash_flow,stock_activity,TreasuryStockValueAcquiredCostMethod,534000000.0,USD,2023-04-01,2023-06-30,2023-08-02,10-Q,duration
cash_flow,stock_activity,TreasuryStockValueAcquiredCostMethod,534000000.0,USD,2023-04-01,2023-06-30,2024-07-31,10-Q,duration
cash_flow,stock_activity,PaymentsForRepurchaseOfCommonStock,1002000000.0,USD,2023-01-01,2023-09-30,2023-11-01,10-Q,duration
cash_flow,stock_activity,TreasuryStockValueAcquiredCostMethod,1011000000.0,USD,2023-01-01,2023-09-30,2023-11-01,10-Q,duration
cash_flow,stock_activity,PaymentsForRepurchaseOfCommonStock,1002000000.0,USD,2023-01-01,2023-09-30,2024-10-30,10-Q,duration
cash_flow,stock_activity,TreasuryStockValueAcquiredCostMethod,1011000000.0,USD,2023-01-01,2023-09-30,2024-10-30,10-Q,duration
cash_flow,stock_activity,TreasuryStockValueAcquiredCostMethod,383000000.0,USD,2023-07-01,2023-09-30,2023-11-01,10-Q,duration
cash_flow,stock_activity,TreasuryStockValueAcquiredCostMethod,383000000.0,USD,2023-07-01,2023-09-30,2024-10-30,10-Q,duration
cash_flow,stock_activity,PaymentsForRepurchaseOfCommonStock,1573000000.0,USD,2023-01-01,2023-12-31,2024-02-15,10-K,duration
cash_flow,stock_activity,ProceedsFromStockOptionsExercised,9000000.0,USD,2023-01-01,2023-12-31,2024-02-15,10-K,duration
cash_flow,stock_activity,TreasuryStockValueAcquiredCostMethod,1586000000.0,USD,2023-01-01,2023-12-31,2024-02-15,10-K,duration
cash_flow,stock_activity,PaymentsForRepurchaseOfCommonStock,1573000000.0,USD,2023-01-01,2023-12-31,2025-02-20,10-K,duration
cash_flow,stock_activity,ProceedsFromStockOptionsExercised,9000000.0,USD,2023-01-01,2023-12-31,2025-02-20,10-K,duration
cash_flow,stock_activity,TreasuryStockValueAcquiredCostMethod,1586000000.0,USD,2023-01-01,2023-12-31,2025-02-20,10-K,duration
cash_flow,stock_activity,PaymentsForRepurchaseOfCommonStock,1573000000.0,USD,2023-01-01,2023-12-31,2026-02-19,10-K,duration
cash_flow,stock_activity,ProceedsFromStockOptionsExercised,9000000.0,USD,2023-01-01,2023-12-31,2026-02-19,10-K,duration
cash_flow,stock_activity,TreasuryStockValueAcquiredCostMethod,1586000000.0,USD,2023-01-01,2023-12-31,2026-02-19,10-K,duration
cash_flow,stock_activity,PaymentsForRepurchaseOfCommonStock,717000000.0,USD,2024-01-01,2024-03-31,2024-04-24,10-Q,duration
cash_flow,stock_activity,TreasuryStockValueAcquiredCostMethod,723000000.0,USD,2024-01-01,2024-03-31,2024-04-24,10-Q,duration
cash_flow,stock_activity,PaymentsForRepurchaseOfCommonStock,717000000.0,USD,2024-01-01,2024-03-31,2025-04-30,10-Q,duration
cash_flow,stock_activity,TreasuryStockValueAcquiredCostMethod,723000000.0,USD,2024-01-01,2024-03-31,2025-04-30,10-Q,duration
cash_flow,stock_activity,PaymentsForRepurchaseOfCommonStock,766000000.0,USD,2024-01-01,2024-06-30,2024-07-31,10-Q,duration
cash_flow,stock_activity,TreasuryStockValueAcquiredCostMethod,773000000.0,USD,2024-01-01,2024-06-30,2024-07-31,10-Q,duration
cash_flow,stock_activity,PaymentsForRepurchaseOfCommonStock,766000000.0,USD,2024-01-01,2024-06-30,2025-07-30,10-Q,duration
cash_flow,stock_activity,TreasuryStockValueAcquiredCostMethod,773000000.0,USD,2024-01-01,2024-06-30,2025-07-30,10-Q,duration
cash_flow,stock_activity,TreasuryStockValueAcquiredCostMethod,50000000.0,USD,2024-04-01,2024-06-30,2024-07-31,10-Q,duration
cash_flow,stock_activity,TreasuryStockValueAcquiredCostMethod,50000000.0,USD,2024-04-01,2024-06-30,2025-07-30,10-Q,duration
cash_flow,stock_activity,PaymentsForRepurchaseOfCommonStock,768000000.0,USD,2024-01-01,2024-09-30,2024-10-30,10-Q,duration
cash_flow,stock_activity,TreasuryStockValueAcquiredCostMethod,774000000.0,USD,2024-01-01,2024-09-30,2024-10-30,10-Q,duration
cash_flow,stock_activity,PaymentsForRepurchaseOfCommonStock,768000000.0,USD,2024-01-01,2024-09-30,2025-11-05,10-Q,duration
cash_flow,stock_activity,TreasuryStockValueAcquiredCostMethod,774000000.0,USD,2024-01-01,2024-09-30,2025-11-05,10-Q,duration
cash_flow,stock_activity,TreasuryStockValueAcquiredCostMethod,1000000.0,USD,2024-07-01,2024-09-30,2024-10-30,10-Q,duration
cash_flow,stock_activity,TreasuryStockValueAcquiredCostMethod,1000000.0,USD,2024-07-01,2024-09-30,2025-11-05,10-Q,duration
cash_flow,stock_activity,PaymentsForRepurchaseOfCommonStock,817000000.0,USD,2024-01-01,2024-12-31,2025-02-20,10-K,duration
cash_flow,stock_activity,ProceedsFromStockOptionsExercised,300000.0,USD,2024-01-01,2024-12-31,2025-02-20,10-K,duration
cash_flow,stock_activity,TreasuryStockValueAcquiredCostMethod,803000000.0,USD,2024-01-01,2024-12-31,2025-02-20,10-K,duration
cash_flow,stock_activity,PaymentsForRepurchaseOfCommonStock,817000000.0,USD,2024-01-01,2024-12-31,2026-02-19,10-K,duration
cash_flow,stock_activity,ProceedsFromStockOptionsExercised,300000.0,USD,2024-01-01,2024-12-31,2026-02-19,10-K,duration
cash_flow,stock_activity,TreasuryStockValueAcquiredCostMethod,803000000.0,USD,2024-01-01,2024-12-31,2026-02-19,10-K,duration
cash_flow,stock_activity,PaymentsForRepurchaseOfCommonStock,9000000.0,USD,2025-01-01,2025-03-31,2025-04-30,10-Q,duration
cash_flow,stock_activity,TreasuryStockValueAcquiredCostMethod,9000000.0,USD,2025-01-01,2025-03-31,2025-04-30,10-Q,duration
cash_flow,stock_activity,PaymentsForRepurchaseOfCommonStock,9000000.0,USD,2025-01-01,2025-03-31,2026-04-29,10-Q,duration
cash_flow,stock_activity,TreasuryStockValueAcquiredCostMethod,9000000.0,USD,2025-01-01,2025-03-31,2026-04-29,10-Q,duration
cash_flow,stock_activity,PaymentsForRepurchaseOfCommonStock,109000000.0,USD,2025-01-01,2025-06-30,2025-07-30,10-Q,duration
cash_flow,stock_activity,TreasuryStockValueAcquiredCostMethod,109000000.0,USD,2025-01-01,2025-06-30,2025-07-30,10-Q,duration
cash_flow,stock_activity,TreasuryStockValueAcquiredCostMethod,100000000.0,USD,2025-04-01,2025-06-30,2025-07-30,10-Q,duration
cash_flow,stock_activity,PaymentsForRepurchaseOfCommonStock,109000000.0,USD,2025-01-01,2025-09-30,2025-11-05,10-Q,duration
cash_flow,stock_activity,TreasuryStockValueAcquiredCostMethod,110000000.0,USD,2025-01-01,2025-09-30,2025-11-05,10-Q,duration
cash_flow,stock_activity,TreasuryStockValueAcquiredCostMethod,1000000.0,USD,2025-07-01,2025-09-30,2025-11-05,10-Q,duration
cash_flow,stock_activity,PaymentsForRepurchaseOfCommonStock,151000000.0,USD,2025-01-01,2025-12-31,2026-02-19,10-K,duration
cash_flow,stock_activity,ProceedsFromStockOptionsExercised,0.0,USD,2025-01-01,2025-12-31,2026-02-19,10-K,duration
cash_flow,stock_activity,TreasuryStockValueAcquiredCostMethod,151000000.0,USD,2025-01-01,2025-12-31,2026-02-19,10-K,duration
cash_flow,stock_activity,PaymentsForRepurchaseOfCommonStock,107000000.0,USD,2026-01-01,2026-03-31,2026-04-29,10-Q,duration
cash_flow,stock_activity,TreasuryStockValueAcquiredCostMethod,108000000.0,USD,2026-01-01,2026-03-31,2026-04-29,10-Q,duration
cash_flow,tax_paid,IncomeTaxesPaidNet,443904000.0,USD,2007-01-01,2007-12-31,2010-02-19,10-K,duration
cash_flow,tax_paid,IncomeTaxesPaidNet,87383000.0,USD,2008-01-01,2008-06-30,2009-08-03,10-Q,duration
cash_flow,tax_paid,IncomeTaxesPaidNet,234383000.0,USD,2008-01-01,2008-09-30,2009-11-03,10-Q,duration
cash_flow,tax_paid,IncomeTaxesPaidNet,347353000.0,USD,2008-01-01,2008-12-31,2010-02-19,10-K,duration
cash_flow,tax_paid,IncomeTaxesPaidNet,347353000.0,USD,2008-01-01,2008-12-31,2011-02-18,10-K,duration
cash_flow,tax_paid,IncomeTaxesPaidNet,347353000.0,USD,2008-01-01,2008-12-31,2011-10-20,8-K,duration
cash_flow,tax_paid,IncomeTaxesPaidNet,26147000.0,USD,2009-01-01,2009-03-31,2010-04-27,10-Q,duration
cash_flow,tax_paid,IncomeTaxesPaidNet,260380000.0,USD,2009-01-01,2009-06-30,2009-08-03,10-Q,duration
cash_flow,tax_paid,IncomeTaxesPaidNet,260380000.0,USD,2009-01-01,2009-06-30,2010-08-02,10-Q,duration
cash_flow,tax_paid,IncomeTaxesPaidNet,478051000.0,USD,2009-01-01,2009-09-30,2009-11-03,10-Q,duration
cash_flow,tax_paid,IncomeTaxesPaidNet,478051000.0,USD,2009-01-01,2009-09-30,2010-11-01,10-Q,duration
cash_flow,tax_paid,IncomeTaxesPaidNet,627227000.0,USD,2009-01-01,2009-12-31,2010-02-19,10-K,duration
cash_flow,tax_paid,IncomeTaxesPaidNet,627227000.0,USD,2009-01-01,2009-12-31,2011-02-18,10-K,duration
cash_flow,tax_paid,IncomeTaxesPaidNet,627227000.0,USD,2009-01-01,2009-12-31,2011-10-20,8-K,duration
cash_flow,tax_paid,IncomeTaxesPaidNet,627000000.0,USD,2009-01-01,2009-12-31,2012-02-24,10-K,duration
cash_flow,tax_paid,IncomeTaxesPaidNet,5210000.0,USD,2010-01-01,2010-03-31,2010-04-27,10-Q,duration
cash_flow,tax_paid,IncomeTaxesPaidNet,5210000.0,USD,2010-01-01,2010-03-31,2011-05-03,10-Q,duration
cash_flow,tax_paid,IncomeTaxesPaidNet,356390000.0,USD,2010-01-01,2010-06-30,2010-08-02,10-Q,duration
cash_flow,tax_paid,IncomeTaxesPaidNet,356390000.0,USD,2010-01-01,2010-06-30,2011-08-01,10-Q,duration
cash_flow,tax_paid,IncomeTaxesPaidNet,632745000.0,USD,2010-01-01,2010-09-30,2010-11-01,10-Q,duration
cash_flow,tax_paid,IncomeTaxesPaidNet,632745000.0,USD,2010-01-01,2010-09-30,2011-10-31,10-Q,duration
cash_flow,tax_paid,IncomeTaxesPaidNet,784924000.0,USD,2010-01-01,2010-12-31,2011-02-18,10-K,duration
cash_flow,tax_paid,IncomeTaxesPaidNet,784924000.0,USD,2010-01-01,2010-12-31,2011-10-20,8-K,duration
cash_flow,tax_paid,IncomeTaxesPaidNet,785000000.0,USD,2010-01-01,2010-12-31,2012-02-24,10-K,duration
cash_flow,tax_paid,IncomeTaxesPaidNet,785000000.0,USD,2010-01-01,2010-12-31,2013-02-22,10-K,duration
cash_flow,tax_paid,IncomeTaxesPaidNet,76215000.0,USD,2011-01-01,2011-03-31,2011-05-03,10-Q,duration
cash_flow,tax_paid,IncomeTaxesPaidNet,76000000.0,USD,2011-01-01,2011-03-31,2012-04-30,10-Q,duration
cash_flow,tax_paid,IncomeTaxesPaidNet,407416000.0,USD,2011-01-01,2011-06-30,2011-08-01,10-Q,duration
cash_flow,tax_paid,IncomeTaxesPaidNet,407000000.0,USD,2011-01-01,2011-06-30,2012-08-01,10-Q,duration
cash_flow,tax_paid,IncomeTaxesPaidNet,717654000.0,USD,2011-01-01,2011-09-30,2011-10-31,10-Q,duration
cash_flow,tax_paid,IncomeTaxesPaidNet,718000000.0,USD,2011-01-01,2011-09-30,2012-11-05,10-Q,duration
cash_flow,tax_paid,IncomeTaxesPaidNet,874000000.0,USD,2011-01-01,2011-12-31,2012-02-24,10-K,duration
cash_flow,tax_paid,IncomeTaxesPaidNet,874000000.0,USD,2011-01-01,2011-12-31,2013-02-22,10-K,duration
cash_flow,tax_paid,IncomeTaxesPaidNet,874000000.0,USD,2011-01-01,2011-12-31,2014-02-19,10-K,duration
cash_flow,tax_paid,IncomeTaxesPaidNet,874000000.0,USD,2011-01-01,2011-12-31,2014-09-16,8-K,duration
cash_flow,tax_paid,IncomeTaxesPaidNet,5000000.0,USD,2012-01-01,2012-03-31,2012-04-30,10-Q,duration
cash_flow,tax_paid,IncomeTaxesPaidNet,5000000.0,USD,2012-01-01,2012-03-31,2013-05-01,10-Q,duration
cash_flow,tax_paid,IncomeTaxesPaidNet,293000000.0,USD,2012-01-01,2012-06-30,2012-08-01,10-Q,duration
cash_flow,tax_paid,IncomeTaxesPaidNet,293000000.0,USD,2012-01-01,2012-06-30,2013-07-31,10-Q,duration
cash_flow,tax_paid,IncomeTaxesPaidNet,514000000.0,USD,2012-01-01,2012-09-30,2012-11-05,10-Q,duration
cash_flow,tax_paid,IncomeTaxesPaidNet,514000000.0,USD,2012-01-01,2012-09-30,2013-11-06,10-Q,duration
cash_flow,tax_paid,IncomeTaxesPaidNet,745000000.0,USD,2012-01-01,2012-12-31,2013-02-22,10-K,duration
cash_flow,tax_paid,IncomeTaxesPaidNet,745000000.0,USD,2012-01-01,2012-12-31,2014-02-19,10-K,duration
cash_flow,tax_paid,IncomeTaxesPaidNet,745000000.0,USD,2012-01-01,2012-12-31,2014-09-16,8-K,duration
cash_flow,tax_paid,IncomeTaxesPaidNet,745000000.0,USD,2012-01-01,2012-12-31,2015-02-18,10-K,duration
cash_flow,tax_paid,IncomeTaxesPaidNet,745000000.0,USD,2012-01-01,2012-12-31,2015-08-10,8-K,duration
cash_flow,tax_paid,IncomeTaxesPaidNet,1000000.0,USD,2013-01-01,2013-03-31,2013-05-01,10-Q,duration
cash_flow,tax_paid,IncomeTaxesPaidNet,1000000.0,USD,2013-01-01,2013-03-31,2014-05-07,10-Q,duration
cash_flow,tax_paid,IncomeTaxesPaidNet,511000000.0,USD,2013-01-01,2013-06-30,2013-07-31,10-Q,duration
cash_flow,tax_paid,IncomeTaxesPaidNet,511000000.0,USD,2013-01-01,2013-06-30,2014-07-30,10-Q,duration
cash_flow,tax_paid,IncomeTaxesPaidNet,724000000.0,USD,2013-01-01,2013-09-30,2013-11-06,10-Q,duration
cash_flow,tax_paid,IncomeTaxesPaidNet,724000000.0,USD,2013-01-01,2013-09-30,2014-11-07,10-Q,duration
cash_flow,tax_paid,IncomeTaxesPaidNet,734000000.0,USD,2013-01-01,2013-12-31,2014-02-19,10-K,duration
cash_flow,tax_paid,IncomeTaxesPaidNet,734000000.0,USD,2013-01-01,2013-12-31,2014-09-16,8-K,duration
cash_flow,tax_paid,IncomeTaxesPaidNet,734000000.0,USD,2013-01-01,2013-12-31,2015-02-18,10-K,duration
cash_flow,tax_paid,IncomeTaxesPaidNet,734000000.0,USD,2013-01-01,2013-12-31,2015-08-10,8-K,duration
cash_flow,tax_paid,IncomeTaxesPaidNet,734000000.0,USD,2013-01-01,2013-12-31,2016-02-18,10-K,duration
cash_flow,tax_paid,IncomeTaxesPaidNet,12000000.0,USD,2014-01-01,2014-03-31,2014-05-07,10-Q,duration
cash_flow,tax_paid,IncomeTaxesPaidNet,12000000.0,USD,2014-01-01,2014-03-31,2015-04-29,10-Q,duration
cash_flow,tax_paid,IncomeTaxesPaidNet,601000000.0,USD,2014-01-01,2014-06-30,2014-07-30,10-Q,duration
cash_flow,tax_paid,IncomeTaxesPaidNet,601000000.0,USD,2014-01-01,2014-06-30,2015-07-29,10-Q,duration
cash_flow,tax_paid,IncomeTaxesPaidNet,852000000.0,USD,2014-01-01,2014-09-30,2014-11-07,10-Q,duration
cash_flow,tax_paid,IncomeTaxesPaidNet,852000000.0,USD,2014-01-01,2014-09-30,2015-11-06,10-Q,duration
cash_flow,tax_paid,IncomeTaxesPaidNet,1030000000.0,USD,2014-01-01,2014-12-31,2015-02-18,10-K,duration
cash_flow,tax_paid,IncomeTaxesPaidNet,1030000000.0,USD,2014-01-01,2014-12-31,2015-08-10,8-K,duration
cash_flow,tax_paid,IncomeTaxesPaidNet,1030000000.0,USD,2014-01-01,2014-12-31,2016-02-18,10-K,duration
cash_flow,tax_paid,IncomeTaxesPaidNet,1030000000.0,USD,2014-01-01,2014-12-31,2017-02-17,10-K,duration
cash_flow,tax_paid,IncomeTaxesPaidNet,1030000000.0,USD,2014-01-01,2014-12-31,2017-12-14,8-K,duration
cash_flow,tax_paid,IncomeTaxesPaidNet,26000000.0,USD,2015-01-01,2015-03-31,2015-04-29,10-Q,duration
cash_flow,tax_paid,IncomeTaxesPaidNet,26000000.0,USD,2015-01-01,2015-03-31,2016-05-04,10-Q,duration
cash_flow,tax_paid,IncomeTaxesPaidNet,736000000.0,USD,2015-01-01,2015-06-30,2015-07-29,10-Q,duration
cash_flow,tax_paid,IncomeTaxesPaidNet,736000000.0,USD,2015-01-01,2015-06-30,2016-08-03,10-Q,duration
cash_flow,tax_paid,IncomeTaxesPaidNet,1038000000.0,USD,2015-01-01,2015-09-30,2015-11-06,10-Q,duration
cash_flow,tax_paid,IncomeTaxesPaidNet,1038000000.0,USD,2015-01-01,2015-09-30,2016-11-04,10-Q,duration
cash_flow,tax_paid,IncomeTaxesPaidNet,1179000000.0,USD,2015-01-01,2015-12-31,2016-02-18,10-K,duration
cash_flow,tax_paid,IncomeTaxesPaidNet,1179000000.0,USD,2015-01-01,2015-12-31,2017-02-17,10-K,duration
cash_flow,tax_paid,IncomeTaxesPaidNet,1179000000.0,USD,2015-01-01,2015-12-31,2017-12-14,8-K,duration
cash_flow,tax_paid,IncomeTaxesPaidNet,1179000000.0,USD,2015-01-01,2015-12-31,2018-02-16,10-K,duration
cash_flow,tax_paid,IncomeTaxesPaidNet,5000000.0,USD,2016-01-01,2016-03-31,2016-05-04,10-Q,duration
cash_flow,tax_paid,IncomeTaxesPaidNet,5000000.0,USD,2016-01-01,2016-03-31,2017-05-03,10-Q,duration
cash_flow,tax_paid,IncomeTaxesPaidNet,536000000.0,USD,2016-01-01,2016-06-30,2016-08-03,10-Q,duration
cash_flow,tax_paid,IncomeTaxesPaidNet,536000000.0,USD,2016-01-01,2016-06-30,2017-08-02,10-Q,duration
cash_flow,tax_paid,IncomeTaxesPaidNet,851000000.0,USD,2016-01-01,2016-09-30,2016-11-04,10-Q,duration
cash_flow,tax_paid,IncomeTaxesPaidNet,851000000.0,USD,2016-01-01,2016-09-30,2017-11-08,10-Q,duration
cash_flow,tax_paid,IncomeTaxesPaidNet,916000000.0,USD,2016-01-01,2016-12-31,2017-02-17,10-K,duration
cash_flow,tax_paid,IncomeTaxesPaidNet,916000000.0,USD,2016-01-01,2016-12-31,2017-12-14,8-K,duration
cash_flow,tax_paid,IncomeTaxesPaidNet,916000000.0,USD,2016-01-01,2016-12-31,2018-02-16,10-K,duration
cash_flow,tax_paid,IncomeTaxesPaidNet,916000000.0,USD,2016-01-01,2016-12-31,2019-02-21,10-K,duration
cash_flow,tax_paid,IncomeTaxesPaidNet,-4000000.0,USD,2017-01-01,2017-03-31,2017-05-03,10-Q,duration
cash_flow,tax_paid,IncomeTaxesPaidNet,-4000000.0,USD,2017-01-01,2017-03-31,2018-05-02,10-Q,duration
cash_flow,tax_paid,IncomeTaxesPaidNet,694000000.0,USD,2017-01-01,2017-06-30,2017-08-02,10-Q,duration
cash_flow,tax_paid,IncomeTaxesPaidNet,694000000.0,USD,2017-01-01,2017-06-30,2018-08-01,10-Q,duration
cash_flow,tax_paid,IncomeTaxesPaidNet,1206000000.0,USD,2017-01-01,2017-09-30,2017-11-08,10-Q,duration
cash_flow,tax_paid,IncomeTaxesPaidNet,1206000000.0,USD,2017-01-01,2017-09-30,2018-11-07,10-Q,duration
cash_flow,tax_paid,IncomeTaxesPaidNet,1498000000.0,USD,2017-01-01,2017-12-31,2018-02-16,10-K,duration
cash_flow,tax_paid,IncomeTaxesPaidNet,1498000000.0,USD,2017-01-01,2017-12-31,2019-02-21,10-K,duration
cash_flow,tax_paid,IncomeTaxesPaidNet,1498000000.0,USD,2017-01-01,2017-12-31,2020-02-20,10-K,duration
cash_flow,tax_paid,IncomeTaxesPaidNet,4000000.0,USD,2018-01-01,2018-03-31,2018-05-02,10-Q,duration
cash_flow,tax_paid,IncomeTaxesPaidNet,4000000.0,USD,2018-01-01,2018-03-31,2019-05-01,10-Q,duration
cash_flow,tax_paid,IncomeTaxesPaidNet,405000000.0,USD,2018-01-01,2018-06-30,2018-08-01,10-Q,duration
cash_flow,tax_paid,IncomeTaxesPaidNet,405000000.0,USD,2018-01-01,2018-06-30,2019-07-31,10-Q,duration
cash_flow,tax_paid,IncomeTaxesPaidNet,511000000.0,USD,2018-01-01,2018-09-30,2018-11-07,10-Q,duration
cash_flow,tax_paid,IncomeTaxesPaidNet,511000000.0,USD,2018-01-01,2018-09-30,2019-11-06,10-Q,duration
cash_flow,tax_paid,IncomeTaxesPaidNet,631000000.0,USD,2018-01-01,2018-12-31,2019-02-21,10-K,duration
cash_flow,tax_paid,IncomeTaxesPaidNet,631000000.0,USD,2018-01-01,2018-12-31,2020-02-20,10-K,duration
cash_flow,tax_paid,IncomeTaxesPaidNet,631000000.0,USD,2018-01-01,2018-12-31,2021-02-18,10-K,duration
cash_flow,tax_paid,IncomeTaxesPaidNet,-22000000.0,USD,2019-01-01,2019-03-31,2019-05-01,10-Q,duration
cash_flow,tax_paid,ProceedsFromIncomeTaxRefunds,22000000.0,USD,2019-01-01,2019-03-31,2020-04-29,10-Q,duration
cash_flow,tax_paid,IncomeTaxesPaidNet,346000000.0,USD,2019-01-01,2019-06-30,2019-07-31,10-Q,duration
cash_flow,tax_paid,IncomeTaxesPaidNet,346000000.0,USD,2019-01-01,2019-06-30,2020-08-05,10-Q,duration
cash_flow,tax_paid,IncomeTaxesPaidNet,578000000.0,USD,2019-01-01,2019-09-30,2019-11-06,10-Q,duration
cash_flow,tax_paid,IncomeTaxesPaidNet,578000000.0,USD,2019-01-01,2019-09-30,2020-11-03,10-Q,duration
cash_flow,tax_paid,IncomeTaxesPaidNet,518000000.0,USD,2019-01-01,2019-12-31,2020-02-20,10-K,duration
cash_flow,tax_paid,IncomeTaxesPaidNet,518000000.0,USD,2019-01-01,2019-12-31,2021-02-18,10-K,duration
cash_flow,tax_paid,IncomeTaxesPaidNet,518000000.0,USD,2019-01-01,2019-12-31,2022-02-17,10-K,duration
cash_flow,tax_paid,ProceedsFromIncomeTaxRefunds,6000000.0,USD,2020-01-01,2020-03-31,2020-04-29,10-Q,duration
cash_flow,tax_paid,IncomeTaxesPaidNet,-6000000.0,USD,2020-01-01,2020-03-31,2021-04-28,10-Q,duration
cash_flow,tax_paid,IncomeTaxesPaidNet,36000000.0,USD,2020-01-01,2020-06-30,2020-08-05,10-Q,duration
cash_flow,tax_paid,IncomeTaxesPaidNet,36000000.0,USD,2020-01-01,2020-06-30,2021-07-28,10-Q,duration
cash_flow,tax_paid,IncomeTaxesPaidNet,778000000.0,USD,2020-01-01,2020-09-30,2020-11-03,10-Q,duration
cash_flow,tax_paid,IncomeTaxesPaidNet,778000000.0,USD,2020-01-01,2020-09-30,2021-11-03,10-Q,duration
cash_flow,tax_paid,IncomeTaxesPaidNet,1132000000.0,USD,2020-01-01,2020-12-31,2021-02-18,10-K,duration
cash_flow,tax_paid,IncomeTaxesPaidNet,1132000000.0,USD,2020-01-01,2020-12-31,2022-02-17,10-K,duration
cash_flow,tax_paid,IncomeTaxesPaidNet,1132000000.0,USD,2020-01-01,2020-12-31,2023-02-16,10-K,duration
cash_flow,tax_paid,IncomeTaxesPaidNet,-1000000.0,USD,2021-01-01,2021-03-31,2021-04-28,10-Q,duration
cash_flow,tax_paid,IncomeTaxesPaidNet,-1000000.0,USD,2021-01-01,2021-03-31,2022-04-27,10-Q,duration
cash_flow,tax_paid,IncomeTaxesPaidNet,386000000.0,USD,2021-01-01,2021-06-30,2021-07-28,10-Q,duration
cash_flow,tax_paid,IncomeTaxesPaidNet,386000000.0,USD,2021-01-01,2021-06-30,2022-07-27,10-Q,duration
cash_flow,tax_paid,IncomeTaxesPaidNet,219000000.0,USD,2021-01-01,2021-09-30,2021-11-03,10-Q,duration
cash_flow,tax_paid,IncomeTaxesPaidNet,219000000.0,USD,2021-01-01,2021-09-30,2022-11-02,10-Q,duration
cash_flow,tax_paid,IncomeTaxesPaidNet,227000000.0,USD,2021-01-01,2021-12-31,2022-02-17,10-K,duration
cash_flow,tax_paid,IncomeTaxesPaidNet,227000000.0,USD,2021-01-01,2021-12-31,2023-02-16,10-K,duration
cash_flow,tax_paid,IncomeTaxesPaidNet,227000000.0,USD,2021-01-01,2021-12-31,2024-02-15,10-K,duration
cash_flow,tax_paid,IncomeTaxesPaidNet,-20000000.0,USD,2022-01-01,2022-03-31,2022-04-27,10-Q,duration
cash_flow,tax_paid,IncomeTaxesPaidNet,-20000000.0,USD,2022-01-01,2022-03-31,2023-04-26,10-Q,duration
cash_flow,tax_paid,IncomeTaxesPaidNet,373000000.0,USD,2022-01-01,2022-06-30,2022-07-27,10-Q,duration
cash_flow,tax_paid,IncomeTaxesPaidNet,373000000.0,USD,2022-01-01,2022-06-30,2023-08-02,10-Q,duration
cash_flow,tax_paid,IncomeTaxesPaidNet,751000000.0,USD,2022-01-01,2022-09-30,2022-11-02,10-Q,duration
cash_flow,tax_paid,IncomeTaxesPaidNet,751000000.0,USD,2022-01-01,2022-09-30,2023-11-01,10-Q,duration
cash_flow,tax_paid,IncomeTaxesPaidNet,758000000.0,USD,2022-01-01,2022-12-31,2023-02-16,10-K,duration
cash_flow,tax_paid,IncomeTaxesPaidNet,758000000.0,USD,2022-01-01,2022-12-31,2024-02-15,10-K,duration
cash_flow,tax_paid,IncomeTaxesPaidNet,758000000.0,USD,2022-01-01,2022-12-31,2025-02-20,10-K,duration
cash_flow,tax_paid,IncomeTaxesPaidNet,6000000.0,USD,2023-01-01,2023-03-31,2023-04-26,10-Q,duration
cash_flow,tax_paid,IncomeTaxesPaidNet,6000000.0,USD,2023-01-01,2023-03-31,2024-04-24,10-Q,duration
cash_flow,tax_paid,IncomeTaxesPaidNet,681000000.0,USD,2023-01-01,2023-06-30,2023-08-02,10-Q,duration
cash_flow,tax_paid,IncomeTaxesPaidNet,681000000.0,USD,2023-01-01,2023-06-30,2024-07-31,10-Q,duration
cash_flow,tax_paid,IncomeTaxesPaidNet,957000000.0,USD,2023-01-01,2023-09-30,2023-11-01,10-Q,duration
cash_flow,tax_paid,IncomeTaxesPaidNet,957000000.0,USD,2023-01-01,2023-09-30,2024-10-30,10-Q,duration
cash_flow,tax_paid,IncomeTaxesPaidNet,997000000.0,USD,2023-01-01,2023-12-31,2024-02-15,10-K,duration
cash_flow,tax_paid,IncomeTaxesPaidNet,997000000.0,USD,2023-01-01,2023-12-31,2025-02-20,10-K,duration
cash_flow,tax_paid,IncomeTaxPaidFederalAfterRefundReceived,903000000.0,USD,2023-01-01,2023-12-31,2026-02-19,10-K,duration
cash_flow,tax_paid,IncomeTaxPaidForeignAfterRefundReceived,2000000.0,USD,2023-01-01,2023-12-31,2026-02-19,10-K,duration
cash_flow,tax_paid,IncomeTaxPaidStateAndLocalAfterRefundReceived,92000000.0,USD,2023-01-01,2023-12-31,2026-02-19,10-K,duration
cash_flow,tax_paid,IncomeTaxesPaidNet,1000000.0,USD,2024-01-01,2024-03-31,2024-04-24,10-Q,duration
cash_flow,tax_paid,IncomeTaxesPaidNet,1000000.0,USD,2024-01-01,2024-03-31,2025-04-30,10-Q,duration
cash_flow,tax_paid,IncomeTaxesPaidNet,362000000.0,USD,2024-01-01,2024-06-30,2024-07-31,10-Q,duration
cash_flow,tax_paid,IncomeTaxesPaidNet,362000000.0,USD,2024-01-01,2024-06-30,2025-07-30,10-Q,duration
cash_flow,tax_paid,IncomeTaxesPaidNet,570000000.0,USD,2024-01-01,2024-09-30,2024-10-30,10-Q,duration
cash_flow,tax_paid,IncomeTaxesPaidNet,570000000.0,USD,2024-01-01,2024-09-30,2025-11-05,10-Q,duration
cash_flow,tax_paid,IncomeTaxesPaidNet,570000000.0,USD,2024-01-01,2024-12-31,2025-02-20,10-K,duration
cash_flow,tax_paid,IncomeTaxPaidFederalAfterRefundReceived,506000000.0,USD,2024-01-01,2024-12-31,2026-02-19,10-K,duration
cash_flow,tax_paid,IncomeTaxPaidStateAndLocalAfterRefundReceived,64000000.0,USD,2024-01-01,2024-12-31,2026-02-19,10-K,duration
cash_flow,tax_paid,IncomeTaxesPaidNet,-12000000.0,USD,2025-01-01,2025-03-31,2025-04-30,10-Q,duration
cash_flow,tax_paid,IncomeTaxesPaidNet,-12000000.0,USD,2025-01-01,2025-03-31,2026-04-29,10-Q,duration
cash_flow,tax_paid,IncomeTaxesPaidNet,29000000.0,USD,2025-01-01,2025-06-30,2025-07-30,10-Q,duration
cash_flow,tax_paid,IncomeTaxesPaidNet,151000000.0,USD,2025-01-01,2025-09-30,2025-11-05,10-Q,duration
cash_flow,tax_paid,IncomeTaxPaidFederalAfterRefundReceived,231000000.0,USD,2025-01-01,2025-12-31,2026-02-19,10-K,duration
cash_flow,tax_paid,IncomeTaxPaidStateAndLocalAfterRefundReceived,41000000.0,USD,2025-01-01,2025-12-31,2026-02-19,10-K,duration
cash_flow,tax_paid,IncomeTaxesPaidNet,-7000000.0,USD,2026-01-01,2026-03-31,2026-04-29,10-Q,duration
cash_flow,working_capital_changes,IncreaseDecreaseInDeferredIncomeTaxes,32736000.0,USD,2007-01-01,2007-12-31,2010-02-19,10-K,duration
cash_flow,working_capital_changes,IncreaseDecreaseInDeferredRevenue,64482000.0,USD,2007-01-01,2007-12-31,2010-02-19,10-K,duration
cash_flow,working_capital_changes,IncreaseDecreaseInOtherOperatingCapitalNet,-34255000.0,USD,2007-01-01,2007-12-31,2010-02-19,10-K,duration
cash_flow,working_capital_changes,IncreaseDecreaseInReceivables,-60745000.0,USD,2007-01-01,2007-12-31,2010-02-19,10-K,duration
cash_flow,working_capital_changes,IncreaseDecreaseInDeferredRevenue,-12457000.0,USD,2008-01-01,2008-06-30,2009-08-03,10-Q,duration
cash_flow,working_capital_changes,IncreaseDecreaseInOtherOperatingCapitalNet,-9158000.0,USD,2008-01-01,2008-06-30,2009-08-03,10-Q,duration
cash_flow,working_capital_changes,IncreaseDecreaseInReceivables,383385000.0,USD,2008-01-01,2008-06-30,2009-08-03,10-Q,duration
cash_flow,working_capital_changes,IncreaseDecreaseInDeferredIncomeTaxes,21411000.0,USD,2008-01-01,2008-09-30,2009-11-03,10-Q,duration
cash_flow,working_capital_changes,IncreaseDecreaseInDeferredRevenue,-9098000.0,USD,2008-01-01,2008-09-30,2009-11-03,10-Q,duration
cash_flow,working_capital_changes,IncreaseDecreaseInOtherOperatingCapitalNet,-14346000.0,USD,2008-01-01,2008-09-30,2009-11-03,10-Q,duration
cash_flow,working_capital_changes,IncreaseDecreaseInReceivables,93320000.0,USD,2008-01-01,2008-09-30,2009-11-03,10-Q,duration
cash_flow,working_capital_changes,IncreaseDecreaseInDeferredIncomeTaxes,22005000.0,USD,2008-01-01,2008-12-31,2010-02-19,10-K,duration
cash_flow,working_capital_changes,IncreaseDecreaseInDeferredRevenue,-10280000.0,USD,2008-01-01,2008-12-31,2010-02-19,10-K,duration
cash_flow,working_capital_changes,IncreaseDecreaseInOtherOperatingCapitalNet,-18107000.0,USD,2008-01-01,2008-12-31,2010-02-19,10-K,duration
cash_flow,working_capital_changes,IncreaseDecreaseInReceivables,152893000.0,USD,2008-01-01,2008-12-31,2010-02-19,10-K,duration
cash_flow,working_capital_changes,IncreaseDecreaseInDeferredIncomeTaxes,22005000.0,USD,2008-01-01,2008-12-31,2011-02-18,10-K,duration
cash_flow,working_capital_changes,IncreaseDecreaseInDeferredRevenue,-10280000.0,USD,2008-01-01,2008-12-31,2011-02-18,10-K,duration
cash_flow,working_capital_changes,IncreaseDecreaseInOtherOperatingCapitalNet,-18107000.0,USD,2008-01-01,2008-12-31,2011-02-18,10-K,duration
cash_flow,working_capital_changes,IncreaseDecreaseInReceivables,152893000.0,USD,2008-01-01,2008-12-31,2011-02-18,10-K,duration
cash_flow,working_capital_changes,IncreaseDecreaseInBookOverdrafts,-44684000.0,USD,2008-01-01,2008-12-31,2011-10-20,8-K,duration
cash_flow,working_capital_changes,IncreaseDecreaseInDeferredIncomeTaxes,22005000.0,USD,2008-01-01,2008-12-31,2011-10-20,8-K,duration
cash_flow,working_capital_changes,IncreaseDecreaseInDeferredRevenue,-10280000.0,USD,2008-01-01,2008-12-31,2011-10-20,8-K,duration
cash_flow,working_capital_changes,IncreaseDecreaseInOtherOperatingCapitalNet,-18107000.0,USD,2008-01-01,2008-12-31,2011-10-20,8-K,duration
cash_flow,working_capital_changes,IncreaseDecreaseInReceivables,152893000.0,USD,2008-01-01,2008-12-31,2011-10-20,8-K,duration
cash_flow,working_capital_changes,IncreaseDecreaseInSecuritiesLendingPayable,-898350000.0,USD,2008-01-01,2008-12-31,2011-10-20,8-K,duration
cash_flow,working_capital_changes,IncreaseDecreaseInDeferredIncomeTaxes,-19687000.0,USD,2009-01-01,2009-03-31,2010-04-27,10-Q,duration
cash_flow,working_capital_changes,IncreaseDecreaseInDeferredRevenue,3364000.0,USD,2009-01-01,2009-03-31,2010-04-27,10-Q,duration
cash_flow,working_capital_changes,IncreaseDecreaseInOtherOperatingCapitalNet,-5815000.0,USD,2009-01-01,2009-03-31,2010-04-27,10-Q,duration
cash_flow,working_capital_changes,IncreaseDecreaseInReceivables,255098000.0,USD,2009-01-01,2009-03-31,2010-04-27,10-Q,duration
cash_flow,working_capital_changes,IncreaseDecreaseInDeferredRevenue,6757000.0,USD,2009-01-01,2009-06-30,2009-08-03,10-Q,duration
cash_flow,working_capital_changes,IncreaseDecreaseInOtherOperatingCapitalNet,-11782000.0,USD,2009-01-01,2009-06-30,2009-08-03,10-Q,duration
cash_flow,working_capital_changes,IncreaseDecreaseInReceivables,494139000.0,USD,2009-01-01,2009-06-30,2009-08-03,10-Q,duration
cash_flow,working_capital_changes,IncreaseDecreaseInDeferredIncomeTaxes,34825000.0,USD,2009-01-01,2009-06-30,2010-08-02,10-Q,duration
cash_flow,working_capital_changes,IncreaseDecreaseInDeferredRevenue,6757000.0,USD,2009-01-01,2009-06-30,2010-08-02,10-Q,duration
cash_flow,working_capital_changes,IncreaseDecreaseInOtherOperatingCapitalNet,-11782000.0,USD,2009-01-01,2009-06-30,2010-08-02,10-Q,duration
cash_flow,working_capital_changes,IncreaseDecreaseInReceivables,494139000.0,USD,2009-01-01,2009-06-30,2010-08-02,10-Q,duration
cash_flow,working_capital_changes,IncreaseDecreaseInDeferredIncomeTaxes,22753000.0,USD,2009-01-01,2009-09-30,2009-11-03,10-Q,duration
cash_flow,working_capital_changes,IncreaseDecreaseInDeferredRevenue,-18309000.0,USD,2009-01-01,2009-09-30,2009-11-03,10-Q,duration
cash_flow,working_capital_changes,IncreaseDecreaseInOtherOperatingCapitalNet,-16687000.0,USD,2009-01-01,2009-09-30,2009-11-03,10-Q,duration
cash_flow,working_capital_changes,IncreaseDecreaseInReceivables,-6247000.0,USD,2009-01-01,2009-09-30,2009-11-03,10-Q,duration
cash_flow,working_capital_changes,IncreaseDecreaseInDeferredIncomeTaxes,22753000.0,USD,2009-01-01,2009-09-30,2010-11-01,10-Q,duration
cash_flow,working_capital_changes,IncreaseDecreaseInDeferredRevenue,-18309000.0,USD,2009-01-01,2009-09-30,2010-11-01,10-Q,duration
cash_flow,working_capital_changes,IncreaseDecreaseInOtherOperatingCapitalNet,-16687000.0,USD,2009-01-01,2009-09-30,2010-11-01,10-Q,duration
cash_flow,working_capital_changes,IncreaseDecreaseInReceivables,-6247000.0,USD,2009-01-01,2009-09-30,2010-11-01,10-Q,duration
cash_flow,working_capital_changes,IncreaseDecreaseInDeferredIncomeTaxes,26792000.0,USD,2009-01-01,2009-12-31,2010-02-19,10-K,duration
cash_flow,working_capital_changes,IncreaseDecreaseInDeferredRevenue,-9281000.0,USD,2009-01-01,2009-12-31,2010-02-19,10-K,duration
cash_flow,working_capital_changes,IncreaseDecreaseInOtherOperatingCapitalNet,-18853000.0,USD,2009-01-01,2009-12-31,2010-02-19,10-K,duration
cash_flow,working_capital_changes,IncreaseDecreaseInReceivables,59966000.0,USD,2009-01-01,2009-12-31,2010-02-19,10-K,duration
cash_flow,working_capital_changes,IncreaseDecreaseInDeferredIncomeTaxes,26792000.0,USD,2009-01-01,2009-12-31,2011-02-18,10-K,duration
cash_flow,working_capital_changes,IncreaseDecreaseInDeferredRevenue,-9281000.0,USD,2009-01-01,2009-12-31,2011-02-18,10-K,duration
cash_flow,working_capital_changes,IncreaseDecreaseInOtherOperatingCapitalNet,-18853000.0,USD,2009-01-01,2009-12-31,2011-02-18,10-K,duration
cash_flow,working_capital_changes,IncreaseDecreaseInReceivables,59966000.0,USD,2009-01-01,2009-12-31,2011-02-18,10-K,duration
cash_flow,working_capital_changes,IncreaseDecreaseInBookOverdrafts,149922000.0,USD,2009-01-01,2009-12-31,2011-10-20,8-K,duration
cash_flow,working_capital_changes,IncreaseDecreaseInDeferredIncomeTaxes,26792000.0,USD,2009-01-01,2009-12-31,2011-10-20,8-K,duration
cash_flow,working_capital_changes,IncreaseDecreaseInDeferredRevenue,-9281000.0,USD,2009-01-01,2009-12-31,2011-10-20,8-K,duration
cash_flow,working_capital_changes,IncreaseDecreaseInOtherOperatingCapitalNet,-18853000.0,USD,2009-01-01,2009-12-31,2011-10-20,8-K,duration
cash_flow,working_capital_changes,IncreaseDecreaseInReceivables,59966000.0,USD,2009-01-01,2009-12-31,2011-10-20,8-K,duration
cash_flow,working_capital_changes,IncreaseDecreaseInSecuritiesLendingPayable,-312272000.0,USD,2009-01-01,2009-12-31,2011-10-20,8-K,duration
cash_flow,working_capital_changes,IncreaseDecreaseInBookOverdrafts,150000000.0,USD,2009-01-01,2009-12-31,2012-02-24,10-K,duration
cash_flow,working_capital_changes,IncreaseDecreaseInDeferredIncomeTaxes,27000000.0,USD,2009-01-01,2009-12-31,2012-02-24,10-K,duration
cash_flow,working_capital_changes,IncreaseDecreaseInDeferredRevenue,-9000000.0,USD,2009-01-01,2009-12-31,2012-02-24,10-K,duration
cash_flow,working_capital_changes,IncreaseDecreaseInOtherOperatingCapitalNet,-19000000.0,USD,2009-01-01,2009-12-31,2012-02-24,10-K,duration
cash_flow,working_capital_changes,IncreaseDecreaseInReceivables,60000000.0,USD,2009-01-01,2009-12-31,2012-02-24,10-K,duration
cash_flow,working_capital_changes,IncreaseDecreaseInSecuritiesLendingPayable,-312000000.0,USD,2009-01-01,2009-12-31,2012-02-24,10-K,duration
cash_flow,working_capital_changes,IncreaseDecreaseInDeferredIncomeTaxes,20862000.0,USD,2010-01-01,2010-03-31,2010-04-27,10-Q,duration
cash_flow,working_capital_changes,IncreaseDecreaseInDeferredRevenue,6767000.0,USD,2010-01-01,2010-03-31,2010-04-27,10-Q,duration
cash_flow,working_capital_changes,IncreaseDecreaseInOtherOperatingCapitalNet,-8205000.0,USD,2010-01-01,2010-03-31,2010-04-27,10-Q,duration
cash_flow,working_capital_changes,IncreaseDecreaseInReceivables,280978000.0,USD,2010-01-01,2010-03-31,2010-04-27,10-Q,duration
cash_flow,working_capital_changes,IncreaseDecreaseInDeferredIncomeTaxes,20862000.0,USD,2010-01-01,2010-03-31,2011-05-03,10-Q,duration
cash_flow,working_capital_changes,IncreaseDecreaseInDeferredRevenue,6767000.0,USD,2010-01-01,2010-03-31,2011-05-03,10-Q,duration
cash_flow,working_capital_changes,IncreaseDecreaseInOtherOperatingCapitalNet,-8205000.0,USD,2010-01-01,2010-03-31,2011-05-03,10-Q,duration
cash_flow,working_capital_changes,IncreaseDecreaseInReceivables,280978000.0,USD,2010-01-01,2010-03-31,2011-05-03,10-Q,duration
cash_flow,working_capital_changes,IncreaseDecreaseInDeferredIncomeTaxes,81267000.0,USD,2010-01-01,2010-06-30,2010-08-02,10-Q,duration
cash_flow,working_capital_changes,IncreaseDecreaseInDeferredRevenue,-19471000.0,USD,2010-01-01,2010-06-30,2010-08-02,10-Q,duration
cash_flow,working_capital_changes,IncreaseDecreaseInOtherOperatingCapitalNet,-19646000.0,USD,2010-01-01,2010-06-30,2010-08-02,10-Q,duration
cash_flow,working_capital_changes,IncreaseDecreaseInReceivables,501482000.0,USD,2010-01-01,2010-06-30,2010-08-02,10-Q,duration
cash_flow,working_capital_changes,IncreaseDecreaseInBookOverdrafts,-134548000.0,USD,2010-01-01,2010-06-30,2011-08-01,10-Q,duration
cash_flow,working_capital_changes,IncreaseDecreaseInDeferredIncomeTaxes,81267000.0,USD,2010-01-01,2010-06-30,2011-08-01,10-Q,duration
cash_flow,working_capital_changes,IncreaseDecreaseInDeferredRevenue,-19471000.0,USD,2010-01-01,2010-06-30,2011-08-01,10-Q,duration
cash_flow,working_capital_changes,IncreaseDecreaseInOtherOperatingCapitalNet,-19646000.0,USD,2010-01-01,2010-06-30,2011-08-01,10-Q,duration
cash_flow,working_capital_changes,IncreaseDecreaseInReceivables,501482000.0,USD,2010-01-01,2010-06-30,2011-08-01,10-Q,duration
cash_flow,working_capital_changes,IncreaseDecreaseInSecuritiesLendingPayable,-74809000.0,USD,2010-01-01,2010-06-30,2011-08-01,10-Q,duration
cash_flow,working_capital_changes,IncreaseDecreaseInDeferredIncomeTaxes,115923000.0,USD,2010-01-01,2010-09-30,2010-11-01,10-Q,duration
cash_flow,working_capital_changes,IncreaseDecreaseInDeferredRevenue,-15073000.0,USD,2010-01-01,2010-09-30,2010-11-01,10-Q,duration
cash_flow,working_capital_changes,IncreaseDecreaseInOtherOperatingCapitalNet,-31253000.0,USD,2010-01-01,2010-09-30,2010-11-01,10-Q,duration
cash_flow,working_capital_changes,IncreaseDecreaseInReceivables,-15592000.0,USD,2010-01-01,2010-09-30,2010-11-01,10-Q,duration
cash_flow,working_capital_changes,IncreaseDecreaseInBookOverdrafts,-133235000.0,USD,2010-01-01,2010-09-30,2011-10-31,10-Q,duration
cash_flow,working_capital_changes,IncreaseDecreaseInDeferredIncomeTaxes,115923000.0,USD,2010-01-01,2010-09-30,2011-10-31,10-Q,duration
cash_flow,working_capital_changes,IncreaseDecreaseInDeferredRevenue,-15073000.0,USD,2010-01-01,2010-09-30,2011-10-31,10-Q,duration
cash_flow,working_capital_changes,IncreaseDecreaseInOtherOperatingCapitalNet,-31253000.0,USD,2010-01-01,2010-09-30,2011-10-31,10-Q,duration
cash_flow,working_capital_changes,IncreaseDecreaseInReceivables,-15592000.0,USD,2010-01-01,2010-09-30,2011-10-31,10-Q,duration
cash_flow,working_capital_changes,IncreaseDecreaseInSecuritiesLendingPayable,-88321000.0,USD,2010-01-01,2010-09-30,2011-10-31,10-Q,duration
cash_flow,working_capital_changes,IncreaseDecreaseInDeferredIncomeTaxes,198978000.0,USD,2010-01-01,2010-12-31,2011-02-18,10-K,duration
cash_flow,working_capital_changes,IncreaseDecreaseInDeferredRevenue,-46233000.0,USD,2010-01-01,2010-12-31,2011-02-18,10-K,duration
cash_flow,working_capital_changes,IncreaseDecreaseInOtherOperatingCapitalNet,-44497000.0,USD,2010-01-01,2010-12-31,2011-02-18,10-K,duration
cash_flow,working_capital_changes,IncreaseDecreaseInReceivables,45535000.0,USD,2010-01-01,2010-12-31,2011-02-18,10-K,duration
cash_flow,working_capital_changes,IncreaseDecreaseInBookOverdrafts,34921000.0,USD,2010-01-01,2010-12-31,2011-10-20,8-K,duration
cash_flow,working_capital_changes,IncreaseDecreaseInDeferredIncomeTaxes,198978000.0,USD,2010-01-01,2010-12-31,2011-10-20,8-K,duration
cash_flow,working_capital_changes,IncreaseDecreaseInDeferredRevenue,-46233000.0,USD,2010-01-01,2010-12-31,2011-10-20,8-K,duration
cash_flow,working_capital_changes,IncreaseDecreaseInOtherOperatingCapitalNet,-44497000.0,USD,2010-01-01,2010-12-31,2011-10-20,8-K,duration
cash_flow,working_capital_changes,IncreaseDecreaseInReceivables,45535000.0,USD,2010-01-01,2010-12-31,2011-10-20,8-K,duration
cash_flow,working_capital_changes,IncreaseDecreaseInSecuritiesLendingPayable,-70734000.0,USD,2010-01-01,2010-12-31,2011-10-20,8-K,duration
cash_flow,working_capital_changes,IncreaseDecreaseInBookOverdrafts,35000000.0,USD,2010-01-01,2010-12-31,2012-02-24,10-K,duration
cash_flow,working_capital_changes,IncreaseDecreaseInDeferredIncomeTaxes,199000000.0,USD,2010-01-01,2010-12-31,2012-02-24,10-K,duration
cash_flow,working_capital_changes,IncreaseDecreaseInDeferredRevenue,-46000000.0,USD,2010-01-01,2010-12-31,2012-02-24,10-K,duration
cash_flow,working_capital_changes,IncreaseDecreaseInOtherOperatingCapitalNet,-45000000.0,USD,2010-01-01,2010-12-31,2012-02-24,10-K,duration
cash_flow,working_capital_changes,IncreaseDecreaseInReceivables,46000000.0,USD,2010-01-01,2010-12-31,2012-02-24,10-K,duration
cash_flow,working_capital_changes,IncreaseDecreaseInSecuritiesLendingPayable,-71000000.0,USD,2010-01-01,2010-12-31,2012-02-24,10-K,duration
cash_flow,working_capital_changes,IncreaseDecreaseInBookOverdrafts,35000000.0,USD,2010-01-01,2010-12-31,2013-02-22,10-K,duration
cash_flow,working_capital_changes,IncreaseDecreaseInDeferredIncomeTaxes,199000000.0,USD,2010-01-01,2010-12-31,2013-02-22,10-K,duration
cash_flow,working_capital_changes,IncreaseDecreaseInDeferredRevenue,-46000000.0,USD,2010-01-01,2010-12-31,2013-02-22,10-K,duration
cash_flow,working_capital_changes,IncreaseDecreaseInOtherDeposits,-237000000.0,USD,2010-01-01,2010-12-31,2013-02-22,10-K,duration
cash_flow,working_capital_changes,IncreaseDecreaseInOtherOperatingCapitalNet,-45000000.0,USD,2010-01-01,2010-12-31,2013-02-22,10-K,duration
cash_flow,working_capital_changes,IncreaseDecreaseInReceivables,46000000.0,USD,2010-01-01,2010-12-31,2013-02-22,10-K,duration
cash_flow,working_capital_changes,IncreaseDecreaseInDeferredIncomeTaxes,-27352000.0,USD,2011-01-01,2011-03-31,2011-05-03,10-Q,duration
cash_flow,working_capital_changes,IncreaseDecreaseInDeferredRevenue,33594000.0,USD,2011-01-01,2011-03-31,2011-05-03,10-Q,duration
cash_flow,working_capital_changes,IncreaseDecreaseInOtherOperatingCapitalNet,-14311000.0,USD,2011-01-01,2011-03-31,2011-05-03,10-Q,duration
cash_flow,working_capital_changes,IncreaseDecreaseInReceivables,260329000.0,USD,2011-01-01,2011-03-31,2011-05-03,10-Q,duration
cash_flow,working_capital_changes,IncreaseDecreaseInBookOverdrafts,-157000000.0,USD,2011-01-01,2011-03-31,2012-04-30,10-Q,duration
cash_flow,working_capital_changes,IncreaseDecreaseInDeferredIncomeTaxes,-27000000.0,USD,2011-01-01,2011-03-31,2012-04-30,10-Q,duration
cash_flow,working_capital_changes,IncreaseDecreaseInDeferredRevenue,34000000.0,USD,2011-01-01,2011-03-31,2012-04-30,10-Q,duration
cash_flow,working_capital_changes,IncreaseDecreaseInOtherDeposits,183000000.0,USD,2011-01-01,2011-03-31,2012-04-30,10-Q,duration
cash_flow,working_capital_changes,IncreaseDecreaseInOtherOperatingCapitalNet,-14000000.0,USD,2011-01-01,2011-03-31,2012-04-30,10-Q,duration
cash_flow,working_capital_changes,IncreaseDecreaseInReceivables,260000000.0,USD,2011-01-01,2011-03-31,2012-04-30,10-Q,duration
cash_flow,working_capital_changes,IncreaseDecreaseInBookOverdrafts,-192098000.0,USD,2011-01-01,2011-06-30,2011-08-01,10-Q,duration
cash_flow,working_capital_changes,IncreaseDecreaseInDeferredIncomeTaxes,-21418000.0,USD,2011-01-01,2011-06-30,2011-08-01,10-Q,duration
cash_flow,working_capital_changes,IncreaseDecreaseInDeferredRevenue,19449000.0,USD,2011-01-01,2011-06-30,2011-08-01,10-Q,duration
cash_flow,working_capital_changes,IncreaseDecreaseInOtherOperatingCapitalNet,-30109000.0,USD,2011-01-01,2011-06-30,2011-08-01,10-Q,duration
cash_flow,working_capital_changes,IncreaseDecreaseInReceivables,587374000.0,USD,2011-01-01,2011-06-30,2011-08-01,10-Q,duration
cash_flow,working_capital_changes,IncreaseDecreaseInSecuritiesLendingPayable,-20157000.0,USD,2011-01-01,2011-06-30,2011-08-01,10-Q,duration
cash_flow,working_capital_changes,IncreaseDecreaseInBookOverdrafts,-192000000.0,USD,2011-01-01,2011-06-30,2012-08-01,10-Q,duration
cash_flow,working_capital_changes,IncreaseDecreaseInDeferredIncomeTaxes,-21000000.0,USD,2011-01-01,2011-06-30,2012-08-01,10-Q,duration
cash_flow,working_capital_changes,IncreaseDecreaseInDeferredRevenue,20000000.0,USD,2011-01-01,2011-06-30,2012-08-01,10-Q,duration
cash_flow,working_capital_changes,IncreaseDecreaseInOtherDeposits,188000000.0,USD,2011-01-01,2011-06-30,2012-08-01,10-Q,duration
cash_flow,working_capital_changes,IncreaseDecreaseInOtherOperatingCapitalNet,-30000000.0,USD,2011-01-01,2011-06-30,2012-08-01,10-Q,duration
cash_flow,working_capital_changes,IncreaseDecreaseInReceivables,587000000.0,USD,2011-01-01,2011-06-30,2012-08-01,10-Q,duration
cash_flow,working_capital_changes,IncreaseDecreaseInBookOverdrafts,-110798000.0,USD,2011-01-01,2011-09-30,2011-10-31,10-Q,duration
cash_flow,working_capital_changes,IncreaseDecreaseInDeferredIncomeTaxes,-12102000.0,USD,2011-01-01,2011-09-30,2011-10-31,10-Q,duration
cash_flow,working_capital_changes,IncreaseDecreaseInDeferredRevenue,1819931000.0,USD,2011-01-01,2011-09-30,2011-10-31,10-Q,duration
cash_flow,working_capital_changes,IncreaseDecreaseInOtherOperatingCapitalNet,-44414000.0,USD,2011-01-01,2011-09-30,2011-10-31,10-Q,duration
cash_flow,working_capital_changes,IncreaseDecreaseInReceivables,77299000.0,USD,2011-01-01,2011-09-30,2011-10-31,10-Q,duration
cash_flow,working_capital_changes,IncreaseDecreaseInSecuritiesLendingPayable,-44211000.0,USD,2011-01-01,2011-09-30,2011-10-31,10-Q,duration
cash_flow,working_capital_changes,IncreaseDecreaseInBookOverdrafts,-110000000.0,USD,2011-01-01,2011-09-30,2012-11-05,10-Q,duration
cash_flow,working_capital_changes,IncreaseDecreaseInDeferredIncomeTaxes,-12000000.0,USD,2011-01-01,2011-09-30,2012-11-05,10-Q,duration
cash_flow,working_capital_changes,IncreaseDecreaseInDeferredRevenue,1820000000.0,USD,2011-01-01,2011-09-30,2012-11-05,10-Q,duration
cash_flow,working_capital_changes,IncreaseDecreaseInOtherDeposits,225000000.0,USD,2011-01-01,2011-09-30,2012-11-05,10-Q,duration
cash_flow,working_capital_changes,IncreaseDecreaseInOtherOperatingCapitalNet,-44000000.0,USD,2011-01-01,2011-09-30,2012-11-05,10-Q,duration
cash_flow,working_capital_changes,IncreaseDecreaseInReceivables,77000000.0,USD,2011-01-01,2011-09-30,2012-11-05,10-Q,duration
cash_flow,working_capital_changes,IncreaseDecreaseInBookOverdrafts,-103000000.0,USD,2011-01-01,2011-12-31,2012-02-24,10-K,duration
cash_flow,working_capital_changes,IncreaseDecreaseInDeferredIncomeTaxes,-22000000.0,USD,2011-01-01,2011-12-31,2012-02-24,10-K,duration
cash_flow,working_capital_changes,IncreaseDecreaseInDeferredRevenue,26000000.0,USD,2011-01-01,2011-12-31,2012-02-24,10-K,duration
cash_flow,working_capital_changes,IncreaseDecreaseInOtherOperatingCapitalNet,-61000000.0,USD,2011-01-01,2011-12-31,2012-02-24,10-K,duration
cash_flow,working_capital_changes,IncreaseDecreaseInReceivables,106000000.0,USD,2011-01-01,2011-12-31,2012-02-24,10-K,duration
cash_flow,working_capital_changes,IncreaseDecreaseInSecuritiesLendingPayable,-56000000.0,USD,2011-01-01,2011-12-31,2012-02-24,10-K,duration
cash_flow,working_capital_changes,IncreaseDecreaseInBookOverdrafts,-103000000.0,USD,2011-01-01,2011-12-31,2013-02-22,10-K,duration
cash_flow,working_capital_changes,IncreaseDecreaseInDeferredIncomeTaxes,-22000000.0,USD,2011-01-01,2011-12-31,2013-02-22,10-K,duration
cash_flow,working_capital_changes,IncreaseDecreaseInDeferredRevenue,26000000.0,USD,2011-01-01,2011-12-31,2013-02-22,10-K,duration
cash_flow,working_capital_changes,IncreaseDecreaseInOtherDeposits,-378000000.0,USD,2011-01-01,2011-12-31,2013-02-22,10-K,duration
cash_flow,working_capital_changes,IncreaseDecreaseInOtherOperatingCapitalNet,-61000000.0,USD,2011-01-01,2011-12-31,2013-02-22,10-K,duration
cash_flow,working_capital_changes,IncreaseDecreaseInReceivables,106000000.0,USD,2011-01-01,2011-12-31,2013-02-22,10-K,duration
cash_flow,working_capital_changes,IncreaseDecreaseInBookOverdrafts,-103000000.0,USD,2011-01-01,2011-12-31,2014-02-19,10-K,duration
cash_flow,working_capital_changes,IncreaseDecreaseInDeferredIncomeTaxes,-22000000.0,USD,2011-01-01,2011-12-31,2014-02-19,10-K,duration
cash_flow,working_capital_changes,IncreaseDecreaseInDeferredRevenue,26000000.0,USD,2011-01-01,2011-12-31,2014-02-19,10-K,duration
cash_flow,working_capital_changes,IncreaseDecreaseInOtherDeposits,-378000000.0,USD,2011-01-01,2011-12-31,2014-02-19,10-K,duration
cash_flow,working_capital_changes,IncreaseDecreaseInOtherOperatingCapitalNet,-61000000.0,USD,2011-01-01,2011-12-31,2014-02-19,10-K,duration
cash_flow,working_capital_changes,IncreaseDecreaseInReceivables,106000000.0,USD,2011-01-01,2011-12-31,2014-02-19,10-K,duration
cash_flow,working_capital_changes,IncreaseDecreaseInBookOverdrafts,-103000000.0,USD,2011-01-01,2011-12-31,2014-09-16,8-K,duration
cash_flow,working_capital_changes,IncreaseDecreaseInDeferredIncomeTaxes,-22000000.0,USD,2011-01-01,2011-12-31,2014-09-16,8-K,duration
cash_flow,working_capital_changes,IncreaseDecreaseInDeferredRevenue,26000000.0,USD,2011-01-01,2011-12-31,2014-09-16,8-K,duration
cash_flow,working_capital_changes,IncreaseDecreaseInOtherDeposits,-378000000.0,USD,2011-01-01,2011-12-31,2014-09-16,8-K,duration
cash_flow,working_capital_changes,IncreaseDecreaseInOtherOperatingCapitalNet,-61000000.0,USD,2011-01-01,2011-12-31,2014-09-16,8-K,duration
cash_flow,working_capital_changes,IncreaseDecreaseInReceivables,106000000.0,USD,2011-01-01,2011-12-31,2014-09-16,8-K,duration
cash_flow,working_capital_changes,IncreaseDecreaseInBookOverdrafts,-12000000.0,USD,2012-01-01,2012-03-31,2012-04-30,10-Q,duration
cash_flow,working_capital_changes,IncreaseDecreaseInDeferredIncomeTaxes,9000000.0,USD,2012-01-01,2012-03-31,2012-04-30,10-Q,duration
cash_flow,working_capital_changes,IncreaseDecreaseInDeferredRevenue,2034000000.0,USD,2012-01-01,2012-03-31,2012-04-30,10-Q,duration
cash_flow,working_capital_changes,IncreaseDecreaseInOtherDeposits,298000000.0,USD,2012-01-01,2012-03-31,2012-04-30,10-Q,duration
cash_flow,working_capital_changes,IncreaseDecreaseInOtherOperatingCapitalNet,-16000000.0,USD,2012-01-01,2012-03-31,2012-04-30,10-Q,duration
cash_flow,working_capital_changes,IncreaseDecreaseInReceivables,255000000.0,USD,2012-01-01,2012-03-31,2012-04-30,10-Q,duration
cash_flow,working_capital_changes,IncreaseDecreaseInBookOverdrafts,-12000000.0,USD,2012-01-01,2012-03-31,2013-05-01,10-Q,duration
cash_flow,working_capital_changes,IncreaseDecreaseInDeferredIncomeTaxes,9000000.0,USD,2012-01-01,2012-03-31,2013-05-01,10-Q,duration
cash_flow,working_capital_changes,IncreaseDecreaseInDeferredRevenue,2034000000.0,USD,2012-01-01,2012-03-31,2013-05-01,10-Q,duration
cash_flow,working_capital_changes,IncreaseDecreaseInOtherDeposits,298000000.0,USD,2012-01-01,2012-03-31,2013-05-01,10-Q,duration
cash_flow,working_capital_changes,IncreaseDecreaseInOtherOperatingCapitalNet,-16000000.0,USD,2012-01-01,2012-03-31,2013-05-01,10-Q,duration
cash_flow,working_capital_changes,IncreaseDecreaseInReceivables,255000000.0,USD,2012-01-01,2012-03-31,2013-05-01,10-Q,duration
cash_flow,working_capital_changes,IncreaseDecreaseInBookOverdrafts,-46000000.0,USD,2012-01-01,2012-06-30,2012-08-01,10-Q,duration
cash_flow,working_capital_changes,IncreaseDecreaseInDeferredIncomeTaxes,9000000.0,USD,2012-01-01,2012-06-30,2012-08-01,10-Q,duration
cash_flow,working_capital_changes,IncreaseDecreaseInDeferredRevenue,2077000000.0,USD,2012-01-01,2012-06-30,2012-08-01,10-Q,duration
cash_flow,working_capital_changes,IncreaseDecreaseInOtherDeposits,152000000.0,USD,2012-01-01,2012-06-30,2012-08-01,10-Q,duration
cash_flow,working_capital_changes,IncreaseDecreaseInOtherOperatingCapitalNet,-32000000.0,USD,2012-01-01,2012-06-30,2012-08-01,10-Q,duration
cash_flow,working_capital_changes,IncreaseDecreaseInReceivables,-177000000.0,USD,2012-01-01,2012-06-30,2012-08-01,10-Q,duration
cash_flow,working_capital_changes,IncreaseDecreaseInBookOverdrafts,-46000000.0,USD,2012-01-01,2012-06-30,2013-07-31,10-Q,duration
cash_flow,working_capital_changes,IncreaseDecreaseInDeferredIncomeTaxes,9000000.0,USD,2012-01-01,2012-06-30,2013-07-31,10-Q,duration
cash_flow,working_capital_changes,IncreaseDecreaseInDeferredRevenue,2077000000.0,USD,2012-01-01,2012-06-30,2013-07-31,10-Q,duration
cash_flow,working_capital_changes,IncreaseDecreaseInOtherDeposits,152000000.0,USD,2012-01-01,2012-06-30,2013-07-31,10-Q,duration
cash_flow,working_capital_changes,IncreaseDecreaseInOtherOperatingCapitalNet,-32000000.0,USD,2012-01-01,2012-06-30,2013-07-31,10-Q,duration
cash_flow,working_capital_changes,IncreaseDecreaseInReceivables,-177000000.0,USD,2012-01-01,2012-06-30,2013-07-31,10-Q,duration
cash_flow,working_capital_changes,IncreaseDecreaseInBookOverdrafts,-29000000.0,USD,2012-01-01,2012-09-30,2012-11-05,10-Q,duration
cash_flow,working_capital_changes,IncreaseDecreaseInDeferredIncomeTaxes,6000000.0,USD,2012-01-01,2012-09-30,2012-11-05,10-Q,duration
cash_flow,working_capital_changes,IncreaseDecreaseInDeferredRevenue,-95000000.0,USD,2012-01-01,2012-09-30,2012-11-05,10-Q,duration
cash_flow,working_capital_changes,IncreaseDecreaseInOtherDeposits,-347000000.0,USD,2012-01-01,2012-09-30,2012-11-05,10-Q,duration
cash_flow,working_capital_changes,IncreaseDecreaseInOtherOperatingCapitalNet,-51000000.0,USD,2012-01-01,2012-09-30,2012-11-05,10-Q,duration
cash_flow,working_capital_changes,IncreaseDecreaseInReceivables,-436000000.0,USD,2012-01-01,2012-09-30,2012-11-05,10-Q,duration
cash_flow,working_capital_changes,IncreaseDecreaseInBookOverdrafts,-29000000.0,USD,2012-01-01,2012-09-30,2013-11-06,10-Q,duration
cash_flow,working_capital_changes,IncreaseDecreaseInDeferredIncomeTaxes,6000000.0,USD,2012-01-01,2012-09-30,2013-11-06,10-Q,duration
cash_flow,working_capital_changes,IncreaseDecreaseInDeferredRevenue,-95000000.0,USD,2012-01-01,2012-09-30,2013-11-06,10-Q,duration
cash_flow,working_capital_changes,IncreaseDecreaseInOtherDeposits,-347000000.0,USD,2012-01-01,2012-09-30,2013-11-06,10-Q,duration
cash_flow,working_capital_changes,IncreaseDecreaseInOtherOperatingCapitalNet,-51000000.0,USD,2012-01-01,2012-09-30,2013-11-06,10-Q,duration
cash_flow,working_capital_changes,IncreaseDecreaseInReceivables,-436000000.0,USD,2012-01-01,2012-09-30,2013-11-06,10-Q,duration
cash_flow,working_capital_changes,IncreaseDecreaseInBookOverdrafts,18000000.0,USD,2012-01-01,2012-12-31,2013-02-22,10-K,duration
cash_flow,working_capital_changes,IncreaseDecreaseInDeferredIncomeTaxes,80000000.0,USD,2012-01-01,2012-12-31,2013-02-22,10-K,duration
cash_flow,working_capital_changes,IncreaseDecreaseInDeferredRevenue,-43000000.0,USD,2012-01-01,2012-12-31,2013-02-22,10-K,duration
cash_flow,working_capital_changes,IncreaseDecreaseInOtherDeposits,-397000000.0,USD,2012-01-01,2012-12-31,2013-02-22,10-K,duration
cash_flow,working_capital_changes,IncreaseDecreaseInOtherOperatingCapitalNet,-79000000.0,USD,2012-01-01,2012-12-31,2013-02-22,10-K,duration
cash_flow,working_capital_changes,IncreaseDecreaseInReceivables,-326000000.0,USD,2012-01-01,2012-12-31,2013-02-22,10-K,duration
cash_flow,working_capital_changes,IncreaseDecreaseInBookOverdrafts,18000000.0,USD,2012-01-01,2012-12-31,2014-02-19,10-K,duration
cash_flow,working_capital_changes,IncreaseDecreaseInDeferredIncomeTaxes,80000000.0,USD,2012-01-01,2012-12-31,2014-02-19,10-K,duration
cash_flow,working_capital_changes,IncreaseDecreaseInDeferredRevenue,-43000000.0,USD,2012-01-01,2012-12-31,2014-02-19,10-K,duration
cash_flow,working_capital_changes,IncreaseDecreaseInOtherDeposits,-397000000.0,USD,2012-01-01,2012-12-31,2014-02-19,10-K,duration
cash_flow,working_capital_changes,IncreaseDecreaseInOtherOperatingCapitalNet,-79000000.0,USD,2012-01-01,2012-12-31,2014-02-19,10-K,duration
cash_flow,working_capital_changes,IncreaseDecreaseInReceivables,-326000000.0,USD,2012-01-01,2012-12-31,2014-02-19,10-K,duration
cash_flow,working_capital_changes,IncreaseDecreaseInBookOverdrafts,18000000.0,USD,2012-01-01,2012-12-31,2014-09-16,8-K,duration
cash_flow,working_capital_changes,IncreaseDecreaseInDeferredIncomeTaxes,80000000.0,USD,2012-01-01,2012-12-31,2014-09-16,8-K,duration
cash_flow,working_capital_changes,IncreaseDecreaseInDeferredRevenue,-43000000.0,USD,2012-01-01,2012-12-31,2014-09-16,8-K,duration
cash_flow,working_capital_changes,IncreaseDecreaseInOtherDeposits,-397000000.0,USD,2012-01-01,2012-12-31,2014-09-16,8-K,duration
cash_flow,working_capital_changes,IncreaseDecreaseInOtherOperatingCapitalNet,-79000000.0,USD,2012-01-01,2012-12-31,2014-09-16,8-K,duration
cash_flow,working_capital_changes,IncreaseDecreaseInReceivables,-326000000.0,USD,2012-01-01,2012-12-31,2014-09-16,8-K,duration
cash_flow,working_capital_changes,IncreaseDecreaseInBookOverdrafts,18000000.0,USD,2012-01-01,2012-12-31,2015-02-18,10-K,duration
cash_flow,working_capital_changes,IncreaseDecreaseInDeferredIncomeTaxes,80000000.0,USD,2012-01-01,2012-12-31,2015-02-18,10-K,duration
cash_flow,working_capital_changes,IncreaseDecreaseInDeferredRevenue,-43000000.0,USD,2012-01-01,2012-12-31,2015-02-18,10-K,duration
cash_flow,working_capital_changes,IncreaseDecreaseInOtherDeposits,-397000000.0,USD,2012-01-01,2012-12-31,2015-02-18,10-K,duration
cash_flow,working_capital_changes,IncreaseDecreaseInOtherOperatingCapitalNet,-79000000.0,USD,2012-01-01,2012-12-31,2015-02-18,10-K,duration
cash_flow,working_capital_changes,IncreaseDecreaseInReceivables,-326000000.0,USD,2012-01-01,2012-12-31,2015-02-18,10-K,duration
cash_flow,working_capital_changes,IncreaseDecreaseInBookOverdrafts,18000000.0,USD,2012-01-01,2012-12-31,2015-08-10,8-K,duration
cash_flow,working_capital_changes,IncreaseDecreaseInDeferredIncomeTaxes,80000000.0,USD,2012-01-01,2012-12-31,2015-08-10,8-K,duration
cash_flow,working_capital_changes,IncreaseDecreaseInDeferredRevenue,-43000000.0,USD,2012-01-01,2012-12-31,2015-08-10,8-K,duration
cash_flow,working_capital_changes,IncreaseDecreaseInOtherDeposits,-397000000.0,USD,2012-01-01,2012-12-31,2015-08-10,8-K,duration
cash_flow,working_capital_changes,IncreaseDecreaseInOtherOperatingCapitalNet,-79000000.0,USD,2012-01-01,2012-12-31,2015-08-10,8-K,duration
cash_flow,working_capital_changes,IncreaseDecreaseInReceivables,-326000000.0,USD,2012-01-01,2012-12-31,2015-08-10,8-K,duration
cash_flow,working_capital_changes,IncreaseDecreaseInBookOverdrafts,-34000000.0,USD,2013-01-01,2013-03-31,2013-05-01,10-Q,duration
cash_flow,working_capital_changes,IncreaseDecreaseInDeferredIncomeTaxes,0.0,USD,2013-01-01,2013-03-31,2013-05-01,10-Q,duration
cash_flow,working_capital_changes,IncreaseDecreaseInDeferredRevenue,13000000.0,USD,2013-01-01,2013-03-31,2013-05-01,10-Q,duration
cash_flow,working_capital_changes,IncreaseDecreaseInOtherDeposits,236000000.0,USD,2013-01-01,2013-03-31,2013-05-01,10-Q,duration
cash_flow,working_capital_changes,IncreaseDecreaseInOtherOperatingCapitalNet,-14000000.0,USD,2013-01-01,2013-03-31,2013-05-01,10-Q,duration
cash_flow,working_capital_changes,IncreaseDecreaseInReceivables,588000000.0,USD,2013-01-01,2013-03-31,2013-05-01,10-Q,duration
cash_flow,working_capital_changes,IncreaseDecreaseInBookOverdrafts,-34000000.0,USD,2013-01-01,2013-03-31,2014-05-07,10-Q,duration
cash_flow,working_capital_changes,IncreaseDecreaseInDeferredIncomeTaxes,0.0,USD,2013-01-01,2013-03-31,2014-05-07,10-Q,duration
cash_flow,working_capital_changes,IncreaseDecreaseInDeferredRevenue,13000000.0,USD,2013-01-01,2013-03-31,2014-05-07,10-Q,duration
cash_flow,working_capital_changes,IncreaseDecreaseInOtherDeposits,236000000.0,USD,2013-01-01,2013-03-31,2014-05-07,10-Q,duration
cash_flow,working_capital_changes,IncreaseDecreaseInOtherOperatingCapitalNet,-14000000.0,USD,2013-01-01,2013-03-31,2014-05-07,10-Q,duration
cash_flow,working_capital_changes,IncreaseDecreaseInReceivables,588000000.0,USD,2013-01-01,2013-03-31,2014-05-07,10-Q,duration
cash_flow,working_capital_changes,IncreaseDecreaseInBookOverdrafts,-78000000.0,USD,2013-01-01,2013-06-30,2013-07-31,10-Q,duration
cash_flow,working_capital_changes,IncreaseDecreaseInDeferredIncomeTaxes,8000000.0,USD,2013-01-01,2013-06-30,2013-07-31,10-Q,duration
cash_flow,working_capital_changes,IncreaseDecreaseInDeferredRevenue,-37000000.0,USD,2013-01-01,2013-06-30,2013-07-31,10-Q,duration
cash_flow,working_capital_changes,IncreaseDecreaseInOtherDeposits,132000000.0,USD,2013-01-01,2013-06-30,2013-07-31,10-Q,duration
cash_flow,working_capital_changes,IncreaseDecreaseInOtherOperatingCapitalNet,-28000000.0,USD,2013-01-01,2013-06-30,2013-07-31,10-Q,duration
cash_flow,working_capital_changes,IncreaseDecreaseInReceivables,860000000.0,USD,2013-01-01,2013-06-30,2013-07-31,10-Q,duration
cash_flow,working_capital_changes,IncreaseDecreaseInBookOverdrafts,-78000000.0,USD,2013-01-01,2013-06-30,2014-07-30,10-Q,duration
cash_flow,working_capital_changes,IncreaseDecreaseInDeferredIncomeTaxes,8000000.0,USD,2013-01-01,2013-06-30,2014-07-30,10-Q,duration
cash_flow,working_capital_changes,IncreaseDecreaseInDeferredRevenue,-37000000.0,USD,2013-01-01,2013-06-30,2014-07-30,10-Q,duration
cash_flow,working_capital_changes,IncreaseDecreaseInOtherDeposits,132000000.0,USD,2013-01-01,2013-06-30,2014-07-30,10-Q,duration
cash_flow,working_capital_changes,IncreaseDecreaseInOtherOperatingCapitalNet,-28000000.0,USD,2013-01-01,2013-06-30,2014-07-30,10-Q,duration
cash_flow,working_capital_changes,IncreaseDecreaseInReceivables,860000000.0,USD,2013-01-01,2013-06-30,2014-07-30,10-Q,duration
cash_flow,working_capital_changes,IncreaseDecreaseInBookOverdrafts,-51000000.0,USD,2013-01-01,2013-09-30,2013-11-06,10-Q,duration
cash_flow,working_capital_changes,IncreaseDecreaseInDeferredIncomeTaxes,-31000000.0,USD,2013-01-01,2013-09-30,2013-11-06,10-Q,duration
cash_flow,working_capital_changes,IncreaseDecreaseInDeferredRevenue,-32000000.0,USD,2013-01-01,2013-09-30,2013-11-06,10-Q,duration
cash_flow,working_capital_changes,IncreaseDecreaseInOtherDeposits,-201000000.0,USD,2013-01-01,2013-09-30,2013-11-06,10-Q,duration
cash_flow,working_capital_changes,IncreaseDecreaseInOtherOperatingCapitalNet,-44000000.0,USD,2013-01-01,2013-09-30,2013-11-06,10-Q,duration
cash_flow,working_capital_changes,IncreaseDecreaseInReceivables,89000000.0,USD,2013-01-01,2013-09-30,2013-11-06,10-Q,duration
cash_flow,working_capital_changes,IncreaseDecreaseInBookOverdrafts,-51000000.0,USD,2013-01-01,2013-09-30,2014-11-07,10-Q,duration
cash_flow,working_capital_changes,IncreaseDecreaseInDeferredIncomeTaxes,-31000000.0,USD,2013-01-01,2013-09-30,2014-11-07,10-Q,duration
cash_flow,working_capital_changes,IncreaseDecreaseInDeferredRevenue,-32000000.0,USD,2013-01-01,2013-09-30,2014-11-07,10-Q,duration
cash_flow,working_capital_changes,IncreaseDecreaseInOtherDeposits,-201000000.0,USD,2013-01-01,2013-09-30,2014-11-07,10-Q,duration
cash_flow,working_capital_changes,IncreaseDecreaseInOtherOperatingCapitalNet,-44000000.0,USD,2013-01-01,2013-09-30,2014-11-07,10-Q,duration
cash_flow,working_capital_changes,IncreaseDecreaseInReceivables,89000000.0,USD,2013-01-01,2013-09-30,2014-11-07,10-Q,duration
cash_flow,working_capital_changes,IncreaseDecreaseInBookOverdrafts,79000000.0,USD,2013-01-01,2013-12-31,2014-02-19,10-K,duration
cash_flow,working_capital_changes,IncreaseDecreaseInDeferredIncomeTaxes,-42000000.0,USD,2013-01-01,2013-12-31,2014-02-19,10-K,duration
cash_flow,working_capital_changes,IncreaseDecreaseInDeferredRevenue,-24000000.0,USD,2013-01-01,2013-12-31,2014-02-19,10-K,duration
cash_flow,working_capital_changes,IncreaseDecreaseInOtherDeposits,-150000000.0,USD,2013-01-01,2013-12-31,2014-02-19,10-K,duration
cash_flow,working_capital_changes,IncreaseDecreaseInOtherOperatingCapitalNet,-93000000.0,USD,2013-01-01,2013-12-31,2014-02-19,10-K,duration
cash_flow,working_capital_changes,IncreaseDecreaseInReceivables,251000000.0,USD,2013-01-01,2013-12-31,2014-02-19,10-K,duration
cash_flow,working_capital_changes,IncreaseDecreaseInBookOverdrafts,79000000.0,USD,2013-01-01,2013-12-31,2014-09-16,8-K,duration
cash_flow,working_capital_changes,IncreaseDecreaseInDeferredIncomeTaxes,-42000000.0,USD,2013-01-01,2013-12-31,2014-09-16,8-K,duration
cash_flow,working_capital_changes,IncreaseDecreaseInDeferredRevenue,-24000000.0,USD,2013-01-01,2013-12-31,2014-09-16,8-K,duration
cash_flow,working_capital_changes,IncreaseDecreaseInOtherDeposits,-150000000.0,USD,2013-01-01,2013-12-31,2014-09-16,8-K,duration
cash_flow,working_capital_changes,IncreaseDecreaseInOtherOperatingCapitalNet,-93000000.0,USD,2013-01-01,2013-12-31,2014-09-16,8-K,duration
cash_flow,working_capital_changes,IncreaseDecreaseInReceivables,251000000.0,USD,2013-01-01,2013-12-31,2014-09-16,8-K,duration
cash_flow,working_capital_changes,IncreaseDecreaseInBookOverdrafts,79000000.0,USD,2013-01-01,2013-12-31,2015-02-18,10-K,duration
cash_flow,working_capital_changes,IncreaseDecreaseInDeferredIncomeTaxes,-42000000.0,USD,2013-01-01,2013-12-31,2015-02-18,10-K,duration
cash_flow,working_capital_changes,IncreaseDecreaseInDeferredRevenue,-24000000.0,USD,2013-01-01,2013-12-31,2015-02-18,10-K,duration
cash_flow,working_capital_changes,IncreaseDecreaseInOtherDeposits,-150000000.0,USD,2013-01-01,2013-12-31,2015-02-18,10-K,duration
cash_flow,working_capital_changes,IncreaseDecreaseInOtherOperatingCapitalNet,-93000000.0,USD,2013-01-01,2013-12-31,2015-02-18,10-K,duration
cash_flow,working_capital_changes,IncreaseDecreaseInReceivables,251000000.0,USD,2013-01-01,2013-12-31,2015-02-18,10-K,duration
cash_flow,working_capital_changes,IncreaseDecreaseInBookOverdrafts,79000000.0,USD,2013-01-01,2013-12-31,2015-08-10,8-K,duration
cash_flow,working_capital_changes,IncreaseDecreaseInDeferredIncomeTaxes,-42000000.0,USD,2013-01-01,2013-12-31,2015-08-10,8-K,duration
cash_flow,working_capital_changes,IncreaseDecreaseInDeferredRevenue,-24000000.0,USD,2013-01-01,2013-12-31,2015-08-10,8-K,duration
cash_flow,working_capital_changes,IncreaseDecreaseInOtherDeposits,-150000000.0,USD,2013-01-01,2013-12-31,2015-08-10,8-K,duration
cash_flow,working_capital_changes,IncreaseDecreaseInOtherOperatingCapitalNet,-93000000.0,USD,2013-01-01,2013-12-31,2015-08-10,8-K,duration
cash_flow,working_capital_changes,IncreaseDecreaseInReceivables,251000000.0,USD,2013-01-01,2013-12-31,2015-08-10,8-K,duration
cash_flow,working_capital_changes,IncreaseDecreaseInBookOverdrafts,79000000.0,USD,2013-01-01,2013-12-31,2016-02-18,10-K,duration
cash_flow,working_capital_changes,IncreaseDecreaseInDeferredIncomeTaxes,-42000000.0,USD,2013-01-01,2013-12-31,2016-02-18,10-K,duration
cash_flow,working_capital_changes,IncreaseDecreaseInDeferredRevenue,-24000000.0,USD,2013-01-01,2013-12-31,2016-02-18,10-K,duration
cash_flow,working_capital_changes,IncreaseDecreaseInOtherDeposits,-150000000.0,USD,2013-01-01,2013-12-31,2016-02-18,10-K,duration
cash_flow,working_capital_changes,IncreaseDecreaseInOtherOperatingCapitalNet,-93000000.0,USD,2013-01-01,2013-12-31,2016-02-18,10-K,duration
cash_flow,working_capital_changes,IncreaseDecreaseInReceivables,251000000.0,USD,2013-01-01,2013-12-31,2016-02-18,10-K,duration
cash_flow,working_capital_changes,IncreaseDecreaseInBookOverdrafts,-136000000.0,USD,2014-01-01,2014-03-31,2014-05-07,10-Q,duration
cash_flow,working_capital_changes,IncreaseDecreaseInDeferredIncomeTaxes,26000000.0,USD,2014-01-01,2014-03-31,2014-05-07,10-Q,duration
cash_flow,working_capital_changes,IncreaseDecreaseInDeferredRevenue,57000000.0,USD,2014-01-01,2014-03-31,2014-05-07,10-Q,duration
cash_flow,working_capital_changes,IncreaseDecreaseInOtherDeposits,220000000.0,USD,2014-01-01,2014-03-31,2014-05-07,10-Q,duration
cash_flow,working_capital_changes,IncreaseDecreaseInOtherOperatingCapitalNet,0.0,USD,2014-01-01,2014-03-31,2014-05-07,10-Q,duration
cash_flow,working_capital_changes,IncreaseDecreaseInReceivables,524000000.0,USD,2014-01-01,2014-03-31,2014-05-07,10-Q,duration
cash_flow,working_capital_changes,IncreaseDecreaseInBookOverdrafts,-136000000.0,USD,2014-01-01,2014-03-31,2015-04-29,10-Q,duration
cash_flow,working_capital_changes,IncreaseDecreaseInDeferredIncomeTaxes,26000000.0,USD,2014-01-01,2014-03-31,2015-04-29,10-Q,duration
cash_flow,working_capital_changes,IncreaseDecreaseInDeferredRevenue,57000000.0,USD,2014-01-01,2014-03-31,2015-04-29,10-Q,duration
cash_flow,working_capital_changes,IncreaseDecreaseInOtherDeposits,220000000.0,USD,2014-01-01,2014-03-31,2015-04-29,10-Q,duration
cash_flow,working_capital_changes,IncreaseDecreaseInOtherOperatingCapitalNet,0.0,USD,2014-01-01,2014-03-31,2015-04-29,10-Q,duration
cash_flow,working_capital_changes,IncreaseDecreaseInReceivables,524000000.0,USD,2014-01-01,2014-03-31,2015-04-29,10-Q,duration
cash_flow,working_capital_changes,IncreaseDecreaseInBookOverdrafts,-109000000.0,USD,2014-01-01,2014-06-30,2014-07-30,10-Q,duration
cash_flow,working_capital_changes,IncreaseDecreaseInDeferredIncomeTaxes,39000000.0,USD,2014-01-01,2014-06-30,2014-07-30,10-Q,duration
cash_flow,working_capital_changes,IncreaseDecreaseInDeferredRevenue,42000000.0,USD,2014-01-01,2014-06-30,2014-07-30,10-Q,duration
cash_flow,working_capital_changes,IncreaseDecreaseInOtherDeposits,-127000000.0,USD,2014-01-01,2014-06-30,2014-07-30,10-Q,duration
cash_flow,working_capital_changes,IncreaseDecreaseInOtherOperatingCapitalNet,-16000000.0,USD,2014-01-01,2014-06-30,2014-07-30,10-Q,duration
cash_flow,working_capital_changes,IncreaseDecreaseInReceivables,1137000000.0,USD,2014-01-01,2014-06-30,2014-07-30,10-Q,duration
cash_flow,working_capital_changes,IncreaseDecreaseInBookOverdrafts,-109000000.0,USD,2014-01-01,2014-06-30,2015-07-29,10-Q,duration
cash_flow,working_capital_changes,IncreaseDecreaseInDeferredIncomeTaxes,39000000.0,USD,2014-01-01,2014-06-30,2015-07-29,10-Q,duration
cash_flow,working_capital_changes,IncreaseDecreaseInDeferredRevenue,42000000.0,USD,2014-01-01,2014-06-30,2015-07-29,10-Q,duration
cash_flow,working_capital_changes,IncreaseDecreaseInOtherDeposits,-127000000.0,USD,2014-01-01,2014-06-30,2015-07-29,10-Q,duration
cash_flow,working_capital_changes,IncreaseDecreaseInOtherOperatingCapitalNet,-16000000.0,USD,2014-01-01,2014-06-30,2015-07-29,10-Q,duration
cash_flow,working_capital_changes,IncreaseDecreaseInReceivables,1137000000.0,USD,2014-01-01,2014-06-30,2015-07-29,10-Q,duration
cash_flow,working_capital_changes,IncreaseDecreaseInBookOverdrafts,-136000000.0,USD,2014-01-01,2014-09-30,2014-11-07,10-Q,duration
cash_flow,working_capital_changes,IncreaseDecreaseInDeferredIncomeTaxes,30000000.0,USD,2014-01-01,2014-09-30,2014-11-07,10-Q,duration
cash_flow,working_capital_changes,IncreaseDecreaseInDeferredRevenue,40000000.0,USD,2014-01-01,2014-09-30,2014-11-07,10-Q,duration
cash_flow,working_capital_changes,IncreaseDecreaseInOtherDeposits,-743000000.0,USD,2014-01-01,2014-09-30,2014-11-07,10-Q,duration
cash_flow,working_capital_changes,IncreaseDecreaseInOtherOperatingCapitalNet,-28000000.0,USD,2014-01-01,2014-09-30,2014-11-07,10-Q,duration
cash_flow,working_capital_changes,IncreaseDecreaseInReceivables,68000000.0,USD,2014-01-01,2014-09-30,2014-11-07,10-Q,duration
cash_flow,working_capital_changes,IncreaseDecreaseInBookOverdrafts,-136000000.0,USD,2014-01-01,2014-09-30,2015-11-06,10-Q,duration
cash_flow,working_capital_changes,IncreaseDecreaseInDeferredIncomeTaxes,30000000.0,USD,2014-01-01,2014-09-30,2015-11-06,10-Q,duration
cash_flow,working_capital_changes,IncreaseDecreaseInDeferredRevenue,40000000.0,USD,2014-01-01,2014-09-30,2015-11-06,10-Q,duration
cash_flow,working_capital_changes,IncreaseDecreaseInOtherDeposits,-743000000.0,USD,2014-01-01,2014-09-30,2015-11-06,10-Q,duration
cash_flow,working_capital_changes,IncreaseDecreaseInOtherOperatingCapitalNet,-28000000.0,USD,2014-01-01,2014-09-30,2015-11-06,10-Q,duration
cash_flow,working_capital_changes,IncreaseDecreaseInReceivables,68000000.0,USD,2014-01-01,2014-09-30,2015-11-06,10-Q,duration
cash_flow,working_capital_changes,IncreaseDecreaseInBookOverdrafts,-69000000.0,USD,2014-01-01,2014-12-31,2015-02-18,10-K,duration
cash_flow,working_capital_changes,IncreaseDecreaseInDeferredIncomeTaxes,64000000.0,USD,2014-01-01,2014-12-31,2015-02-18,10-K,duration
cash_flow,working_capital_changes,IncreaseDecreaseInDeferredRevenue,155000000.0,USD,2014-01-01,2014-12-31,2015-02-18,10-K,duration
cash_flow,working_capital_changes,IncreaseDecreaseInOtherDeposits,-919000000.0,USD,2014-01-01,2014-12-31,2015-02-18,10-K,duration
cash_flow,working_capital_changes,IncreaseDecreaseInOtherOperatingCapitalNet,-42000000.0,USD,2014-01-01,2014-12-31,2015-02-18,10-K,duration
cash_flow,working_capital_changes,IncreaseDecreaseInReceivables,264000000.0,USD,2014-01-01,2014-12-31,2015-02-18,10-K,duration
cash_flow,working_capital_changes,IncreaseDecreaseInBookOverdrafts,-69000000.0,USD,2014-01-01,2014-12-31,2015-08-10,8-K,duration
cash_flow,working_capital_changes,IncreaseDecreaseInDeferredIncomeTaxes,64000000.0,USD,2014-01-01,2014-12-31,2015-08-10,8-K,duration
cash_flow,working_capital_changes,IncreaseDecreaseInDeferredRevenue,155000000.0,USD,2014-01-01,2014-12-31,2015-08-10,8-K,duration
cash_flow,working_capital_changes,IncreaseDecreaseInOtherDeposits,-919000000.0,USD,2014-01-01,2014-12-31,2015-08-10,8-K,duration
cash_flow,working_capital_changes,IncreaseDecreaseInOtherOperatingCapitalNet,-42000000.0,USD,2014-01-01,2014-12-31,2015-08-10,8-K,duration
cash_flow,working_capital_changes,IncreaseDecreaseInReceivables,264000000.0,USD,2014-01-01,2014-12-31,2015-08-10,8-K,duration
cash_flow,working_capital_changes,IncreaseDecreaseInBookOverdrafts,-69000000.0,USD,2014-01-01,2014-12-31,2016-02-18,10-K,duration
cash_flow,working_capital_changes,IncreaseDecreaseInDeferredIncomeTaxes,64000000.0,USD,2014-01-01,2014-12-31,2016-02-18,10-K,duration
cash_flow,working_capital_changes,IncreaseDecreaseInDeferredRevenue,155000000.0,USD,2014-01-01,2014-12-31,2016-02-18,10-K,duration
cash_flow,working_capital_changes,IncreaseDecreaseInOtherDeposits,-919000000.0,USD,2014-01-01,2014-12-31,2016-02-18,10-K,duration
cash_flow,working_capital_changes,IncreaseDecreaseInOtherOperatingCapitalNet,-42000000.0,USD,2014-01-01,2014-12-31,2016-02-18,10-K,duration
cash_flow,working_capital_changes,IncreaseDecreaseInReceivables,264000000.0,USD,2014-01-01,2014-12-31,2016-02-18,10-K,duration
cash_flow,working_capital_changes,IncreaseDecreaseInBookOverdrafts,-69000000.0,USD,2014-01-01,2014-12-31,2017-02-17,10-K,duration
cash_flow,working_capital_changes,IncreaseDecreaseInDeferredIncomeTaxes,64000000.0,USD,2014-01-01,2014-12-31,2017-02-17,10-K,duration
cash_flow,working_capital_changes,IncreaseDecreaseInDeferredRevenue,155000000.0,USD,2014-01-01,2014-12-31,2017-02-17,10-K,duration
cash_flow,working_capital_changes,IncreaseDecreaseInOtherDeposits,-919000000.0,USD,2014-01-01,2014-12-31,2017-02-17,10-K,duration
cash_flow,working_capital_changes,IncreaseDecreaseInOtherOperatingCapitalNet,-42000000.0,USD,2014-01-01,2014-12-31,2017-02-17,10-K,duration
cash_flow,working_capital_changes,IncreaseDecreaseInReceivables,264000000.0,USD,2014-01-01,2014-12-31,2017-02-17,10-K,duration
cash_flow,working_capital_changes,IncreaseDecreaseInBookOverdrafts,-69000000.0,USD,2014-01-01,2014-12-31,2017-12-14,8-K,duration
cash_flow,working_capital_changes,IncreaseDecreaseInDeferredIncomeTaxes,64000000.0,USD,2014-01-01,2014-12-31,2017-12-14,8-K,duration
cash_flow,working_capital_changes,IncreaseDecreaseInDeferredRevenue,155000000.0,USD,2014-01-01,2014-12-31,2017-12-14,8-K,duration
cash_flow,working_capital_changes,IncreaseDecreaseInOtherDeposits,-919000000.0,USD,2014-01-01,2014-12-31,2017-12-14,8-K,duration
cash_flow,working_capital_changes,IncreaseDecreaseInOtherOperatingCapitalNet,-42000000.0,USD,2014-01-01,2014-12-31,2017-12-14,8-K,duration
cash_flow,working_capital_changes,IncreaseDecreaseInReceivables,264000000.0,USD,2014-01-01,2014-12-31,2017-12-14,8-K,duration
cash_flow,working_capital_changes,IncreaseDecreaseInBookOverdrafts,-46000000.0,USD,2015-01-01,2015-03-31,2015-04-29,10-Q,duration
cash_flow,working_capital_changes,IncreaseDecreaseInDeferredIncomeTaxes,58000000.0,USD,2015-01-01,2015-03-31,2015-04-29,10-Q,duration
cash_flow,working_capital_changes,IncreaseDecreaseInDeferredRevenue,17000000.0,USD,2015-01-01,2015-03-31,2015-04-29,10-Q,duration
cash_flow,working_capital_changes,IncreaseDecreaseInOtherDeposits,123000000.0,USD,2015-01-01,2015-03-31,2015-04-29,10-Q,duration
cash_flow,working_capital_changes,IncreaseDecreaseInOtherOperatingCapitalNet,-18000000.0,USD,2015-01-01,2015-03-31,2015-04-29,10-Q,duration
cash_flow,working_capital_changes,IncreaseDecreaseInReceivables,644000000.0,USD,2015-01-01,2015-03-31,2015-04-29,10-Q,duration
cash_flow,working_capital_changes,IncreaseDecreaseInBookOverdrafts,-46000000.0,USD,2015-01-01,2015-03-31,2016-05-04,10-Q,duration
cash_flow,working_capital_changes,IncreaseDecreaseInDeferredIncomeTaxes,58000000.0,USD,2015-01-01,2015-03-31,2016-05-04,10-Q,duration
cash_flow,working_capital_changes,IncreaseDecreaseInDeferredRevenue,17000000.0,USD,2015-01-01,2015-03-31,2016-05-04,10-Q,duration
cash_flow,working_capital_changes,IncreaseDecreaseInOtherDeposits,123000000.0,USD,2015-01-01,2015-03-31,2016-05-04,10-Q,duration
cash_flow,working_capital_changes,IncreaseDecreaseInOtherOperatingCapitalNet,-18000000.0,USD,2015-01-01,2015-03-31,2016-05-04,10-Q,duration
cash_flow,working_capital_changes,IncreaseDecreaseInReceivables,644000000.0,USD,2015-01-01,2015-03-31,2016-05-04,10-Q,duration
cash_flow,working_capital_changes,IncreaseDecreaseInBookOverdrafts,-25000000.0,USD,2015-01-01,2015-06-30,2015-07-29,10-Q,duration
cash_flow,working_capital_changes,IncreaseDecreaseInDeferredIncomeTaxes,28000000.0,USD,2015-01-01,2015-06-30,2015-07-29,10-Q,duration
cash_flow,working_capital_changes,IncreaseDecreaseInDeferredRevenue,-70000000.0,USD,2015-01-01,2015-06-30,2015-07-29,10-Q,duration
cash_flow,working_capital_changes,IncreaseDecreaseInOtherDeposits,-259000000.0,USD,2015-01-01,2015-06-30,2015-07-29,10-Q,duration
cash_flow,working_capital_changes,IncreaseDecreaseInOtherOperatingCapitalNet,-38000000.0,USD,2015-01-01,2015-06-30,2015-07-29,10-Q,duration
cash_flow,working_capital_changes,IncreaseDecreaseInReceivables,1087000000.0,USD,2015-01-01,2015-06-30,2015-07-29,10-Q,duration
cash_flow,working_capital_changes,IncreaseDecreaseInBookOverdrafts,-25000000.0,USD,2015-01-01,2015-06-30,2016-08-03,10-Q,duration
cash_flow,working_capital_changes,IncreaseDecreaseInDeferredIncomeTaxes,28000000.0,USD,2015-01-01,2015-06-30,2016-08-03,10-Q,duration
cash_flow,working_capital_changes,IncreaseDecreaseInDeferredRevenue,-70000000.0,USD,2015-01-01,2015-06-30,2016-08-03,10-Q,duration
cash_flow,working_capital_changes,IncreaseDecreaseInOtherDeposits,-259000000.0,USD,2015-01-01,2015-06-30,2016-08-03,10-Q,duration
cash_flow,working_capital_changes,IncreaseDecreaseInOtherOperatingCapitalNet,-38000000.0,USD,2015-01-01,2015-06-30,2016-08-03,10-Q,duration
cash_flow,working_capital_changes,IncreaseDecreaseInReceivables,1087000000.0,USD,2015-01-01,2015-06-30,2016-08-03,10-Q,duration
cash_flow,working_capital_changes,IncreaseDecreaseInBookOverdrafts,-38000000.0,USD,2015-01-01,2015-09-30,2015-11-06,10-Q,duration
cash_flow,working_capital_changes,IncreaseDecreaseInDeferredIncomeTaxes,-13000000.0,USD,2015-01-01,2015-09-30,2015-11-06,10-Q,duration
cash_flow,working_capital_changes,IncreaseDecreaseInDeferredRevenue,-64000000.0,USD,2015-01-01,2015-09-30,2015-11-06,10-Q,duration
cash_flow,working_capital_changes,IncreaseDecreaseInOtherDeposits,-984000000.0,USD,2015-01-01,2015-09-30,2015-11-06,10-Q,duration
cash_flow,working_capital_changes,IncreaseDecreaseInOtherOperatingCapitalNet,-52000000.0,USD,2015-01-01,2015-09-30,2015-11-06,10-Q,duration
cash_flow,working_capital_changes,IncreaseDecreaseInReceivables,-56000000.0,USD,2015-01-01,2015-09-30,2015-11-06,10-Q,duration
cash_flow,working_capital_changes,IncreaseDecreaseInBookOverdrafts,-38000000.0,USD,2015-01-01,2015-09-30,2016-11-04,10-Q,duration
cash_flow,working_capital_changes,IncreaseDecreaseInDeferredIncomeTaxes,-13000000.0,USD,2015-01-01,2015-09-30,2016-11-04,10-Q,duration
cash_flow,working_capital_changes,IncreaseDecreaseInDeferredRevenue,-64000000.0,USD,2015-01-01,2015-09-30,2016-11-04,10-Q,duration
cash_flow,working_capital_changes,IncreaseDecreaseInOtherDeposits,-984000000.0,USD,2015-01-01,2015-09-30,2016-11-04,10-Q,duration
cash_flow,working_capital_changes,IncreaseDecreaseInOtherOperatingCapitalNet,-52000000.0,USD,2015-01-01,2015-09-30,2016-11-04,10-Q,duration
cash_flow,working_capital_changes,IncreaseDecreaseInReceivables,-56000000.0,USD,2015-01-01,2015-09-30,2016-11-04,10-Q,duration
cash_flow,working_capital_changes,IncreaseDecreaseInBookOverdrafts,-33000000.0,USD,2015-01-01,2015-12-31,2016-02-18,10-K,duration
cash_flow,working_capital_changes,IncreaseDecreaseInDeferredIncomeTaxes,2000000.0,USD,2015-01-01,2015-12-31,2016-02-18,10-K,duration
cash_flow,working_capital_changes,IncreaseDecreaseInDeferredRevenue,3000000.0,USD,2015-01-01,2015-12-31,2016-02-18,10-K,duration
cash_flow,working_capital_changes,IncreaseDecreaseInOtherDeposits,-296000000.0,USD,2015-01-01,2015-12-31,2016-02-18,10-K,duration
cash_flow,working_capital_changes,IncreaseDecreaseInOtherOperatingCapitalNet,-70000000.0,USD,2015-01-01,2015-12-31,2016-02-18,10-K,duration
cash_flow,working_capital_changes,IncreaseDecreaseInReceivables,180000000.0,USD,2015-01-01,2015-12-31,2016-02-18,10-K,duration
cash_flow,working_capital_changes,IncreaseDecreaseInBookOverdrafts,-33000000.0,USD,2015-01-01,2015-12-31,2017-02-17,10-K,duration
cash_flow,working_capital_changes,IncreaseDecreaseInDeferredIncomeTaxes,2000000.0,USD,2015-01-01,2015-12-31,2017-02-17,10-K,duration
cash_flow,working_capital_changes,IncreaseDecreaseInDeferredRevenue,3000000.0,USD,2015-01-01,2015-12-31,2017-02-17,10-K,duration
cash_flow,working_capital_changes,IncreaseDecreaseInOtherDeposits,-296000000.0,USD,2015-01-01,2015-12-31,2017-02-17,10-K,duration
cash_flow,working_capital_changes,IncreaseDecreaseInOtherOperatingCapitalNet,-70000000.0,USD,2015-01-01,2015-12-31,2017-02-17,10-K,duration
cash_flow,working_capital_changes,IncreaseDecreaseInReceivables,180000000.0,USD,2015-01-01,2015-12-31,2017-02-17,10-K,duration
cash_flow,working_capital_changes,IncreaseDecreaseInBookOverdrafts,-33000000.0,USD,2015-01-01,2015-12-31,2017-12-14,8-K,duration
cash_flow,working_capital_changes,IncreaseDecreaseInDeferredIncomeTaxes,2000000.0,USD,2015-01-01,2015-12-31,2017-12-14,8-K,duration
cash_flow,working_capital_changes,IncreaseDecreaseInDeferredRevenue,3000000.0,USD,2015-01-01,2015-12-31,2017-12-14,8-K,duration
cash_flow,working_capital_changes,IncreaseDecreaseInOtherDeposits,-296000000.0,USD,2015-01-01,2015-12-31,2017-12-14,8-K,duration
cash_flow,working_capital_changes,IncreaseDecreaseInOtherOperatingCapitalNet,-70000000.0,USD,2015-01-01,2015-12-31,2017-12-14,8-K,duration
cash_flow,working_capital_changes,IncreaseDecreaseInReceivables,180000000.0,USD,2015-01-01,2015-12-31,2017-12-14,8-K,duration
cash_flow,working_capital_changes,IncreaseDecreaseInBookOverdrafts,-33000000.0,USD,2015-01-01,2015-12-31,2018-02-16,10-K,duration
cash_flow,working_capital_changes,IncreaseDecreaseInDeferredIncomeTaxes,2000000.0,USD,2015-01-01,2015-12-31,2018-02-16,10-K,duration
cash_flow,working_capital_changes,IncreaseDecreaseInDeferredRevenue,3000000.0,USD,2015-01-01,2015-12-31,2018-02-16,10-K,duration
cash_flow,working_capital_changes,IncreaseDecreaseInOtherDeposits,-296000000.0,USD,2015-01-01,2015-12-31,2018-02-16,10-K,duration
cash_flow,working_capital_changes,IncreaseDecreaseInOtherOperatingCapitalNet,-70000000.0,USD,2015-01-01,2015-12-31,2018-02-16,10-K,duration
cash_flow,working_capital_changes,IncreaseDecreaseInReceivables,180000000.0,USD,2015-01-01,2015-12-31,2018-02-16,10-K,duration
cash_flow,working_capital_changes,IncreaseDecreaseInBookOverdrafts,-44000000.0,USD,2016-01-01,2016-03-31,2016-05-04,10-Q,duration
cash_flow,working_capital_changes,IncreaseDecreaseInDeferredIncomeTaxes,-15000000.0,USD,2016-01-01,2016-03-31,2016-05-04,10-Q,duration
cash_flow,working_capital_changes,IncreaseDecreaseInDeferredRevenue,-4000000.0,USD,2016-01-01,2016-03-31,2016-05-04,10-Q,duration
cash_flow,working_capital_changes,IncreaseDecreaseInOtherDeposits,318000000.0,USD,2016-01-01,2016-03-31,2016-05-04,10-Q,duration
cash_flow,working_capital_changes,IncreaseDecreaseInOtherOperatingCapitalNet,-32000000.0,USD,2016-01-01,2016-03-31,2016-05-04,10-Q,duration
cash_flow,working_capital_changes,IncreaseDecreaseInReceivables,576000000.0,USD,2016-01-01,2016-03-31,2016-05-04,10-Q,duration
cash_flow,working_capital_changes,IncreaseDecreaseInBookOverdrafts,-44000000.0,USD,2016-01-01,2016-03-31,2017-05-03,10-Q,duration
cash_flow,working_capital_changes,IncreaseDecreaseInDeferredIncomeTaxes,-15000000.0,USD,2016-01-01,2016-03-31,2017-05-03,10-Q,duration
cash_flow,working_capital_changes,IncreaseDecreaseInDeferredRevenue,-4000000.0,USD,2016-01-01,2016-03-31,2017-05-03,10-Q,duration
cash_flow,working_capital_changes,IncreaseDecreaseInOtherDeposits,318000000.0,USD,2016-01-01,2016-03-31,2017-05-03,10-Q,duration
cash_flow,working_capital_changes,IncreaseDecreaseInOtherOperatingCapitalNet,-32000000.0,USD,2016-01-01,2016-03-31,2017-05-03,10-Q,duration
cash_flow,working_capital_changes,IncreaseDecreaseInReceivables,576000000.0,USD,2016-01-01,2016-03-31,2017-05-03,10-Q,duration
cash_flow,working_capital_changes,IncreaseDecreaseInBookOverdrafts,-109000000.0,USD,2016-01-01,2016-06-30,2016-08-03,10-Q,duration
cash_flow,working_capital_changes,IncreaseDecreaseInDeferredIncomeTaxes,24000000.0,USD,2016-01-01,2016-06-30,2016-08-03,10-Q,duration
cash_flow,working_capital_changes,IncreaseDecreaseInDeferredRevenue,-53000000.0,USD,2016-01-01,2016-06-30,2016-08-03,10-Q,duration
cash_flow,working_capital_changes,IncreaseDecreaseInOtherDeposits,221000000.0,USD,2016-01-01,2016-06-30,2016-08-03,10-Q,duration
cash_flow,working_capital_changes,IncreaseDecreaseInOtherOperatingCapitalNet,-68000000.0,USD,2016-01-01,2016-06-30,2016-08-03,10-Q,duration
cash_flow,working_capital_changes,IncreaseDecreaseInReceivables,1392000000.0,USD,2016-01-01,2016-06-30,2016-08-03,10-Q,duration
cash_flow,working_capital_changes,IncreaseDecreaseInBookOverdrafts,-109000000.0,USD,2016-01-01,2016-06-30,2017-08-02,10-Q,duration
cash_flow,working_capital_changes,IncreaseDecreaseInDeferredIncomeTaxes,24000000.0,USD,2016-01-01,2016-06-30,2017-08-02,10-Q,duration
cash_flow,working_capital_changes,IncreaseDecreaseInDeferredRevenue,-53000000.0,USD,2016-01-01,2016-06-30,2017-08-02,10-Q,duration
cash_flow,working_capital_changes,IncreaseDecreaseInOtherDeposits,221000000.0,USD,2016-01-01,2016-06-30,2017-08-02,10-Q,duration
cash_flow,working_capital_changes,IncreaseDecreaseInOtherOperatingCapitalNet,-68000000.0,USD,2016-01-01,2016-06-30,2017-08-02,10-Q,duration
cash_flow,working_capital_changes,IncreaseDecreaseInReceivables,1392000000.0,USD,2016-01-01,2016-06-30,2017-08-02,10-Q,duration
cash_flow,working_capital_changes,IncreaseDecreaseInBookOverdrafts,-118000000.0,USD,2016-01-01,2016-09-30,2016-11-04,10-Q,duration
cash_flow,working_capital_changes,IncreaseDecreaseInDeferredIncomeTaxes,-54000000.0,USD,2016-01-01,2016-09-30,2016-11-04,10-Q,duration
cash_flow,working_capital_changes,IncreaseDecreaseInDeferredRevenue,2987000000.0,USD,2016-01-01,2016-09-30,2016-11-04,10-Q,duration
cash_flow,working_capital_changes,IncreaseDecreaseInOtherDeposits,350000000.0,USD,2016-01-01,2016-09-30,2016-11-04,10-Q,duration
cash_flow,working_capital_changes,IncreaseDecreaseInOtherOperatingCapitalNet,-117000000.0,USD,2016-01-01,2016-09-30,2016-11-04,10-Q,duration
cash_flow,working_capital_changes,IncreaseDecreaseInReceivables,-396000000.0,USD,2016-01-01,2016-09-30,2016-11-04,10-Q,duration
cash_flow,working_capital_changes,IncreaseDecreaseInBookOverdrafts,-118000000.0,USD,2016-01-01,2016-09-30,2017-11-08,10-Q,duration
cash_flow,working_capital_changes,IncreaseDecreaseInDeferredIncomeTaxes,-54000000.0,USD,2016-01-01,2016-09-30,2017-11-08,10-Q,duration
cash_flow,working_capital_changes,IncreaseDecreaseInDeferredRevenue,2987000000.0,USD,2016-01-01,2016-09-30,2017-11-08,10-Q,duration
cash_flow,working_capital_changes,IncreaseDecreaseInOtherDeposits,350000000.0,USD,2016-01-01,2016-09-30,2017-11-08,10-Q,duration
cash_flow,working_capital_changes,IncreaseDecreaseInOtherOperatingCapitalNet,-117000000.0,USD,2016-01-01,2016-09-30,2017-11-08,10-Q,duration
cash_flow,working_capital_changes,IncreaseDecreaseInReceivables,-396000000.0,USD,2016-01-01,2016-09-30,2017-11-08,10-Q,duration
cash_flow,working_capital_changes,IncreaseDecreaseInBookOverdrafts,-89000000.0,USD,2016-01-01,2016-12-31,2017-02-17,10-K,duration
cash_flow,working_capital_changes,IncreaseDecreaseInDeferredIncomeTaxes,71000000.0,USD,2016-01-01,2016-12-31,2017-02-17,10-K,duration
cash_flow,working_capital_changes,IncreaseDecreaseInDeferredRevenue,-84000000.0,USD,2016-01-01,2016-12-31,2017-02-17,10-K,duration
cash_flow,working_capital_changes,IncreaseDecreaseInOtherDeposits,1093000000.0,USD,2016-01-01,2016-12-31,2017-02-17,10-K,duration
cash_flow,working_capital_changes,IncreaseDecreaseInOtherOperatingCapitalNet,-162000000.0,USD,2016-01-01,2016-12-31,2017-02-17,10-K,duration
cash_flow,working_capital_changes,IncreaseDecreaseInReceivables,158000000.0,USD,2016-01-01,2016-12-31,2017-02-17,10-K,duration
cash_flow,working_capital_changes,IncreaseDecreaseInBookOverdrafts,-89000000.0,USD,2016-01-01,2016-12-31,2017-12-14,8-K,duration
cash_flow,working_capital_changes,IncreaseDecreaseInDeferredIncomeTaxes,71000000.0,USD,2016-01-01,2016-12-31,2017-12-14,8-K,duration
cash_flow,working_capital_changes,IncreaseDecreaseInDeferredRevenue,-84000000.0,USD,2016-01-01,2016-12-31,2017-12-14,8-K,duration
cash_flow,working_capital_changes,IncreaseDecreaseInOtherDeposits,1093000000.0,USD,2016-01-01,2016-12-31,2017-12-14,8-K,duration
cash_flow,working_capital_changes,IncreaseDecreaseInOtherOperatingCapitalNet,-162000000.0,USD,2016-01-01,2016-12-31,2017-12-14,8-K,duration
cash_flow,working_capital_changes,IncreaseDecreaseInReceivables,158000000.0,USD,2016-01-01,2016-12-31,2017-12-14,8-K,duration
cash_flow,working_capital_changes,IncreaseDecreaseInBookOverdrafts,-89000000.0,USD,2016-01-01,2016-12-31,2018-02-16,10-K,duration
cash_flow,working_capital_changes,IncreaseDecreaseInDeferredIncomeTaxes,71000000.0,USD,2016-01-01,2016-12-31,2018-02-16,10-K,duration
cash_flow,working_capital_changes,IncreaseDecreaseInDeferredRevenue,-84000000.0,USD,2016-01-01,2016-12-31,2018-02-16,10-K,duration
cash_flow,working_capital_changes,IncreaseDecreaseInOtherDeposits,1093000000.0,USD,2016-01-01,2016-12-31,2018-02-16,10-K,duration
cash_flow,working_capital_changes,IncreaseDecreaseInOtherOperatingCapitalNet,-162000000.0,USD,2016-01-01,2016-12-31,2018-02-16,10-K,duration
cash_flow,working_capital_changes,IncreaseDecreaseInReceivables,158000000.0,USD,2016-01-01,2016-12-31,2018-02-16,10-K,duration
cash_flow,working_capital_changes,IncreaseDecreaseInBookOverdrafts,-89000000.0,USD,2016-01-01,2016-12-31,2019-02-21,10-K,duration
cash_flow,working_capital_changes,IncreaseDecreaseInDeferredIncomeTaxes,71000000.0,USD,2016-01-01,2016-12-31,2019-02-21,10-K,duration
cash_flow,working_capital_changes,IncreaseDecreaseInOtherDeposits,1093000000.0,USD,2016-01-01,2016-12-31,2019-02-21,10-K,duration
cash_flow,working_capital_changes,IncreaseDecreaseInOtherOperatingCapitalNet,-162000000.0,USD,2016-01-01,2016-12-31,2019-02-21,10-K,duration
cash_flow,working_capital_changes,IncreaseDecreaseInReceivables,158000000.0,USD,2016-01-01,2016-12-31,2019-02-21,10-K,duration
cash_flow,working_capital_changes,IncreaseDecreaseInBookOverdrafts,-34000000.0,USD,2017-01-01,2017-03-31,2017-05-03,10-Q,duration
cash_flow,working_capital_changes,IncreaseDecreaseInDeferredIncomeTaxes,-29000000.0,USD,2017-01-01,2017-03-31,2017-05-03,10-Q,duration
cash_flow,working_capital_changes,IncreaseDecreaseInDeferredRevenue,3140000000.0,USD,2017-01-01,2017-03-31,2017-05-03,10-Q,duration
cash_flow,working_capital_changes,IncreaseDecreaseInOtherDeposits,1730000000.0,USD,2017-01-01,2017-03-31,2017-05-03,10-Q,duration
cash_flow,working_capital_changes,IncreaseDecreaseInOtherOperatingCapitalNet,-36000000.0,USD,2017-01-01,2017-03-31,2017-05-03,10-Q,duration
cash_flow,working_capital_changes,IncreaseDecreaseInReceivables,558000000.0,USD,2017-01-01,2017-03-31,2017-05-03,10-Q,duration
cash_flow,working_capital_changes,IncreaseDecreaseInBookOverdrafts,-34000000.0,USD,2017-01-01,2017-03-31,2018-05-02,10-Q,duration
cash_flow,working_capital_changes,IncreaseDecreaseInDeferredIncomeTaxes,-29000000.0,USD,2017-01-01,2017-03-31,2018-05-02,10-Q,duration
cash_flow,working_capital_changes,IncreaseDecreaseInDeferredRevenue,3140000000.0,USD,2017-01-01,2017-03-31,2018-05-02,10-Q,duration
cash_flow,working_capital_changes,IncreaseDecreaseInOtherDeposits,1730000000.0,USD,2017-01-01,2017-03-31,2018-05-02,10-Q,duration
cash_flow,working_capital_changes,IncreaseDecreaseInOtherOperatingCapitalNet,-36000000.0,USD,2017-01-01,2017-03-31,2018-05-02,10-Q,duration
cash_flow,working_capital_changes,IncreaseDecreaseInReceivables,558000000.0,USD,2017-01-01,2017-03-31,2018-05-02,10-Q,duration
cash_flow,working_capital_changes,IncreaseDecreaseInBookOverdrafts,-95000000.0,USD,2017-01-01,2017-06-30,2017-08-02,10-Q,duration
cash_flow,working_capital_changes,IncreaseDecreaseInDeferredIncomeTaxes,-2000000.0,USD,2017-01-01,2017-06-30,2017-08-02,10-Q,duration
cash_flow,working_capital_changes,IncreaseDecreaseInDeferredRevenue,3076000000.0,USD,2017-01-01,2017-06-30,2017-08-02,10-Q,duration
cash_flow,working_capital_changes,IncreaseDecreaseInOtherDeposits,2081000000.0,USD,2017-01-01,2017-06-30,2017-08-02,10-Q,duration
cash_flow,working_capital_changes,IncreaseDecreaseInOtherOperatingCapitalNet,-67000000.0,USD,2017-01-01,2017-06-30,2017-08-02,10-Q,duration
cash_flow,working_capital_changes,IncreaseDecreaseInReceivables,1150000000.0,USD,2017-01-01,2017-06-30,2017-08-02,10-Q,duration
cash_flow,working_capital_changes,IncreaseDecreaseInBookOverdrafts,-95000000.0,USD,2017-01-01,2017-06-30,2018-08-01,10-Q,duration
cash_flow,working_capital_changes,IncreaseDecreaseInDeferredIncomeTaxes,-2000000.0,USD,2017-01-01,2017-06-30,2018-08-01,10-Q,duration
cash_flow,working_capital_changes,IncreaseDecreaseInOtherDeposits,2081000000.0,USD,2017-01-01,2017-06-30,2018-08-01,10-Q,duration
cash_flow,working_capital_changes,IncreaseDecreaseInOtherOperatingCapitalNet,-67000000.0,USD,2017-01-01,2017-06-30,2018-08-01,10-Q,duration
cash_flow,working_capital_changes,IncreaseDecreaseInReceivables,1150000000.0,USD,2017-01-01,2017-06-30,2018-08-01,10-Q,duration
cash_flow,working_capital_changes,IncreaseDecreaseInBookOverdrafts,-41000000.0,USD,2017-01-01,2017-09-30,2017-11-08,10-Q,duration
cash_flow,working_capital_changes,IncreaseDecreaseInDeferredIncomeTaxes,54000000.0,USD,2017-01-01,2017-09-30,2017-11-08,10-Q,duration
cash_flow,working_capital_changes,IncreaseDecreaseInDeferredRevenue,3167000000.0,USD,2017-01-01,2017-09-30,2017-11-08,10-Q,duration
cash_flow,working_capital_changes,IncreaseDecreaseInOtherDeposits,1931000000.0,USD,2017-01-01,2017-09-30,2017-11-08,10-Q,duration
cash_flow,working_capital_changes,IncreaseDecreaseInOtherOperatingCapitalNet,-114000000.0,USD,2017-01-01,2017-09-30,2017-11-08,10-Q,duration
cash_flow,working_capital_changes,IncreaseDecreaseInReceivables,-358000000.0,USD,2017-01-01,2017-09-30,2017-11-08,10-Q,duration
cash_flow,working_capital_changes,IncreaseDecreaseInBookOverdrafts,-41000000.0,USD,2017-01-01,2017-09-30,2018-11-07,10-Q,duration
cash_flow,working_capital_changes,IncreaseDecreaseInDeferredIncomeTaxes,54000000.0,USD,2017-01-01,2017-09-30,2018-11-07,10-Q,duration
cash_flow,working_capital_changes,IncreaseDecreaseInOtherDeposits,1931000000.0,USD,2017-01-01,2017-09-30,2018-11-07,10-Q,duration
cash_flow,working_capital_changes,IncreaseDecreaseInOtherOperatingCapitalNet,-114000000.0,USD,2017-01-01,2017-09-30,2018-11-07,10-Q,duration
cash_flow,working_capital_changes,IncreaseDecreaseInReceivables,-358000000.0,USD,2017-01-01,2017-09-30,2018-11-07,10-Q,duration
cash_flow,working_capital_changes,IncreaseDecreaseInBookOverdrafts,-71000000.0,USD,2017-01-01,2017-12-31,2018-02-16,10-K,duration
cash_flow,working_capital_changes,IncreaseDecreaseInDeferredIncomeTaxes,-132000000.0,USD,2017-01-01,2017-12-31,2018-02-16,10-K,duration
cash_flow,working_capital_changes,IncreaseDecreaseInDeferredRevenue,98000000.0,USD,2017-01-01,2017-12-31,2018-02-16,10-K,duration
cash_flow,working_capital_changes,IncreaseDecreaseInOtherDeposits,1823000000.0,USD,2017-01-01,2017-12-31,2018-02-16,10-K,duration
cash_flow,working_capital_changes,IncreaseDecreaseInOtherOperatingCapitalNet,-155000000.0,USD,2017-01-01,2017-12-31,2018-02-16,10-K,duration
cash_flow,working_capital_changes,IncreaseDecreaseInReceivables,-406000000.0,USD,2017-01-01,2017-12-31,2018-02-16,10-K,duration
cash_flow,working_capital_changes,IncreaseDecreaseInBookOverdrafts,-71000000.0,USD,2017-01-01,2017-12-31,2019-02-21,10-K,duration
cash_flow,working_capital_changes,IncreaseDecreaseInDeferredIncomeTaxes,-132000000.0,USD,2017-01-01,2017-12-31,2019-02-21,10-K,duration
cash_flow,working_capital_changes,IncreaseDecreaseInOtherDeposits,1823000000.0,USD,2017-01-01,2017-12-31,2019-02-21,10-K,duration
cash_flow,working_capital_changes,IncreaseDecreaseInOtherOperatingCapitalNet,-155000000.0,USD,2017-01-01,2017-12-31,2019-02-21,10-K,duration
cash_flow,working_capital_changes,IncreaseDecreaseInReceivables,-406000000.0,USD,2017-01-01,2017-12-31,2019-02-21,10-K,duration
cash_flow,working_capital_changes,IncreaseDecreaseInBookOverdrafts,-71000000.0,USD,2017-01-01,2017-12-31,2020-02-20,10-K,duration
cash_flow,working_capital_changes,IncreaseDecreaseInDeferredIncomeTaxes,-132000000.0,USD,2017-01-01,2017-12-31,2020-02-20,10-K,duration
cash_flow,working_capital_changes,IncreaseDecreaseInOtherDeposits,1823000000.0,USD,2017-01-01,2017-12-31,2020-02-20,10-K,duration
cash_flow,working_capital_changes,IncreaseDecreaseInReceivables,-426000000.0,USD,2017-01-01,2017-12-31,2020-02-20,10-K,duration
cash_flow,working_capital_changes,IncreaseDecreaseInBookOverdrafts,-17000000.0,USD,2018-01-01,2018-03-31,2018-05-02,10-Q,duration
cash_flow,working_capital_changes,IncreaseDecreaseInDeferredIncomeTaxes,-83000000.0,USD,2018-01-01,2018-03-31,2018-05-02,10-Q,duration
cash_flow,working_capital_changes,IncreaseDecreaseInDeferredRevenue,3328000000.0,USD,2018-01-01,2018-03-31,2018-05-02,10-Q,duration
cash_flow,working_capital_changes,IncreaseDecreaseInOtherDeposits,1401000000.0,USD,2018-01-01,2018-03-31,2018-05-02,10-Q,duration
cash_flow,working_capital_changes,IncreaseDecreaseInOtherOperatingCapitalNet,-47000000.0,USD,2018-01-01,2018-03-31,2018-05-02,10-Q,duration
cash_flow,working_capital_changes,IncreaseDecreaseInReceivables,422000000.0,USD,2018-01-01,2018-03-31,2018-05-02,10-Q,duration
cash_flow,working_capital_changes,IncreaseDecreaseInBookOverdrafts,-17000000.0,USD,2018-01-01,2018-03-31,2019-05-01,10-Q,duration
cash_flow,working_capital_changes,IncreaseDecreaseInDeferredIncomeTaxes,-83000000.0,USD,2018-01-01,2018-03-31,2019-05-01,10-Q,duration
cash_flow,working_capital_changes,IncreaseDecreaseInOtherDeposits,1401000000.0,USD,2018-01-01,2018-03-31,2019-05-01,10-Q,duration
cash_flow,working_capital_changes,IncreaseDecreaseInOtherOperatingCapitalNet,-47000000.0,USD,2018-01-01,2018-03-31,2019-05-01,10-Q,duration
cash_flow,working_capital_changes,IncreaseDecreaseInReceivables,422000000.0,USD,2018-01-01,2018-03-31,2019-05-01,10-Q,duration
cash_flow,working_capital_changes,IncreaseDecreaseInBookOverdrafts,-67000000.0,USD,2018-01-01,2018-06-30,2018-08-01,10-Q,duration
cash_flow,working_capital_changes,IncreaseDecreaseInDeferredIncomeTaxes,304000000.0,USD,2018-01-01,2018-06-30,2018-08-01,10-Q,duration
cash_flow,working_capital_changes,IncreaseDecreaseInOtherDeposits,1515000000.0,USD,2018-01-01,2018-06-30,2018-08-01,10-Q,duration
cash_flow,working_capital_changes,IncreaseDecreaseInOtherOperatingCapitalNet,-70000000.0,USD,2018-01-01,2018-06-30,2018-08-01,10-Q,duration
cash_flow,working_capital_changes,IncreaseDecreaseInReceivables,619000000.0,USD,2018-01-01,2018-06-30,2018-08-01,10-Q,duration
cash_flow,working_capital_changes,IncreaseDecreaseInBookOverdrafts,-67000000.0,USD,2018-01-01,2018-06-30,2019-07-31,10-Q,duration
cash_flow,working_capital_changes,IncreaseDecreaseInDeferredIncomeTaxes,304000000.0,USD,2018-01-01,2018-06-30,2019-07-31,10-Q,duration
cash_flow,working_capital_changes,IncreaseDecreaseInOtherDeposits,1515000000.0,USD,2018-01-01,2018-06-30,2019-07-31,10-Q,duration
cash_flow,working_capital_changes,IncreaseDecreaseInOtherOperatingCapitalNet,-70000000.0,USD,2018-01-01,2018-06-30,2019-07-31,10-Q,duration
cash_flow,working_capital_changes,IncreaseDecreaseInReceivables,619000000.0,USD,2018-01-01,2018-06-30,2019-07-31,10-Q,duration
cash_flow,working_capital_changes,IncreaseDecreaseInBookOverdrafts,58000000.0,USD,2018-01-01,2018-09-30,2018-11-07,10-Q,duration
cash_flow,working_capital_changes,IncreaseDecreaseInDeferredIncomeTaxes,-165000000.0,USD,2018-01-01,2018-09-30,2018-11-07,10-Q,duration
cash_flow,working_capital_changes,IncreaseDecreaseInOtherDeposits,378000000.0,USD,2018-01-01,2018-09-30,2018-11-07,10-Q,duration
cash_flow,working_capital_changes,IncreaseDecreaseInOtherOperatingCapitalNet,-97000000.0,USD,2018-01-01,2018-09-30,2018-11-07,10-Q,duration
cash_flow,working_capital_changes,IncreaseDecreaseInReceivables,211000000.0,USD,2018-01-01,2018-09-30,2018-11-07,10-Q,duration
cash_flow,working_capital_changes,IncreaseDecreaseInBookOverdrafts,58000000.0,USD,2018-01-01,2018-09-30,2019-11-06,10-Q,duration
cash_flow,working_capital_changes,IncreaseDecreaseInDeferredIncomeTaxes,-165000000.0,USD,2018-01-01,2018-09-30,2019-11-06,10-Q,duration
cash_flow,working_capital_changes,IncreaseDecreaseInOtherDeposits,378000000.0,USD,2018-01-01,2018-09-30,2019-11-06,10-Q,duration
cash_flow,working_capital_changes,IncreaseDecreaseInOtherOperatingCapitalNet,-97000000.0,USD,2018-01-01,2018-09-30,2019-11-06,10-Q,duration
cash_flow,working_capital_changes,IncreaseDecreaseInReceivables,211000000.0,USD,2018-01-01,2018-09-30,2019-11-06,10-Q,duration
cash_flow,working_capital_changes,IncreaseDecreaseInBookOverdrafts,30000000.0,USD,2018-01-01,2018-12-31,2019-02-21,10-K,duration
cash_flow,working_capital_changes,IncreaseDecreaseInDeferredIncomeTaxes,-194000000.0,USD,2018-01-01,2018-12-31,2019-02-21,10-K,duration
cash_flow,working_capital_changes,IncreaseDecreaseInOtherDeposits,-640000000.0,USD,2018-01-01,2018-12-31,2019-02-21,10-K,duration
cash_flow,working_capital_changes,IncreaseDecreaseInOtherOperatingCapitalNet,-107000000.0,USD,2018-01-01,2018-12-31,2019-02-21,10-K,duration
cash_flow,working_capital_changes,IncreaseDecreaseInReceivables,200000000.0,USD,2018-01-01,2018-12-31,2019-02-21,10-K,duration
cash_flow,working_capital_changes,IncreaseDecreaseInBookOverdrafts,30000000.0,USD,2018-01-01,2018-12-31,2020-02-20,10-K,duration
cash_flow,working_capital_changes,IncreaseDecreaseInDeferredIncomeTaxes,-194000000.0,USD,2018-01-01,2018-12-31,2020-02-20,10-K,duration
cash_flow,working_capital_changes,IncreaseDecreaseInOtherDeposits,-640000000.0,USD,2018-01-01,2018-12-31,2020-02-20,10-K,duration
cash_flow,working_capital_changes,IncreaseDecreaseInReceivables,164000000.0,USD,2018-01-01,2018-12-31,2020-02-20,10-K,duration
cash_flow,working_capital_changes,IncreaseDecreaseInBookOverdrafts,30000000.0,USD,2018-01-01,2018-12-31,2021-02-18,10-K,duration
cash_flow,working_capital_changes,IncreaseDecreaseInReceivables,164000000.0,USD,2018-01-01,2018-12-31,2021-02-18,10-K,duration
cash_flow,working_capital_changes,IncreaseDecreaseInBookOverdrafts,-17000000.0,USD,2019-01-01,2019-03-31,2019-05-01,10-Q,duration
cash_flow,working_capital_changes,IncreaseDecreaseInDeferredIncomeTaxes,21000000.0,USD,2019-01-01,2019-03-31,2019-05-01,10-Q,duration
cash_flow,working_capital_changes,IncreaseDecreaseInOtherDeposits,554000000.0,USD,2019-01-01,2019-03-31,2019-05-01,10-Q,duration
cash_flow,working_capital_changes,IncreaseDecreaseInOtherOperatingCapitalNet,-18000000.0,USD,2019-01-01,2019-03-31,2019-05-01,10-Q,duration
cash_flow,working_capital_changes,IncreaseDecreaseInReceivables,940000000.0,USD,2019-01-01,2019-03-31,2019-05-01,10-Q,duration
cash_flow,working_capital_changes,IncreaseDecreaseInBookOverdrafts,-17000000.0,USD,2019-01-01,2019-03-31,2020-04-29,10-Q,duration
cash_flow,working_capital_changes,IncreaseDecreaseInDeferredIncomeTaxes,21000000.0,USD,2019-01-01,2019-03-31,2020-04-29,10-Q,duration
cash_flow,working_capital_changes,IncreaseDecreaseInOtherDeposits,554000000.0,USD,2019-01-01,2019-03-31,2020-04-29,10-Q,duration
cash_flow,working_capital_changes,IncreaseDecreaseInReceivables,940000000.0,USD,2019-01-01,2019-03-31,2020-04-29,10-Q,duration
cash_flow,working_capital_changes,IncreaseDecreaseInBookOverdrafts,33000000.0,USD,2019-01-01,2019-06-30,2019-07-31,10-Q,duration
cash_flow,working_capital_changes,IncreaseDecreaseInDeferredIncomeTaxes,21000000.0,USD,2019-01-01,2019-06-30,2019-07-31,10-Q,duration
cash_flow,working_capital_changes,IncreaseDecreaseInOtherDeposits,473000000.0,USD,2019-01-01,2019-06-30,2019-07-31,10-Q,duration
cash_flow,working_capital_changes,IncreaseDecreaseInOtherOperatingCapitalNet,-45000000.0,USD,2019-01-01,2019-06-30,2019-07-31,10-Q,duration
cash_flow,working_capital_changes,IncreaseDecreaseInReceivables,-123000000.0,USD,2019-01-01,2019-06-30,2019-07-31,10-Q,duration
cash_flow,working_capital_changes,IncreaseDecreaseInBookOverdrafts,33000000.0,USD,2019-01-01,2019-06-30,2020-08-05,10-Q,duration
cash_flow,working_capital_changes,IncreaseDecreaseInDeferredIncomeTaxes,21000000.0,USD,2019-01-01,2019-06-30,2020-08-05,10-Q,duration
cash_flow,working_capital_changes,IncreaseDecreaseInOtherDeposits,473000000.0,USD,2019-01-01,2019-06-30,2020-08-05,10-Q,duration
cash_flow,working_capital_changes,IncreaseDecreaseInReceivables,-123000000.0,USD,2019-01-01,2019-06-30,2020-08-05,10-Q,duration
cash_flow,working_capital_changes,IncreaseDecreaseInBookOverdrafts,102000000.0,USD,2019-01-01,2019-09-30,2019-11-06,10-Q,duration
cash_flow,working_capital_changes,IncreaseDecreaseInDeferredIncomeTaxes,21000000.0,USD,2019-01-01,2019-09-30,2019-11-06,10-Q,duration
cash_flow,working_capital_changes,IncreaseDecreaseInOtherDeposits,11000000.0,USD,2019-01-01,2019-09-30,2019-11-06,10-Q,duration
cash_flow,working_capital_changes,IncreaseDecreaseInOtherOperatingCapitalNet,-53000000.0,USD,2019-01-01,2019-09-30,2019-11-06,10-Q,duration
cash_flow,working_capital_changes,IncreaseDecreaseInReceivables,-179000000.0,USD,2019-01-01,2019-09-30,2019-11-06,10-Q,duration
cash_flow,working_capital_changes,IncreaseDecreaseInBookOverdrafts,102000000.0,USD,2019-01-01,2019-09-30,2020-11-03,10-Q,duration
cash_flow,working_capital_changes,IncreaseDecreaseInDeferredIncomeTaxes,21000000.0,USD,2019-01-01,2019-09-30,2020-11-03,10-Q,duration
cash_flow,working_capital_changes,IncreaseDecreaseInReceivables,-179000000.0,USD,2019-01-01,2019-09-30,2020-11-03,10-Q,duration
cash_flow,working_capital_changes,IncreaseDecreaseInBookOverdrafts,54000000.0,USD,2019-01-01,2019-12-31,2020-02-20,10-K,duration
cash_flow,working_capital_changes,IncreaseDecreaseInDeferredIncomeTaxes,-162000000.0,USD,2019-01-01,2019-12-31,2020-02-20,10-K,duration
cash_flow,working_capital_changes,IncreaseDecreaseInOtherDeposits,-623000000.0,USD,2019-01-01,2019-12-31,2020-02-20,10-K,duration
cash_flow,working_capital_changes,IncreaseDecreaseInReceivables,32000000.0,USD,2019-01-01,2019-12-31,2020-02-20,10-K,duration
cash_flow,working_capital_changes,IncreaseDecreaseInBookOverdrafts,54000000.0,USD,2019-01-01,2019-12-31,2021-02-18,10-K,duration
cash_flow,working_capital_changes,IncreaseDecreaseInReceivables,32000000.0,USD,2019-01-01,2019-12-31,2021-02-18,10-K,duration
cash_flow,working_capital_changes,IncreaseDecreaseInBookOverdrafts,54000000.0,USD,2019-01-01,2019-12-31,2022-02-17,10-K,duration
cash_flow,working_capital_changes,IncreaseDecreaseInReceivables,32000000.0,USD,2019-01-01,2019-12-31,2022-02-17,10-K,duration
cash_flow,working_capital_changes,IncreaseDecreaseInBookOverdrafts,-55000000.0,USD,2020-01-01,2020-03-31,2020-04-29,10-Q,duration
cash_flow,working_capital_changes,IncreaseDecreaseInDeferredIncomeTaxes,3000000.0,USD,2020-01-01,2020-03-31,2020-04-29,10-Q,duration
cash_flow,working_capital_changes,IncreaseDecreaseInOtherDeposits,574000000.0,USD,2020-01-01,2020-03-31,2020-04-29,10-Q,duration
cash_flow,working_capital_changes,IncreaseDecreaseInReceivables,953000000.0,USD,2020-01-01,2020-03-31,2020-04-29,10-Q,duration
cash_flow,working_capital_changes,IncreaseDecreaseInBookOverdrafts,-55000000.0,USD,2020-01-01,2020-03-31,2021-04-28,10-Q,duration
cash_flow,working_capital_changes,IncreaseDecreaseInDeferredIncomeTaxes,3000000.0,USD,2020-01-01,2020-03-31,2021-04-28,10-Q,duration
cash_flow,working_capital_changes,IncreaseDecreaseInReceivables,953000000.0,USD,2020-01-01,2020-03-31,2021-04-28,10-Q,duration
cash_flow,working_capital_changes,IncreaseDecreaseInBookOverdrafts,85000000.0,USD,2020-01-01,2020-06-30,2020-08-05,10-Q,duration
cash_flow,working_capital_changes,IncreaseDecreaseInDeferredIncomeTaxes,3000000.0,USD,2020-01-01,2020-06-30,2020-08-05,10-Q,duration
cash_flow,working_capital_changes,IncreaseDecreaseInOtherDeposits,389000000.0,USD,2020-01-01,2020-06-30,2020-08-05,10-Q,duration
cash_flow,working_capital_changes,IncreaseDecreaseInReceivables,1185000000.0,USD,2020-01-01,2020-06-30,2020-08-05,10-Q,duration
cash_flow,working_capital_changes,IncreaseDecreaseInBookOverdrafts,85000000.0,USD,2020-01-01,2020-06-30,2021-07-28,10-Q,duration
cash_flow,working_capital_changes,IncreaseDecreaseInDeferredIncomeTaxes,3000000.0,USD,2020-01-01,2020-06-30,2021-07-28,10-Q,duration
cash_flow,working_capital_changes,IncreaseDecreaseInReceivables,1185000000.0,USD,2020-01-01,2020-06-30,2021-07-28,10-Q,duration
cash_flow,working_capital_changes,IncreaseDecreaseInBookOverdrafts,-11000000.0,USD,2020-01-01,2020-09-30,2020-11-03,10-Q,duration
cash_flow,working_capital_changes,IncreaseDecreaseInDeferredIncomeTaxes,3000000.0,USD,2020-01-01,2020-09-30,2020-11-03,10-Q,duration
cash_flow,working_capital_changes,IncreaseDecreaseInReceivables,82000000.0,USD,2020-01-01,2020-09-30,2020-11-03,10-Q,duration
cash_flow,working_capital_changes,IncreaseDecreaseInBookOverdrafts,-11000000.0,USD,2020-01-01,2020-09-30,2021-11-03,10-Q,duration
cash_flow,working_capital_changes,IncreaseDecreaseInReceivables,82000000.0,USD,2020-01-01,2020-09-30,2021-11-03,10-Q,duration
cash_flow,working_capital_changes,IncreaseDecreaseInBookOverdrafts,95000000.0,USD,2020-01-01,2020-12-31,2021-02-18,10-K,duration
cash_flow,working_capital_changes,IncreaseDecreaseInReceivables,85000000.0,USD,2020-01-01,2020-12-31,2021-02-18,10-K,duration
cash_flow,working_capital_changes,IncreaseDecreaseInBookOverdrafts,95000000.0,USD,2020-01-01,2020-12-31,2022-02-17,10-K,duration
cash_flow,working_capital_changes,IncreaseDecreaseInReceivables,85000000.0,USD,2020-01-01,2020-12-31,2022-02-17,10-K,duration
cash_flow,working_capital_changes,IncreaseDecreaseInBookOverdrafts,95000000.0,USD,2020-01-01,2020-12-31,2023-02-16,10-K,duration
cash_flow,working_capital_changes,IncreaseDecreaseInReceivables,85000000.0,USD,2020-01-01,2020-12-31,2023-02-16,10-K,duration
cash_flow,working_capital_changes,IncreaseDecreaseInBookOverdrafts,23000000.0,USD,2021-01-01,2021-03-31,2021-04-28,10-Q,duration
cash_flow,working_capital_changes,IncreaseDecreaseInDeferredIncomeTaxes,0.0,USD,2021-01-01,2021-03-31,2021-04-28,10-Q,duration
cash_flow,working_capital_changes,IncreaseDecreaseInReceivables,1049000000.0,USD,2021-01-01,2021-03-31,2021-04-28,10-Q,duration
cash_flow,working_capital_changes,IncreaseDecreaseInBookOverdrafts,23000000.0,USD,2021-01-01,2021-03-31,2022-04-27,10-Q,duration
cash_flow,working_capital_changes,IncreaseDecreaseInReceivables,1049000000.0,USD,2021-01-01,2021-03-31,2022-04-27,10-Q,duration
cash_flow,working_capital_changes,IncreaseDecreaseInBookOverdrafts,-84000000.0,USD,2021-01-01,2021-06-30,2021-07-28,10-Q,duration
cash_flow,working_capital_changes,IncreaseDecreaseInDeferredIncomeTaxes,0.0,USD,2021-01-01,2021-06-30,2021-07-28,10-Q,duration
cash_flow,working_capital_changes,IncreaseDecreaseInReceivables,1285000000.0,USD,2021-01-01,2021-06-30,2021-07-28,10-Q,duration
cash_flow,working_capital_changes,IncreaseDecreaseInBookOverdrafts,-84000000.0,USD,2021-01-01,2021-06-30,2022-07-27,10-Q,duration
cash_flow,working_capital_changes,IncreaseDecreaseInReceivables,1285000000.0,USD,2021-01-01,2021-06-30,2022-07-27,10-Q,duration
cash_flow,working_capital_changes,IncreaseDecreaseInBookOverdrafts,-80000000.0,USD,2021-01-01,2021-09-30,2021-11-03,10-Q,duration
cash_flow,working_capital_changes,IncreaseDecreaseInReceivables,294000000.0,USD,2021-01-01,2021-09-30,2021-11-03,10-Q,duration
cash_flow,working_capital_changes,IncreaseDecreaseInBookOverdrafts,-80000000.0,USD,2021-01-01,2021-09-30,2022-11-02,10-Q,duration
cash_flow,working_capital_changes,IncreaseDecreaseInReceivables,294000000.0,USD,2021-01-01,2021-09-30,2022-11-02,10-Q,duration
cash_flow,working_capital_changes,IncreaseDecreaseInBookOverdrafts,6000000.0,USD,2021-01-01,2021-12-31,2022-02-17,10-K,duration
cash_flow,working_capital_changes,IncreaseDecreaseInReceivables,280000000.0,USD,2021-01-01,2021-12-31,2022-02-17,10-K,duration
cash_flow,working_capital_changes,IncreaseDecreaseInBookOverdrafts,6000000.0,USD,2021-01-01,2021-12-31,2023-02-16,10-K,duration
cash_flow,working_capital_changes,IncreaseDecreaseInReceivables,280000000.0,USD,2021-01-01,2021-12-31,2023-02-16,10-K,duration
cash_flow,working_capital_changes,IncreaseDecreaseInBookOverdrafts,6000000.0,USD,2021-01-01,2021-12-31,2024-02-15,10-K,duration
cash_flow,working_capital_changes,IncreaseDecreaseInReceivables,280000000.0,USD,2021-01-01,2021-12-31,2024-02-15,10-K,duration
cash_flow,working_capital_changes,IncreaseDecreaseInBookOverdrafts,-9000000.0,USD,2022-01-01,2022-03-31,2022-04-27,10-Q,duration
cash_flow,working_capital_changes,IncreaseDecreaseInReceivables,1360000000.0,USD,2022-01-01,2022-03-31,2022-04-27,10-Q,duration
cash_flow,working_capital_changes,IncreaseDecreaseInBookOverdrafts,-9000000.0,USD,2022-01-01,2022-03-31,2023-04-26,10-Q,duration
cash_flow,working_capital_changes,IncreaseDecreaseInReceivables,1360000000.0,USD,2022-01-01,2022-03-31,2023-04-26,10-Q,duration
cash_flow,working_capital_changes,IncreaseDecreaseInBookOverdrafts,65000000.0,USD,2022-01-01,2022-06-30,2022-07-27,10-Q,duration
cash_flow,working_capital_changes,IncreaseDecreaseInReceivables,1733000000.0,USD,2022-01-01,2022-06-30,2022-07-27,10-Q,duration
cash_flow,working_capital_changes,IncreaseDecreaseInBookOverdrafts,65000000.0,USD,2022-01-01,2022-06-30,2023-08-02,10-Q,duration
cash_flow,working_capital_changes,IncreaseDecreaseInReceivables,1733000000.0,USD,2022-01-01,2022-06-30,2023-08-02,10-Q,duration
cash_flow,working_capital_changes,IncreaseDecreaseInBookOverdrafts,-89000000.0,USD,2022-01-01,2022-09-30,2022-11-02,10-Q,duration
cash_flow,working_capital_changes,IncreaseDecreaseInReceivables,-11000000.0,USD,2022-01-01,2022-09-30,2022-11-02,10-Q,duration
cash_flow,working_capital_changes,IncreaseDecreaseInBookOverdrafts,-89000000.0,USD,2022-01-01,2022-09-30,2023-11-01,10-Q,duration
cash_flow,working_capital_changes,IncreaseDecreaseInReceivables,-11000000.0,USD,2022-01-01,2022-09-30,2023-11-01,10-Q,duration
cash_flow,working_capital_changes,IncreaseDecreaseInBookOverdrafts,-28000000.0,USD,2022-01-01,2022-12-31,2023-02-16,10-K,duration
cash_flow,working_capital_changes,IncreaseDecreaseInReceivables,54000000.0,USD,2022-01-01,2022-12-31,2023-02-16,10-K,duration
cash_flow,working_capital_changes,IncreaseDecreaseInBookOverdrafts,-28000000.0,USD,2022-01-01,2022-12-31,2024-02-15,10-K,duration
cash_flow,working_capital_changes,IncreaseDecreaseInReceivables,54000000.0,USD,2022-01-01,2022-12-31,2024-02-15,10-K,duration
cash_flow,working_capital_changes,IncreaseDecreaseInBookOverdrafts,-28000000.0,USD,2022-01-01,2022-12-31,2025-02-20,10-K,duration
cash_flow,working_capital_changes,IncreaseDecreaseInReceivables,54000000.0,USD,2022-01-01,2022-12-31,2025-02-20,10-K,duration
cash_flow,working_capital_changes,IncreaseDecreaseInSecuritiesLendingPayable,0.0,USD,2022-01-01,2022-12-31,2025-02-20,10-K,duration
cash_flow,working_capital_changes,IncreaseDecreaseInBookOverdrafts,108000000.0,USD,2023-01-01,2023-03-31,2023-04-26,10-Q,duration
cash_flow,working_capital_changes,IncreaseDecreaseInReceivables,1433000000.0,USD,2023-01-01,2023-03-31,2023-04-26,10-Q,duration
cash_flow,working_capital_changes,IncreaseDecreaseInBookOverdrafts,108000000.0,USD,2023-01-01,2023-03-31,2024-04-24,10-Q,duration
cash_flow,working_capital_changes,IncreaseDecreaseInReceivables,1433000000.0,USD,2023-01-01,2023-03-31,2024-04-24,10-Q,duration
cash_flow,working_capital_changes,IncreaseDecreaseInBookOverdrafts,159000000.0,USD,2023-01-01,2023-06-30,2023-08-02,10-Q,duration
cash_flow,working_capital_changes,IncreaseDecreaseInReceivables,-269000000.0,USD,2023-01-01,2023-06-30,2023-08-02,10-Q,duration
cash_flow,working_capital_changes,IncreaseDecreaseInBookOverdrafts,159000000.0,USD,2023-01-01,2023-06-30,2024-07-31,10-Q,duration
cash_flow,working_capital_changes,IncreaseDecreaseInReceivables,-269000000.0,USD,2023-01-01,2023-06-30,2024-07-31,10-Q,duration
cash_flow,working_capital_changes,IncreaseDecreaseInBookOverdrafts,-52000000.0,USD,2023-01-01,2023-09-30,2023-11-01,10-Q,duration
cash_flow,working_capital_changes,IncreaseDecreaseInReceivables,126000000.0,USD,2023-01-01,2023-09-30,2023-11-01,10-Q,duration
cash_flow,working_capital_changes,IncreaseDecreaseInBookOverdrafts,-52000000.0,USD,2023-01-01,2023-09-30,2024-10-30,10-Q,duration
cash_flow,working_capital_changes,IncreaseDecreaseInReceivables,126000000.0,USD,2023-01-01,2023-09-30,2024-10-30,10-Q,duration
cash_flow,working_capital_changes,IncreaseDecreaseInBookOverdrafts,55000000.0,USD,2023-01-01,2023-12-31,2024-02-15,10-K,duration
cash_flow,working_capital_changes,IncreaseDecreaseInReceivables,337000000.0,USD,2023-01-01,2023-12-31,2024-02-15,10-K,duration
cash_flow,working_capital_changes,IncreaseDecreaseInBookOverdrafts,55000000.0,USD,2023-01-01,2023-12-31,2025-02-20,10-K,duration
cash_flow,working_capital_changes,IncreaseDecreaseInReceivables,337000000.0,USD,2023-01-01,2023-12-31,2025-02-20,10-K,duration
cash_flow,working_capital_changes,IncreaseDecreaseInSecuritiesLendingPayable,0.0,USD,2023-01-01,2023-12-31,2025-02-20,10-K,duration
cash_flow,working_capital_changes,IncreaseDecreaseInBookOverdrafts,55000000.0,USD,2023-01-01,2023-12-31,2026-02-19,10-K,duration
cash_flow,working_capital_changes,IncreaseDecreaseInReceivables,337000000.0,USD,2023-01-01,2023-12-31,2026-02-19,10-K,duration
cash_flow,working_capital_changes,IncreaseDecreaseInSecuritiesLendingPayable,0.0,USD,2023-01-01,2023-12-31,2026-02-19,10-K,duration
cash_flow,working_capital_changes,IncreaseDecreaseInBookOverdrafts,-20000000.0,USD,2024-01-01,2024-03-31,2024-04-24,10-Q,duration
cash_flow,working_capital_changes,IncreaseDecreaseInReceivables,1890000000.0,USD,2024-01-01,2024-03-31,2024-04-24,10-Q,duration
cash_flow,working_capital_changes,IncreaseDecreaseInBookOverdrafts,-20000000.0,USD,2024-01-01,2024-03-31,2025-04-30,10-Q,duration
cash_flow,working_capital_changes,IncreaseDecreaseInReceivables,1890000000.0,USD,2024-01-01,2024-03-31,2025-04-30,10-Q,duration
cash_flow,working_capital_changes,IncreaseDecreaseInSecuritiesLendingPayable,0.0,USD,2024-01-01,2024-03-31,2025-04-30,10-Q,duration
cash_flow,working_capital_changes,IncreaseDecreaseInBookOverdrafts,2000000.0,USD,2024-01-01,2024-06-30,2024-07-31,10-Q,duration
cash_flow,working_capital_changes,IncreaseDecreaseInReceivables,2055000000.0,USD,2024-01-01,2024-06-30,2024-07-31,10-Q,duration
cash_flow,working_capital_changes,IncreaseDecreaseInBookOverdrafts,2000000.0,USD,2024-01-01,2024-06-30,2025-07-30,10-Q,duration
cash_flow,working_capital_changes,IncreaseDecreaseInReceivables,2055000000.0,USD,2024-01-01,2024-06-30,2025-07-30,10-Q,duration
cash_flow,working_capital_changes,IncreaseDecreaseInSecuritiesLendingPayable,79000000.0,USD,2024-01-01,2024-06-30,2025-07-30,10-Q,duration
cash_flow,working_capital_changes,IncreaseDecreaseInBookOverdrafts,3000000.0,USD,2024-01-01,2024-09-30,2024-10-30,10-Q,duration
cash_flow,working_capital_changes,IncreaseDecreaseInReceivables,109000000.0,USD,2024-01-01,2024-09-30,2024-10-30,10-Q,duration
cash_flow,working_capital_changes,IncreaseDecreaseInBookOverdrafts,3000000.0,USD,2024-01-01,2024-09-30,2025-11-05,10-Q,duration
cash_flow,working_capital_changes,IncreaseDecreaseInReceivables,109000000.0,USD,2024-01-01,2024-09-30,2025-11-05,10-Q,duration
cash_flow,working_capital_changes,IncreaseDecreaseInSecuritiesLendingPayable,361000000.0,USD,2024-01-01,2024-09-30,2025-11-05,10-Q,duration
cash_flow,working_capital_changes,IncreaseDecreaseInBookOverdrafts,50000000.0,USD,2024-01-01,2024-12-31,2025-02-20,10-K,duration
cash_flow,working_capital_changes,IncreaseDecreaseInReceivables,669000000.0,USD,2024-01-01,2024-12-31,2025-02-20,10-K,duration
cash_flow,working_capital_changes,IncreaseDecreaseInSecuritiesLendingPayable,418000000.0,USD,2024-01-01,2024-12-31,2025-02-20,10-K,duration
cash_flow,working_capital_changes,IncreaseDecreaseInBookOverdrafts,50000000.0,USD,2024-01-01,2024-12-31,2026-02-19,10-K,duration
cash_flow,working_capital_changes,IncreaseDecreaseInReceivables,669000000.0,USD,2024-01-01,2024-12-31,2026-02-19,10-K,duration
cash_flow,working_capital_changes,IncreaseDecreaseInSecuritiesLendingPayable,418000000.0,USD,2024-01-01,2024-12-31,2026-02-19,10-K,duration
cash_flow,working_capital_changes,IncreaseDecreaseInBookOverdrafts,-33000000.0,USD,2025-01-01,2025-03-31,2025-04-30,10-Q,duration
cash_flow,working_capital_changes,IncreaseDecreaseInReceivables,1755000000.0,USD,2025-01-01,2025-03-31,2025-04-30,10-Q,duration
cash_flow,working_capital_changes,IncreaseDecreaseInSecuritiesLendingPayable,175000000.0,USD,2025-01-01,2025-03-31,2025-04-30,10-Q,duration
cash_flow,working_capital_changes,IncreaseDecreaseInBookOverdrafts,-33000000.0,USD,2025-01-01,2025-03-31,2026-04-29,10-Q,duration
cash_flow,working_capital_changes,IncreaseDecreaseInReceivables,1755000000.0,USD,2025-01-01,2025-03-31,2026-04-29,10-Q,duration
cash_flow,working_capital_changes,IncreaseDecreaseInSecuritiesLendingPayable,175000000.0,USD,2025-01-01,2025-03-31,2026-04-29,10-Q,duration
cash_flow,working_capital_changes,IncreaseDecreaseInBookOverdrafts,-105000000.0,USD,2025-01-01,2025-06-30,2025-07-30,10-Q,duration
cash_flow,working_capital_changes,IncreaseDecreaseInReceivables,1800000000.0,USD,2025-01-01,2025-06-30,2025-07-30,10-Q,duration
cash_flow,working_capital_changes,IncreaseDecreaseInSecuritiesLendingPayable,48000000.0,USD,2025-01-01,2025-06-30,2025-07-30,10-Q,duration
cash_flow,working_capital_changes,IncreaseDecreaseInBookOverdrafts,-95000000.0,USD,2025-01-01,2025-09-30,2025-11-05,10-Q,duration
cash_flow,working_capital_changes,IncreaseDecreaseInReceivables,-16000000.0,USD,2025-01-01,2025-09-30,2025-11-05,10-Q,duration
cash_flow,working_capital_changes,IncreaseDecreaseInSecuritiesLendingPayable,141000000.0,USD,2025-01-01,2025-09-30,2025-11-05,10-Q,duration
cash_flow,working_capital_changes,IncreaseDecreaseInBookOverdrafts,-97000000.0,USD,2025-01-01,2025-12-31,2026-02-19,10-K,duration
cash_flow,working_capital_changes,IncreaseDecreaseInReceivables,570000000.0,USD,2025-01-01,2025-12-31,2026-02-19,10-K,duration
cash_flow,working_capital_changes,IncreaseDecreaseInSecuritiesLendingPayable,220000000.0,USD,2025-01-01,2025-12-31,2026-02-19,10-K,duration
cash_flow,working_capital_changes,IncreaseDecreaseInBookOverdrafts,-9000000.0,USD,2026-01-01,2026-03-31,2026-04-29,10-Q,duration
cash_flow,working_capital_changes,IncreaseDecreaseInReceivables,1914000000.0,USD,2026-01-01,2026-03-31,2026-04-29,10-Q,duration
cash_flow,working_capital_changes,IncreaseDecreaseInSecuritiesLendingPayable,-55000000.0,USD,2026-01-01,2026-03-31,2026-04-29,10-Q,duration
